f0,sigma,gain
10.40346862834872,1.1522894015252214,5.590238164621092e-11
23.480232189607207,1.1563704033582178,-1.0317204142610307e-11
28.307642515744785,1.158673000619189,-2.7239736646229697e-11
41.3842808443213,1.167066716074275,5.027297371065292e-12
45.274635012708835,1.1701718338096407,1.0962666858039255e-11
58.147686423367894,1.1824341204960547,7.664356770728441e-13
63.17864770817621,1.188056002562514,-5.341813201589476e-12
71.22430109147318,1.1980156919879568,-1.4145142027119421e-13
75.78674041289521,1.2041933339741346,-2.4329449218075845e-11
93.01865304063703,1.2309847385375559,1.5030080839788984e-13
93.69074206045049,1.2321405011785502,1.1855084629284856e-11
99.92369412914871,1.2432554432361989,-4.8758632098954777e-11
113.00030288773847,1.2689000131796433,8.998767141719767e-12
115.01656972188631,1.273134401384201,-3.676888653665988e-11
123.53074000551128,1.2918409012394962,-3.3356241757570613e-13
132.92056737801235,1.3140197094548853,1.7916481784067166e-11
134.79464934283186,1.3186407238151465,-9.56173829159466e-12
153.6356870543853,1.3686927237521536,-1.8275296340811466e-11
162.7605617792351,1.3952836776262796,-5.041096072287329e-13
162.9641301798765,1.3958943900101988,-1.3191855971734093e-11
165.3067325064738,1.4029772162373528,2.122034389970714e-11
166.71229389896493,1.4072754345618668,3.3728404774559145e-12
180.8681261699093,1.4525929813618785,6.428031543177405e-12
188.50663817467904,1.4785797133078182,-3.5838467278294905e-12
204.53655194250553,1.5366089879787634,3.207007546988144e-11
210.7081188086003,1.560212421668265,-1.808631046519667e-13
219.0187194753194,1.5931052010846518,7.953617393431822e-12
219.28367152758238,1.594174789788603,-2.0787765768070126e-12
219.62942464671445,1.5955725102603449,-4.676446387563619e-11
232.36027762168342,1.6485707838793113,3.8365338306765025e-13
237.53341985572268,1.6709595273077462,2.278703786249786e-11
252.48410758374467,1.7384353930097376,1.1506006788473625e-11
254.1546209383882,1.746230534760255,-4.0765464865717425e-13
258.24853753197067,1.765551395424869,1.2020205081033314e-11
267.37341156884486,1.8097263437736686,-6.411498567010811e-13
284.66670130116864,1.8976536835260776,9.047056521975103e-13
285.0124544116772,1.8994678289807136,2.441629773592537e-11
296.86764989361393,1.9630035419223828,9.818432422580363e-12
302.9164492192603,1.9964184141385632,-1.189738495451593e-11
306.1960922211684,2.0148176502988293,4.312568974535943e-12
309.14939951682203,2.031555641738492,4.078812714919462e-11
309.94425564921215,2.036087961708813,-1.812062566544473e-12
323.89651856536483,2.117539727709281,1.3672691608273804e-12
331.73859850161705,2.164895088749293,1.9254234154537412e-12
332.7564404186533,2.171124510788566,3.3475173422257143e-13
359.1132201196089,2.339079269455237,-1.9644935997591123e-11
362.2506783683339,2.3599245641384665,-4.273077052185816e-12
362.86138351593587,2.364003176114749,1.5287787612110776e-11
371.8440726390249,2.4247880212802233,4.90543611404443e-13
374.53242786356145,2.4432688010111017,-2.129592727511879e-11
377.0172147050975,2.460468565138261,9.57242735883018e-12
386.38762317349455,2.5263539535624817,5.126417714914942e-11
399.464228759444,2.62100194145936,-9.461169257603984e-12
401.480495172214,2.635875885408834,-6.457834140284992e-12
406.8572056044666,2.675905845996888,-2.6933512799135904e-13
421.258571368145,2.78574834868392,1.005304249243808e-11
428.2444114372606,2.840407039718703,-7.981909402613038e-12
428.50936347748524,2.842497774647123,1.7389437565369467e-12
441.93172212043015,2.9501056114057054,5.381952623344336e-11
448.6331927350818,3.0050737941114987,1.7134291761158774e-11
449.4280488546049,3.0116484065307567,-2.3169134867275148e-12
451.7706509582754,3.0310928163308057,-2.231061273221083e-11
459.83571657546673,3.0988087600286303,-2.6224732233009475e-11
487.843591867266,3.3432740709500393,1.9297304398373094e-12
489.67570729154374,3.359769129120426,7.378728567561838e-13
491.00046748761474,3.3717348419325175,-3.371762865111073e-11
493.8923910683002,3.397968054656054,-9.079185940859863e-13
500.9201973609661,3.462360769372092,-3.561453086831029e-13
502.34517602339986,3.475528164394623,6.422079460474946e-12
506.0933393782848,3.51034133791245,-8.213285730127348e-12
522.7145398328804,3.667838360805277,3.784247504036159e-13
531.4516942201542,3.7526694007614703,-4.694118674131488e-11
533.4679606167848,3.772445490991763,9.496016542098634e-12
538.9480209201291,3.8265737794594172,-1.209704164017317e-11
551.3719549913241,3.9513376349693154,-4.627136990037863e-12
553.2266192609949,3.9702064863442357,-8.398330300295418e-13
567.9931554170809,4.122697784590946,7.304910658689365e-13
571.4763667241502,4.159253746399989,4.288223241558239e-12
581.2119455909244,4.262612996318823,1.3019141105815612e-13
585.163677314533,4.3050653298642985,-1.759392657052651e-11
592.4564356213696,4.384164643521473,-1.2692224771306643e-12
595.6133112292059,4.418708839319718,-4.288302067644883e-11
601.235556242574,4.480685013158348,3.614770408908224e-11
614.3121616827556,4.6270855645203035,-6.671308588840229e-12
622.9879323860708,4.725954257120666,-8.282361278093251e-12
633.7219357323993,4.85019740081092,3.9996106089746316e-11
636.1065040734968,4.878086244186655,7.088639440115155e-12
640.4039888918558,4.928612186307344,-4.553643471580728e-13
645.5771308858444,4.989884555277306,-3.450200562543596e-12
650.811656537674,5.052385744173593,-2.0012485154045883e-12
651.6259300551752,5.062153682557826,-1.948894279721663e-11
660.9963383977488,5.1754390883594965,2.2389518931612904e-11
666.6185834024254,5.2441866932520504,-1.5731700767191034e-11
676.6999153465324,5.368917172287373,-3.104287876251636e-12
681.4659205781716,5.42853594018959,5.48349832237825e-13
697.0692790543628,5.62664832511007,-1.6142253951497074e-12
705.8483996554583,5.740086409248988,-2.3774953357221966e-11
723.2419072828319,5.969026855786591,-3.488420192411082e-11
726.5635164529556,6.013380972092852,-5.09105126521625e-11
728.3956318647969,6.037932544266187,9.452121380698923e-12
735.0971024165361,6.128263449862686,-1.801401476086714e-11
739.6401218604127,6.189970518809432,9.395880495721082e-12
742.3478944464244,6.226930569563635,-3.531011616605882e-13
742.6936475461907,6.2316596898985335,1.3363949730716278e-11
753.7959528187762,6.3846847461478315,-8.529821779041133e-12
760.5976418344976,6.47955525182952,-6.5118599047979566e-12
761.4344642006848,6.491286190733495,-9.98363846900366e-12
762.4523060956498,6.505572126775723,8.427958043084797e-13
776.9538901492356,6.711182184261363,-1.3074817421764644e-11
790.4376323055782,6.905836309768084,1.8322042778324495e-13
791.9465434664894,6.9278276289596885,2.2156489043869508e-11
810.4612428802469,7.201080914356796,-3.0237365008992036e-11
817.9156032820564,7.312880703551075,4.93507909734556e-11
819.931869666553,7.343296349526284,1.6677314753397071e-12
831.1763596492465,7.514294331020512,3.348451763493577e-11
832.2136189474165,7.530185545794607,-1.1655855203952017e-11
836.5530700070632,7.596882514588234,-6.780890839865642e-13
842.6018691592581,7.690430753358589,-1.4872076019800078e-12
860.3830961103787,7.969330563727823,-1.1558233829647646e-11
863.8274725915182,8.02402921249115,6.665142150392035e-13
875.8442698301707,8.216573980721952,1.5787042826099274e-11
876.9040779780773,8.233682896977086,-1.2300962790678208e-13
878.2870903750351,8.256040548257616,5.631982663621404e-12
879.123912740155,8.269585650886318,1.2013325392534153e-11
885.9256017466242,8.380158714821615,-4.3686768706262814e-12
898.6984202857093,8.590105465183404,1.3070431442670944e-13
908.1270808099928,8.747012310527525,-1.584635993845534e-13
909.451840994519,8.769189485584308,8.707419468728894e-12
919.3715707837262,8.936278268269394,1.8576711321528246e-12
920.1858442983971,8.9500744636551,7.024204786889092e-12
929.2104995099523,9.103796558204754,-2.9006896166477685e-13
935.7892027310593,9.216800798965334,4.2585910552695644e-11
949.9030674072616,9.461928532617929,1.0080889989619472e-11
949.9450336614445,9.462662868527232,-1.2701752645843942e-11
951.573580690422,9.491184644593803,-4.969178405056758e-13
968.4403156454082,9.78945567357364,-4.3837258675500603e-13
986.7902814606119,10.119908084209873,7.858113073328597e-13
1001.172229615004,10.383238842103626,-2.223418913413693e-11
1003.6150501576682,10.428344969441358,3.7783615082109014e-12
1004.694275708615,10.448307633753197,-3.829020541746451e-13
1009.7058155563101,10.541288288559892,3.667405042941764e-11
1010.9078084235749,10.563658023978848,3.2776493985641717e-13
1013.027424717349,10.603170071922985,-5.9381978456079e-11
1016.3878686863463,10.665982165260415,-1.5727561339503606e-13
1026.1040300900668,10.848763036593004,1.0959329833616387e-11
1029.157555767961,10.906565235687998,2.346975864695204e-12
1032.7635343693412,10.975046357494433,3.479717815600831e-11
1034.5342661178481,11.008762004378996,1.0773460385264827e-14
1047.898372375867,11.265084405106123,-1.1644858790779369e-11
1069.263029052112,11.681690448742506,4.297706691837708e-13
1073.0531586272295,11.756475243673291,-5.575228527399172e-13
1075.2729933864828,11.800398703585135,1.788885215868097e-11
1076.3102526828695,11.820953878167643,-6.853676794576083e-13
1078.4104515719193,11.862633818556997,2.5843107703981235e-11
1111.1617829264726,12.523120274314103,1.3804798202677356e-12
1117.6402676747264,12.656110774478117,3.9055823868651685e-11
1118.677526970916,12.677475461513191,1.2253737341708032e-11
1121.9152036218904,12.744290169693615,-5.602972231425463e-11
1124.2997719510913,12.793623083783194,6.139539641951072e-12
1130.0222353972774,12.912439010031669,-2.5687806509499503e-13
1138.4361854630986,13.088233975658358,2.9108270607905513e-13
1139.819197857899,13.117254426665198,2.7301559405938188e-11
1146.847004082493,13.265266871098195,-2.0298275866096195e-12
1158.0914940414425,13.503979163131639,-4.900732159925351e-11
1165.5878206804741,13.664414626839854,1.4012076681842216e-11
1169.6591882484315,13.75198330967143,-7.681645217706347e-13
1174.1633728693946,13.849216960790262,1.8113358248444908e-11
1187.2399782326552,14.133624348059081,-3.342934975939205e-12
1195.670214254517,14.318646227715773,-2.921855810399002e-14
1209.0343205034233,14.614636420903546,3.5520373260732906e-12
1211.4351747897013,14.668159500792683,4.8867668837613874e-11
1212.536949189792,14.692757284499537,-2.341939856934719e-13
1220.1334942934961,14.862963368310528,4.612514518065765e-13
1222.2531105853536,14.910644586050417,4.967092614056436e-11
1224.553746405419,14.962491539991024,2.5858379910315605e-11
1236.366975242231,15.230249209917423,-1.0597835712954914e-11
1239.5463996798476,15.302752820418302,-7.882920378632883e-12
1249.627731577136,15.533878856902792,-8.646705504664926e-12
1265.1471574771633,15.893338754941489,1.831570781214646e-11
1265.7578626121604,15.90757459496584,2.4748427304979083e-14
1273.2541892485253,16.08287743179677,1.3800009301918075e-13
1278.776215759602,16.21267304413585,-1.191316232104678e-11
1283.6618568393558,16.327978701780406,-1.2059134036745375e-14
1287.6361373858183,16.42209971895588,-2.5933087064299327e-11
1295.355449804026,16.605743949918615,6.415819960343233e-13
1313.5018472160418,17.04177400119161,3.39298652664364e-16
1326.7237687400932,17.363296446026535,-4.274077172648692e-12
1330.79513630604,17.462949899862544,2.0833097983871095e-12
1333.525457732113,17.529950075153284,8.63986096684671e-12
1337.8229425264105,17.635685511441324,-3.98918517033812e-13
1347.2353170741626,17.868456362327024,-4.342374343211613e-12
1349.8817059918988,17.934196277496103,-3.641781558451591e-11
1355.2778337395328,18.068643175279835,-2.15848195369603e-14
1360.3119224307866,18.194553314609372,8.014119275180263e-13
1361.7369010787565,18.230278948840176,2.0864671267040722e-11
1362.774160374146,18.25630759568366,7.205022786331446e-13
1382.1062646909404,18.745047995809735,-8.51539325625499e-13
1383.3890586186635,18.777722236498597,-1.5150970601219602e-11
1386.8916873033659,18.867092608075243,1.1319821774924721e-13
1408.3791112717688,19.420294836132662,-9.839489203974654e-12
1408.989816406548,19.4361419789576,-8.09001086765771e-15
1412.6183438533792,19.530440047022726,1.8897892337035598e-12
1418.318258444571,19.679058991251193,-5.3693070600651605e-11
1436.2222526651756,20.14977809032347,2.6162922940367012e-11
1444.5554016615808,20.37088105542509,-5.71591465374061e-11
1448.7720853927585,20.483249482398097,7.910255377673549e-12
1451.2149059316707,20.54849689474319,-7.472239488015823e-12
1451.848159916519,20.56542896578087,2.855959589079013e-12
1458.8534172849081,20.753229773946924,-1.216793432244381e-11
1464.2301276273088,20.89798476561759,2.7120646951056248e-14
1466.0622430314402,20.947431710164203,-7.361247993643622e-13
1474.6377952135645,21.179699239969594,-9.201900687903276e-16
1487.1456616861326,21.520901751566925,4.767605558132785e-13
1497.8990823703225,21.816548537160855,-5.13719840084367e-11
1499.7957128785624,21.86891410605452,1.0246271347338366e-12
1507.8382295414247,22.091702532853745,4.6829182865076226e-11
1522.8728490600568,22.511377107008958,-6.3642270789565876e-12
1532.2432573501976,22.7750478325995,4.443476727402097e-11
1536.0916391322492,22.883804674870287,-1.0084878698813706e-11
1545.319862702055,23.145709492310104,-8.200701664464766e-12
1552.2217701571267,23.342616858892654,4.346044956113284e-15
1556.4610027376254,23.463994678251886,3.632136569944554e-12
1561.550212192728,23.610146313304654,1.7551562149354355e-11
1567.114204954546,23.770478685890897,8.713631484506892e-12
1576.5428654559619,24.043477551728472,1.0523451651812243e-11
1577.6220910050274,24.074830060671825,5.08000373831218e-13
1579.596391128934,24.132240846212184,1.948968805643913e-11
1596.117372951278,24.61546972942903,1.592944220331094e-13
1597.500385344531,24.656150079956902,-9.496692702363439e-12
1597.6262841068137,24.659855054436502,-1.9337789392308026e-11
1599.3550495983764,24.710759049188248,-1.9336975115535005e-12
1605.6913496185473,24.89780389005299,1.7434818683943757e-11
1621.844029491853,25.377969749219048,-1.8963136281977608e-12
1627.1981909827198,25.538191879261593,1.9963762571719926e-12
1627.3403757028345,25.542453924251703,2.6720015088637315e-13
1636.345613489234,25.81314829977326,-4.247454093241084e-11
1636.8561001577561,25.828538095479416,-2.9224305352205854e-11
1641.7417412340865,25.97606980913578,2.2690583473625504e-14
1669.1163622024212,26.81083506117694,-1.6998108912651692e-11
1684.803653106104,27.295427162990016,-1.0484709034619738e-11
1695.9447931395077,27.642338242239923,1.525678415699354e-12
1697.2275870665649,27.682428467689817,3.0760947099119437e-12
1702.9500505052902,27.86163767275184,-7.154323688071455e-13
1704.7821659087647,27.91914113130142,-9.428810809082233e-12
1712.7470129533576,28.169847491288138,-3.6220108378183787e-11
1713.806821098253,28.203294747134777,-1.3776503002015647e-13
1722.8283448415073,28.488849245645163,-6.3708625099184586e-12
1729.1871937107853,28.691024000506026,2.5515418216372568e-11
1741.468942950503,29.08362146737651,-3.716642577463469e-11
1742.2637990591484,29.10912551005961,-4.709017744036386e-12
1743.1977084417492,29.139106136940097,8.540931050567671e-16
1745.3173247314646,29.207210279169363,-1.4191424641400747e-11
1749.5922606726895,29.344817503949198,-9.972422779687183e-12
1764.0581413059983,29.81296112004538,5.003544012144237e-12
1767.496254884428,29.924792014781087,4.859231915976258e-12
1778.7632936790362,30.292798937036345,-4.1795754551316856e-12
1788.4763236181088,30.61192530540104,-7.246410488554531e-13
1794.3021369683943,30.804169042833102,-4.9227286050263906e-11
1794.570220450733,30.81303047155795,-1.110412319234581e-11
1797.336245236568,30.904537987554484,-1.3671967607284294e-13
1797.4815614027925,30.909349332516985,1.2955518151156255e-11
1806.8519696895914,31.22042007548497,1.9404238315965926e-11
1833.8000364925701,32.12403306212984,-1.6781092864346713e-11
1838.0749724334055,32.26860805536597,5.100951882768146e-11
1839.1122317280501,32.303738104349776,8.697484050096605e-12
1840.214006126886,32.341074866595235,9.365828883251868e-15
1856.5896717779374,32.8986469613789,1.5997917918516734e-14
1863.0067728582546,33.11848881853182,1.2273296686788628e-11
1866.0602985301987,33.223365141021446,3.4224348337755845e-12
1870.2995311091008,33.369250469767906,-7.374143145550891e-13
1880.952733322063,33.73732191059935,-1.5611583234277674e-11
1881.7475894305976,33.76486824573138,-6.0204743913409795e-12
1892.824214357533,34.1499481200795,3.2597898988018932e-12
1895.758104159432,34.25232366009778,-1.8529454659376397e-12
1906.4532726262353,34.62686483356982,4.3286144356507414e-12
1928.3058670815599,35.398686165000434,3.436348176338609e-11
1938.067126165645,35.7462905677771,6.063157111380683e-12
1938.4128792638296,35.758635232770814,-2.1341409742490766e-11
1946.2098612902867,36.03760109533421,-1.6744166171647906e-11
1951.1437315114003,36.21470706958841,-1.1189893736017218e-12
1955.580269575835,36.37434372591531,1.7868230251086366e-11
1958.4721931235038,36.47859686248832,3.707765716722136e-13
1963.7712338467165,36.67002575244137,4.27674481255908e-11
1970.553505428598,36.91579133303215,-3.1057285934230465e-12
1972.9380737540246,37.002401000003694,1.1889744820840407e-12
1975.3389280372785,37.08970800615934,-6.677678342246832e-13
1976.0498516375967,37.11558110061077,4.711139363795563e-13
1981.9176312409897,37.32948647435762,-2.25300250853407e-14
1989.4139578692261,37.603681979771714,-8.343822161058352e-13
2003.4501528930875,38.1198720001176,-2.638626529972273e-12
2003.7959059912548,38.13263309009421,1.114208764056141e-11
2009.1500674800557,38.33052610216876,-3.4707053713360244e-11
2017.8258381226913,38.652308862910466,-2.997003274815481e-11
2024.1427207361858,38.88747317632153,-3.74352467952097e-12
2036.0561680243904,39.3329862321531,-1.7511451575830218e-12
2042.6799689280233,39.5818195674626,-3.987607531839426e-12
2055.307471262489,40.05843023717076,7.545528414681664e-12
2057.0362367532603,40.1239091063238,6.725666311479743e-13
2071.5378207445488,40.67534013714585,-1.1232629774311672e-11
2077.896669611884,40.918360740985484,-8.964256438888498e-12
2079.52521663665,40.980719875864416,-1.0376578968457568e-12
2090.627521858168,41.407143056009104,-1.4306093643687585e-12
2115.737210360006,42.379943886341955,3.2143970174955966e-11
2119.1815868297185,42.51429194061389,2.949391079054943e-16
2124.5388797642418,42.723687681238005,5.948954655151851e-11
2125.576139058658,42.76429120248278,-9.142516220680285e-12
2133.6412045663546,43.080674378592356,-1.5662651046151634e-11
2134.478026928815,43.11357056095147,4.887789459557839e-11
2137.1857995020046,43.22010375106162,-1.277620852286888e-12
2147.2928116827916,43.61894167616529,-5.071206635064222e-12
2150.5499057321804,43.747872422683216,2.544959127722715e-13
2155.5614455684695,43.946633857385,3.177885393794397e-11
2158.8830547220196,44.0786263089754,-4.554132805807918e-13
2160.715170124789,44.15151696516644,2.4557135207973066e-11
2163.4811949098375,44.26168032039661,4.406833923158821e-13
2170.4282000609587,44.538982401320226,1.2597579535902738e-11
2171.959660065796,44.60023294545915,8.404895297305149e-14
2193.754002305206,45.476577100328484,-8.930545884009972e-14
2197.214664732589,45.61653430373794,8.97392214998851e-13
2205.2571813898453,45.942644393835096,-2.8034094266466082e-11
2212.675838401137,46.24451449477724,2.647599531593689e-12
2214.7697743938297,46.329901605234596,6.034056038565084e-12
2224.266081439935,46.71815841467807,1.9819019949377205e-13
2227.032106224886,46.83155981971855,-3.441251288188252e-13
2252.2514075291238,47.87200039879672,4.332621522049961e-12
2258.969164005591,48.151122353820334,-1.050700479435272e-11
2263.4958974695683,48.339676386040395,2.995125924969474e-13
2264.5331567639046,48.382934962119435,1.0617573319264123e-11
2268.381538543338,48.543603697717444,-2.627505489592418e-14
2271.741982504616,48.68412430118353,-6.398517744950433e-13
2285.6748276139524,49.26896049100383,-1.8144812370124185e-11
2286.776602012449,49.31536043512888,-2.1300862522094104e-12
2295.7561594976823,49.69435780281002,-1.7741003635104068e-11
2304.289745418805,50.055908673073745,3.15028633216213e-11
2311.4434503936145,50.360030368385836,1.0745381063589455e-13
2311.886290511547,50.37888758138779,1.6348439642146178e-11
2323.6218497159334,50.87993267856379,-6.100682736247774e-14
2324.61714275617,50.92254302809703,-1.195080733202744e-12
2329.7902847159976,51.14430877796951,-7.966020633229173e-12
2340.424069521818,51.601713202933695,-6.445619771606942e-12
2352.505381824146,52.12390953447385,1.8247179444721027e-11
2359.6302750564178,52.433132560326015,2.2413092157585347e-13
2368.1087402115277,52.8023195721226,3.80898967243093e-13
2369.5951025160066,52.86717827694202,5.835223309431254e-12
2382.222604848194,53.419831756847266,-9.182256513890141e-12
2391.6349793853938,53.83368307149574,-5.190277213029011e-11
2401.406261532336,54.26504161053764,-1.4258050080061842e-11
2402.2011176406136,54.300208317241996,5.644194285486247e-12
2404.7115847276486,54.41135498506666,9.578921594931569e-12
2405.7457125757787,54.45717300082023,1.1857616144745808e-12
2420.9419342066813,55.132727660434675,5.70015308403783e-11
2426.5059269645785,55.381141268414616,-1.0177975398674335e-11
2429.517486381391,55.51583515607013,8.014035288526748e-15
2433.0201150624484,55.67270257553077,2.322421573948796e-13
2433.491766922733,55.69384306409674,-1.9886033406888992e-13
2455.1182441431406,56.66759168351691,-5.3438052913850994e-12
2457.018006095952,56.75354156263426,2.2587297765804822e-11
2458.74677158636,56.83181291869091,4.34956542302179e-12
2461.131339911138,56.93986665637629,1.0295016894165076e-12
2461.4770930092195,56.95554272123315,6.096476267882789e-12
2465.7520289483887,57.14954554403365,9.077199777325262e-12
2491.721088657948,58.335293194664246,2.9467249528847285e-11
2496.2478221214596,58.54325536525809,3.413465613592166e-11
2507.5925305266514,59.06609976759219,1.5998898759127018e-13
2508.629789820877,59.11402230347962,6.242252344811187e-13
2516.753107538986,59.49001401998963,3.794859399005494e-11
2519.1376758637107,59.60061570754733,2.2209664950727873e-11
2520.7662228881213,59.67621160700853,-6.078082689725531e-13
2534.657101741908,60.32300106331744,-1.8490989121279232e-11
2544.195375040733,60.76918203025646,1.2246168844046248e-11
2561.385314197239,61.577524066029184,4.335790156463053e-12
2564.4970920798523,61.7244345902507,5.202587390444919e-13
2579.1665410838195,62.41939816454788,-5.272284473255592e-12
2582.077882034504,62.5577940491068,-1.7385599793140925e-11
2582.220066754523,62.564557057052234,-2.0689206419655468e-11
2590.4110310227197,62.9547884623308,-4.382753690574075e-13
2593.1770558072367,63.08684570660491,1.1091326994920284e-12
2598.3501977665105,63.334203281589325,2.870572720540008e-12
2600.8606648533582,63.45442076803758,4.34096040014511e-11
2602.5894303436758,63.537272798906066,-1.9210564212665568e-15
2603.0159845037306,63.55772410775601,-1.1882574151622011e-13
2606.2730785524536,63.71399728286983,-3.3096052010692004e-11
2636.3229001599843,65.16498577556509,-3.5157854370640755e-12
2643.7547116816163,65.5264045203654,-4.4504529441074305e-11
2644.465635281698,65.56103098516054,-3.1277004661990134e-11
2649.3995055010523,65.80159810863789,6.488552856339299e-13
2659.9850611592306,66.31924489608728,-1.2404083585641098e-11
2666.2436915588974,66.62627064544755,-2.2663210517730327e-11
2670.357025373781,66.8284488549361,1.448595962681189e-12
2671.1938477360445,66.86961842448898,-6.8943234980823e-13
2681.947268410402,67.39980778447212,-7.732376286098553e-14
2687.870168777525,67.69274168066829,1.498659648425684e-11
2701.705926864787,68.37954636421303,1.530006175235462e-12
2705.5737260475253,68.57217392632907,3.5841503485442807e-13
2706.569019087619,68.62178697213726,2.0774198336195194e-11
2725.6330398996224,69.57560625764788,-1.4108414898560953e-12
2730.337661444582,69.81201982843722,-2.8278249007465407e-11
2740.344455156901,70.3162305857703,1.823308807200522e-11
2740.935742887048,70.34608142534253,2.312185628205724e-12
2743.3560145733873,70.4683346577763,6.310187692159257e-12
2748.2416556462604,70.71544786092583,1.3778954753533293e-11
2752.2159361871677,70.91678923167049,1.0585434947141542e-11
2755.149825987793,71.06560995043391,4.167482244064167e-12
2778.0816459821885,72.23428303646041,-3.8768085873343703e-13
2781.7295908289802,72.42108609839735,4.094297008969275e-13
2782.2012426892093,72.44525622661371,-3.2564930509706687e-13
2787.5973704301828,72.72207618229149,1.965593188874843e-14
2788.0464734403117,72.74513922857027,-1.2527452323537576e-12
2788.8832958025464,72.78812296184785,8.295169791038573e-13
2789.326135920402,72.81087485048657,5.640833912204522e-13
2803.217014773013,73.5263832681283,6.663114690399915e-12
2819.8576324520773,74.38820803712139,2.466207115970198e-11
2823.1629556469247,74.55999936872759,-4.9947494401421866e-11
2831.8969784983287,75.01491118316676,-2.9255205978742017e-11
2840.69864790001,75.47476792492573,-2.5553140564854406e-11
2845.548585610966,75.72877018413719,2.940413078219307e-12
2873.5696150555464,77.20477861782125,9.243063978489593e-12
2891.172953858703,78.13943213779098,-1.0879897554807498e-13
2892.736985778772,78.22275090093761,3.478631477314176e-11
2892.9468170490736,78.2339324142425,-4.4391473710316935e-11
2902.718099194426,78.75552391011745,1.0565256424676066e-11
2906.023422389205,78.93236030923192,8.192650687935037e-12
2910.9316123119675,79.1953221590566,-1.535115484531026e-12
2913.351883998198,79.32515432617902,-3.2285103495746124e-12
2914.453658396456,79.3842932488427,8.51619020897238e-14
2914.6991930285435,79.3974756304791,-8.812025761359241e-12
2916.427958518707,79.49032186093702,-1.5125902395774591e-12
2927.8177646226663,80.10340656161073,-8.704969111859862e-12
2930.9295425049518,80.27132138482766,-3.647310034660398e-11
2939.2175937921484,80.71942360630474,1.051300701838836e-12
2940.157766066432,80.77033492048236,-4.2640487016131764e-11
2952.639952230166,81.44780148945793,1.4162899669609639e-11
2958.3298437493245,81.75757081247355,1.9318230337315084e-11
2969.1609340387104,82.348885604431,3.8295935442067887e-13
2970.5439464308247,82.42454565352203,-6.901050671095631e-12
2984.541306641033,83.1922779351246,1.128570177967151e-14
2985.0323759052003,83.21927780989007,1.2350273066922634e-12
2994.1929529162735,83.72375720231699,1.3093174335139742e-12
2997.5596597690023,83.90955255935289,2.919409570972579e-11
3000.3839367650967,84.06557438168252,1.941655143738294e-13
3008.862401918497,84.53483372347705,9.408829093564332e-14
3014.9531673013585,84.87275786362228,-3.7111516433504425e-11
3016.801568661388,84.97544490314864,-4.965043001170303e-12
3028.0460585989513,85.60148305146637,-1.487833966442531e-11
3042.1599232327517,86.39057035601974,-1.2351667741544088e-11
3045.5072126814853,86.57825115621914,1.047358539022018e-11
3049.578580241912,86.80680883410237,-6.071532127292404e-12
3067.8508763903137,87.83633591635935,-3.383189786220322e-12
3086.4238279364704,88.88910587451565,7.738839900371522e-13
3092.0654903091363,89.21015025485323,1.1123998789538848e-11
3095.8719058334846,89.42708933144614,-4.629241600593622e-12
3101.435898590296,89.74467822260065,1.547619806077436e-11
3102.1725024865277,89.78676581348049,3.7125798713984496e-11
3106.3215396627525,90.02401748176197,-2.5920935979288764e-11
3107.5849161849223,90.0963232913396,2.4523218398991747e-11
3118.3608857082204,90.71425057349975,-3.4114652104372987e-11
3123.9248784650076,91.03414441719259,-1.2398774169924468e-11
3135.2695868682663,91.68815904558305,-6.396068563535469e-15
3137.101702270426,91.79400158815034,-2.448226741160232e-11
3159.387113766966,93.08639511462408,-5.968763196922447e-13
3161.506730055249,93.20979405341933,4.461912854695067e-11
3161.5198845669374,93.21056013570656,-5.265240280068991e-13
3165.310014133411,93.43141953927096,1.9475970458211775e-13
3167.555529183865,93.56239559798298,-1.938230702005782e-11
3174.5833353946346,93.97291265274009,-8.234653355820178e-12
3183.6599798972416,94.50445534221721,-5.878545469649782e-11
3193.421238976445,95.07778375913607,2.6814958734940612e-15
3196.377677626873,95.25177674567114,8.749576979086191e-12
3201.5639740970587,95.55739078027158,2.8643901330600934e-11
3207.777506795726,95.92418938838583,-9.756258000085222e-13
3226.8897567518625,97.05688597330709,-1.941715849000799e-11
3231.4039644299596,97.32540496508246,-8.059123292798403e-13
3232.912875584175,97.41524335991105,-3.453402788170485e-11
3239.1038594327088,97.78428466937773,2.486629755400026e-12
3241.614326519166,97.93413349666316,1.0722216065612376e-11
3241.6562927732225,97.93663943301064,1.5593281769631795e-11
3259.641088034835,99.0135538972818,-2.5136965069130574e-12
3265.1374342411873,99.34385919170819,-2.6664227199758425e-12
3266.119572769467,99.4029398331805,-2.934346877797975e-11
3270.394508707737,99.66030602245793,4.55995589848418e-13
3271.4317680017616,99.72280343274669,-7.917957061133262e-12
3273.179950895761,99.82818057873024,5.1267194503619613e-11
3279.496833506424,100.20941950077491,1.0404560009855645e-11
3298.379834788083,101.35343637166548,8.885625354581346e-12
3314.067125679518,102.30883767926164,-1.0527117397932985e-11
3314.5099657973255,102.33587371110086,-1.7349304227030976e-11
3321.169470059815,102.74288174209352,-1.827306497426327e-11
3324.474793254319,102.94519609828514,-4.27153011104531e-11
3326.8919334942166,103.09327337612741,1.9214166412173302e-11
3328.6238304303783,103.19943790586865,1.2981807991033372e-11
3345.9816345998775,104.26651565516846,-5.816937792659506e-12
3368.0215114635503,105.62942316394509,-7.288811989429003e-13
3368.612799193619,105.66611061336785,-8.398042223483378e-13
3370.1768311135424,105.76318467276884,4.520503105723136e-13
3370.732415481826,105.79767872195883,-3.731531683401434e-11
3392.539912225037,107.15611218501877,2.185380906642604e-12
3414.237167436689,108.51637242888847,-2.0138805894279148e-16
3416.011030626882,108.62796422996622,-7.535935956729829e-12
3423.3977444470493,109.09327758231838,-5.398332013789158e-12
3430.079797559522,109.51506789142047,4.886115030408341e-13
3436.1154421761826,109.89676202811809,1.9481106070122297e-11
3441.301738646167,110.22527943677771,2.6303957861377036e-12
3442.002639180574,110.269714831819,-2.6204776166835794e-12
3446.4974294545577,110.55488873479054,2.5732164079050278e-11
3450.145374300861,110.78660775145867,2.7280999862712237e-11
3452.568777432986,110.94067886949051,-2.4939394380461685e-12
3455.079244519358,111.10039927788584,4.836197487925847e-13
3468.375704193948,111.94827962977035,-4.54601419893045e-12
3470.1238870878938,112.05999890598102,-1.0320882269604832e-11
3471.1417289779265,112.12507098226358,-7.40074487757276e-14
3475.6459135903,112.41325897735813,5.291259992091913e-12
3476.8735867506107,112.49187311539367,-5.138598108198595e-13
3486.302247243046,113.09656346835544,7.262374400312775e-13
3503.14643329792,114.18091133738734,5.19635214463623e-11
3507.259767112086,114.44650200986206,2.1111771127661937e-12
3507.385665874253,114.45463598543716,1.1403593274111853e-12
3510.2162057623673,114.63758652102331,-1.5672636426159925e-11
3512.9177154421795,114.8123349008563,4.707879828602625e-12
3516.2650048906467,115.02904232065133,-3.1736645760447565e-11
3519.3767827726037,115.23068756748272,-4.026838225464193e-11
3543.471760819726,116.79809574510647,9.151393632560295e-12
3546.615481890176,117.00338738554872,1.7233182978219781e-12
3559.6438580824433,117.8561085124232,-5.388118364718801e-11
3566.6296980387274,118.31462694746843,1.7644324174350738e-12
3566.797563054949,118.32565589609932,4.368626252858194e-13
3583.7613849795357,119.44287763121442,-3.3682981771763274e-13
3593.0347062401593,120.05585098039637,4.2932281637415227e-11
3594.563034798251,120.15702666969881,6.182456565871526e-13
3612.7094321828736,121.36161052415567,-4.9367964038804134e-14
3625.236716045366,122.1967287193759,-1.0602814506094488e-11
3632.2776767673336,122.66737594984468,2.006816993623947e-13
3637.576717487659,123.02218823571273,2.551590019422915e-11
3646.9890920220737,123.65369579177668,-2.2949095579158148e-14
3647.089310488006,123.66042856300314,1.5662877241150495e-11
3648.7178575120197,123.76986182127668,-1.2682799501353403e-12
3651.2283245983267,123.93865304829565,2.191471655578881e-12
3661.0998252083323,124.60348905058642,-2.027969324382427e-12
3668.7997202106008,125.12331565883215,-1.2886859560696405e-11
3671.853245880619,125.32976426180241,-4.163611843776656e-11
3677.2556365129885,125.69544016731716,-1.080092666426405e-12
3680.512730561004,125.91616545445457,1.2281042466285328e-11
3684.570943609334,126.19145404239678,7.574138407718851e-12
3689.757240079151,126.54370767508148,2.0287612305756763e-11
3709.861651627729,127.91388380856178,-9.477506163415548e-13
3716.611351290239,128.37556558818525,-1.1440868884406456e-12
3719.597230409953,128.58006848526685,-5.707999483441527e-13
3728.075695562385,129.16165391175295,-1.5855088867515887e-13
3732.96133663438,129.49738876893488,3.000420748695551e-11
3734.4345444267046,129.598711960997,6.100072726851758e-11
3742.926164090808,130.183521631613,9.168879506635651e-12
3747.511149765001,130.4998373962247,-1.1257913094828241e-11
3747.83435401289,130.52214969911742,3.519500616919802e-12
3761.3732168729057,131.45852937443885,3.631047896886465e-11
3769.305491995451,132.0087128823338,1.1961822706744678e-11
3774.4917884652154,132.36906163954401,-3.798220544734108e-11
3784.8249178696783,133.0884941996223,3.1897171847029893e-11
3790.712114873811,133.49926321265156,9.204149961578575e-13
3799.38162261963,134.10532549702887,-4.947781197498268e-12
3799.549487635846,134.11707415833774,4.978176708096154e-11
3799.817571117994,134.13583806041913,-2.6545616079872764e-11
3806.0636757317866,134.57339489733508,1.6868473317378353e-13
3815.0851994678455,135.2066460975101,1.3608467376126294e-11
3833.7257975622447,136.51984179892287,1.297578184991811e-11
3834.520653670276,136.57598022834,1.464925231181669e-11
3839.047387132545,136.89591242801313,-4.0115712306858525e-11
3853.584674478453,137.92590481691846,-2.9436408849043915e-12
3855.9692428025414,138.09522732807204,3.721302731957747e-12
3869.3333490267696,139.04611911927387,-6.232710619214044e-13
3873.530615348865,139.34544470141634,-2.521281763545855e-12
3880.73317819458,139.85984748222526,1.5477791757804058e-12
3886.994940039,140.30783533908613,-1.4391548949753708e-11
3891.6770127329155,140.6432787680276,-1.5543243868587103e-15
3893.7966290209847,140.795269801108,1.0656313988060856e-11
3894.097284418776,140.81683555835397,-9.150545130364548e-12
3898.0715649589047,141.10206381994976,8.111444841245705e-14
3899.8197478527613,141.22762047120148,5.348534305257824e-11
3900.8375897427427,141.300749061487,-1.862217173352563e-13
3929.0264841988114,143.33361128914822,-1.892846212929074e-12
3943.6602298372413,144.39470600404644,-5.1012818236058e-11
3946.93047839685,144.63237140366175,9.223063461892523e-13
3955.2636273829617,145.23887379818495,-1.5025931045821705e-11
3958.317153052886,145.4614354291611,-7.309569638896923e-12
3960.827620139109,145.64454392473309,-1.806705173707211e-11
3965.0668527152193,145.9540086906393,-4.448012430129325e-13
3976.7704687268447,146.81009338257107,-2.5949368476885946e-14
4004.458270853065,148.8454191007074,4.443308847993532e-11
4009.0432565271353,149.18382348974,2.663170669915098e-11
4011.4860770630617,149.36427905232722,-9.215022007133745e-12
4014.2295529967746,149.56707562100937,-3.4877407301307278e-12
4018.546455188699,149.88645990795683,1.6507180364257458e-12
4030.6697337407986,150.78523153919485,7.449568058350439e-12
4037.0837033706616,151.26183281029628,-7.000961929831903e-13
4038.592614524722,151.37406521094067,3.0115935568747024e-11
4038.802445794988,151.38967572534116,-9.136812264800042e-12
4043.4005859807285,151.7319605491027,3.4804212742698824e-12
4044.237408342797,151.79429536211074,3.3716277759409468e-12
4047.837124042528,152.06258491172665,-3.8159632502636966e-11
4051.8790511328843,152.3641172921443,1.6862301818365905e-12
4065.320826972698,153.36905367291797,-1.8731813798887044e-12
4067.1692283324574,153.50750448270566,2.193258669682239e-12
4072.258437782277,153.88902673473135,6.186537212367068e-13
4073.673393362678,153.9951863308794,-1.7916580470447635e-12
4076.7851712444426,154.22878282122792,-2.7946346852386595e-13
4083.1440201085416,154.70668671945083,-2.1424946477878064e-11
4104.185472484318,156.2933824826409,3.9760229970095615e-12
4116.399575163845,157.21816577178367,4.582470740585449e-12
4130.823489531763,158.31380243506308,9.24292968632327e-12
4137.893261995733,158.85222001519105,6.263987988400595e-13
4137.9064165074205,158.85322269063943,7.036300030785393e-14
4139.557512381448,158.97909936750168,4.911264790721445e-12
4143.415288497738,159.27340524496148,6.008532583520709e-12
4148.300929569535,159.64651935070037,-1.962277483500332e-14
4149.293091163262,159.72234397616307,-1.4362149805187835e-12
4165.9625205813145,160.99899447290068,5.868850529969209e-11
4174.292538121129,161.6388779972877,-6.257907184501873e-13
4186.283655018636,162.56223899439823,6.236157516489315e-11
4191.362841402857,162.95415397181137,2.1555534902006228e-12
4194.917459402354,163.22871442927269,1.169680704787366e-11
4205.5155408424125,164.04869696902946,-1.2236281059211006e-12
4212.821453599975,164.61516638743538,-5.699363131018665e-12
4215.490391363944,164.82234967625777,-3.3229479523662474e-13
4235.536550699636,166.3826792654195,1.7289665722557383e-11
4239.549666047562,166.69593674382332,1.7698644874331564e-12
4242.661443929285,166.9390414390934,1.6035277697006132e-13
4248.028131199579,167.3587278735989,7.64059981350159e-12
4252.177168375209,167.68355509805608,-2.243852057873676e-11
4257.498757945308,168.10064538624928,1.0353633856876932e-11
4262.685054414841,168.5076337415437,-2.689850899140602e-11
4264.216514418965,168.62790797256358,-2.613691646305266e-13
4273.018183818841,169.31999060804853,-4.46553884246145e-11
4276.821467896494,169.6194875657013,-6.428509802710348e-14
4284.437430390205,170.2200222663271,-1.0200479184576802e-11
4289.471519074198,170.61755730136537,-1.0983369862796584e-12
4291.981986160352,170.8159798692215,5.411435636187761e-13
4300.86132517604,171.51871750047738,4.256486695810851e-11
4305.010362351653,171.8475826649955,-1.7347293968543508e-12
4309.537095813735,172.20674688986588,-3.1844096340704956e-11
4313.411157887796,172.51442601717017,-3.988811613211325e-12
4338.149412982623,174.48566462404906,-3.822898048943812e-12
4347.419602796437,175.22725243390926,-1.9018165941624033e-11
4355.106343286527,175.84336948207118,8.492754266881541e-12
4357.752732200375,176.05573795209403,4.360148933853816e-11
4368.182948624092,176.8940023228646,-1.5673643514692499e-12
4375.511410231661,177.48418093288404,6.25985479255956e-13
4387.511921467396,178.45274732580896,3.2089295360887284e-12
4388.013013797025,178.49324839977388,3.787666346777563e-11
4389.977290853342,178.6520568182501,1.6653555944470198e-12
4403.797391706408,179.77139734000406,-4.3479673060325695e-13
4406.46632947034,179.98796970309368,-6.528933929447958e-14
4416.860842532244,180.83268860568626,1.9720629894066914e-14
4418.389171090216,180.9570573506307,-3.678413982470805e-14
4420.489369974235,181.12803260932216,-3.695719425689428e-12
4426.021419541672,181.5787805531781,5.726156086806558e-12
4444.416483003066,183.08165268208546,4.107596327599907e-12
4449.121104546861,183.46702003330367,-1.288180813132474e-11
4459.71918598672,184.3366291936135,-5.584911231928976e-12
4460.36559448246,184.38973618737083,-1.3290909264269348e-13
4462.139457672467,184.53551103770099,-1.5447336003079913e-11
4466.724443346372,184.9125705194703,1.456615170437246e-11
4469.526171491862,185.14316930353056,8.707729978079962e-12
4470.330421938259,185.2093905792371,-8.790000729470993e-12
4474.479459113822,185.55120794299626,1.1236537683615757e-11
4481.381366561406,186.12052231476878,2.053344015844312e-12
4487.430165689126,186.62018824775706,-4.2429026201908785e-12
4496.968438984976,187.40947434611763,-2.978175730500778e-11
4507.666738890727,188.2967459250943,-2.0035671719301737e-12
4517.270156017853,189.09500827618817,1.1937454645233797e-13
4519.858292719797,189.31043190962558,-1.2227727132019498e-12
4520.491546703848,189.36315961206336,4.5582410435604554e-12
4525.276969309587,189.76185521559123,-4.957725640879977e-13
4553.514092910587,192.12300835986423,2.6222656390537766e-12
4554.225016510469,192.18264445421264,-2.1566298220314727e-12
4559.046142477975,192.5873120709043,-7.593705355677236e-12
4561.8666593002645,192.82425441361428,-1.5506850887911028e-12
4564.332028686183,193.03148201417298,-7.10181418408102e-12
4569.4212381358175,193.45961163932895,-4.277639780335665e-11
4570.901337547452,193.58421452175233,1.0719279575350081e-11
4584.413891383167,194.72364129385133,-1.2595690052797268e-11
4587.157367316761,194.95539174033388,-1.7462552728354585e-12
4612.758125069402,197.12465538681795,-2.8459234129667007e-12
4629.715055372999,198.56813652769543,3.707503975616027e-12
4632.135327058721,198.77459730647163,7.90242703647778e-12
4645.186252099821,199.88976347649682,1.721802760264172e-12
4658.001036847285,200.9878049901789,-3.0603415116833857e-12
4662.1206335532925,201.3414373215381,-6.530201717995084e-12
4665.2324114349285,201.6087642355012,-3.084567145181591e-13
4671.423395282554,202.14115032557464,6.450704936716525e-12
4672.357304664372,202.2215220071957,4.034328331048138e-13
4674.476920952316,202.4039945265655,4.4159956440665304e-11
4678.406103792021,202.74246705167386,-3.2367823099724026e-13
4683.346236902232,203.16842966123934,-3.8279604659419744e-11
4693.117519045458,204.01228171723216,-1.5144062091614555e-11
4696.422842239523,204.29812891843773,7.064608050140917e-12
4697.35675162134,204.3789306717087,-1.158020576251038e-15
4703.815818951083,204.93820838894567,-2.9825932359841354e-12
4705.499486740689,205.0841200849268,-4.663225722482095e-11
4710.82107631063,205.54564833714826,8.56176625465643e-13
4718.217184468321,206.18796077449812,-7.506263219575402e-12
4730.699370629456,207.27425719663916,1.552382240144263e-11
4741.656359678778,208.2301845899915,-2.016920024265089e-12
4748.7292635885915,208.84842487051523,1.665765968274721e-11
4752.8526204678565,209.2092713897142,5.387763860564935e-11
4755.990078645706,209.4840489660487,1.528569092819877e-12
4760.22931122157,209.85560761040273,4.1853218278276147e-13
4770.756614664817,210.77973246241933,-2.625220237848753e-11
4771.092344697224,210.8092376520438,-2.1815445419792907e-12
4782.450207610214,211.80863166844483,-2.2536567491777662e-14
4785.74926791199,212.09936589017227,7.555604831501023e-12
4786.634319420337,212.1773963776454,8.169923820033376e-12
4787.959079600294,212.29422070402146,2.5172649641283854e-11
4800.596604993044,213.41028937164813,7.386060831096818e-13
4810.848933334723,214.31787350732736,-2.72247262918335e-11
4835.6128687250175,216.51807974309864,-1.346684687872532e-11
4835.906632503373,216.5442476289872,9.030539752876703e-12
4842.372591452482,217.12062479948102,-4.698429779167711e-11
4845.510049630316,217.4005761033516,7.979661996137338e-12
4845.9459981286445,217.43948956770998,-6.103406251097723e-11
4849.917147222364,217.79412191738894,2.5118398182394297e-12
4878.170556780663,220.32559912995438,1.4412769939785357e-12
4878.816965276388,220.3836887432444,2.298094107563277e-13
4880.303327580268,220.51729015083095,1.532469432893654e-12
4888.781792731944,221.28015361060451,1.8864040625210786e-12
4892.571922297766,221.6216048558207,3.2009267243139025e-11
4896.084574043055,221.93829450083047,-1.7608381797997002e-11
4897.984335995169,222.1096657730615,-3.514578653365372e-11
4900.695240013073,222.35432262171722,-7.941403905850926e-12
4902.443422906806,222.51216648139786,-2.6770276006283822e-11
4911.077227290131,223.29254036258757,-1.0639001046404226e-11
4931.650159250793,225.15757682303936,2.0073678140774473e-12
4937.805439736552,225.7170982536345,-1.0255858789165543e-12
4945.237251255932,226.39358771945098,-4.281638166396587e-12
4946.966016745705,226.5510965098237,3.003205728387778e-13
4957.9549489834035,227.55359145136805,-1.6710296642260728e-11
4961.732552764671,227.89872730344123,-2.00265599742184e-12
4978.42453103196,229.42691513847012,6.069385012635043e-12
4989.788656837103,230.4702627603233,2.6952821770302058e-14
4998.280276500418,231.2514366972444,-2.5460555099516347e-11
5008.684812627519,232.21039734842455,3.227596601385623e-12
5011.195279713565,232.4420795845673,-9.115451611495783e-13
5015.188977657346,232.81088325913151,-1.2822394819743846e-13
5023.522126642857,233.58136576572966,-3.1189370500207325e-11
5032.055712560209,234.37170633891313,1.3442874696005811e-11
5036.598731979919,234.79300658174776,5.756074820093313e-12
5039.31652761722,235.04522510789013,9.457447739695503e-12
5044.896806330785,235.56351602205385,-9.669845231311687e-14
5048.341182798626,235.88371268917902,1.392510892938508e-13
5058.393074208337,236.8194077025076,-6.115906020847219e-12
5060.3579799917225,237.00253130453822,5.6244159419403565e-12
5062.800800527483,237.23029436565238,4.7116797639265824e-14
5079.408846286593,238.78170511510137,2.7358457392646226e-11
5087.396242174128,239.5296427522278,2.027570309365348e-12
5088.905153328087,239.6710687691041,1.3572164534888907e-11
5092.640790855279,240.0213800597034,-1.3256269387607508e-15
5092.786107021388,240.0350123506824,-6.121484085872624e-13
5101.119256006869,240.817406193328,-1.1507495978579763e-13
5111.3233552020765,241.7772045032071,-6.359584447097013e-12
5111.5688898341095,241.8003231398952,2.6184110770500114e-11
5114.8742130281025,242.11164829817778,-3.682232420630791e-11
5128.134969339133,243.36268927906943,2.0509810189010394e-11
5128.836498600586,243.42896288758607,4.93706415638261e-11
5134.416777314128,243.9564557862873,8.432550837253077e-14
5142.1811874197065,244.69136469637675,-2.4579203708712535e-12
5142.349052435908,244.70726554621274,-5.846174991451175e-11
5142.672256683765,244.73788221499333,-2.38009243646961e-12
5150.313899473328,245.46232451597368,9.140513526814757e-12
5176.0825222414305,247.91316858637413,7.357723442539734e-12
5181.191149094861,248.40050101734437,4.663029463069402e-13
5185.685939368219,248.82967467940065,-7.91959190774017e-12
5188.128759903966,249.06307730031688,3.160260103099409e-14
5193.692752659673,249.59510689860974,-3.301809521417581e-11
5194.429356555759,249.66558378963663,-1.2946193427730334e-11
5197.541134437313,249.96342320751657,-1.2403109874773638e-11
5205.085690207071,250.68628017670082,-1.7532336940653308e-12
5206.410450387001,250.81331596532155,-6.495838132825301e-12
5230.292465714644,253.10898868877027,1.858078868152813e-12
5232.747812034929,253.34560590142632,2.6079663688597566e-11
5253.7767386247115,255.37667342953648,3.594233268133165e-15
5265.858050921843,256.54722473460777,1.467107637228809e-13
5266.840189449957,256.64250173376774,2.5585082431180906e-11
5294.156558179796,259.29957515591775,-4.03640387897832e-15
5298.1308387195695,259.6873002910721,-1.3614646799558293e-11
5303.627184924972,260.22399541304094,2.1215315978467267e-11
5306.6644246368205,260.520807832942,-2.7354353708817597e-11
5322.949894875048,262.1151938991486,1.0365582554796678e-13
5331.360713476277,262.9405460745231,-1.69734350934276e-14
5331.492875130699,262.95352547380037,1.1917001047735586e-13
5332.139283626408,263.01701292491714,4.775386151217984e-13
5333.871180562287,263.1871503004605,-1.3111170527977358e-11
5343.6844289592655,264.152223630516,3.479770988578298e-11
5345.658729081031,264.34659839121787,4.927349277304662e-11
5351.061119712777,264.87884424291076,-5.83894809336527e-13
5356.256810520409,265.391233100358,1.7731640038938604e-12
5358.677082206045,265.630085328002,3.7822705141244855e-12
5359.904755366182,265.7512834162582,-1.6063988584152913e-12
5363.562723277502,266.1125691481244,-2.400869828351167e-11
5372.231602295291,266.96975067859546,1.0952412625593453e-11
5375.634012509034,267.3065603712583,-9.50307204338006e-12
5388.710617845903,268.60301788851086,1.753811879528989e-12
5390.636688821347,268.7942410225522,-1.8954004742584707e-11
5393.402713604927,269.06897553102215,6.754800727890251e-13
5399.2961735007175,269.6548115543559,-3.0043764288615195e-11
5410.504960074,270.7707801779947,-1.8634424649456615e-12
5415.6361357774795,271.2824222500746,-9.138001073583824e-12
5420.880684458561,271.80587020868575,-8.860532482991369e-14
5435.178700063267,273.23550022199163,-4.2968274048984996e-11
5441.017039193312,273.82034688080483,4.135255537366078e-12
5446.716953776666,274.39193281018845,8.75495186564351e-12
5450.865990952027,274.808373530882,-1.5008113755722871e-12
5455.050102762028,275.22865584371834,-3.000017122709265e-11
5462.989269503118,276.0270093911301,1.3009226882551876e-11
5466.617796944921,276.39227656187495,-8.494947017319528e-12
5469.012388334319,276.6334619047286,-4.899701178120753e-11
5472.149846512068,276.94962930135176,-9.23247780337104e-12
5473.623054304226,277.09814970490845,-1.0852516527885487e-11
5480.2468552038035,277.7664174944736,6.2490265703977405e-12
5488.890682652466,278.6396989759454,-1.610307586780805e-11
5522.336651571457,282.03169387826557,-3.33464664177231e-15
5528.19440810544,282.6278913729712,2.2417703832903477e-12
5531.749026104684,282.9899855338693,-9.064617693981933e-13
5533.325583808895,283.1506574221925,7.901473399447255e-12
5546.5863401197075,284.50391442259996,-5.292271082510266e-12
5547.3360985274685,284.5805238382847,-1.5022391091008719e-12
5554.538661372458,285.3170006206279,-1.8314231037542623e-12
5564.891208179728,286.377243593923,5.440757577168346e-11
5571.877048135051,287.0938051336156,4.384345477143408e-14
5578.559101246477,287.7800473924554,-8.878562888768279e-13
5584.859697898178,288.4278677267058,7.945953781081324e-12
5599.516621112434,289.9377054219829,-4.502548255537935e-12
5606.276343839682,290.635370776146,6.412884983956556e-13
5607.995086263857,290.81289496644797,-3.1770390400191836e-12
5610.460455649657,291.0676312157117,3.751253728545507e-15
5612.880727335272,291.31781661769173,2.2382030596742385e-11
5632.1226362231655,293.31070705661614,8.648642388563946e-12
5633.28579427915,293.4313942964121,2.8153490135246647e-12
5635.728614814856,293.68493820233573,-6.244969647175086e-14
5646.8403143682635,294.8396249078383,-2.2285745106507395e-11
5647.809927111818,294.94049136840334,-8.615210519497581e-13
5650.242724581972,295.1936456225237,-4.1480716621169276e-12
5652.336660573598,295.41162562235314,3.738575905351781e-11
5655.138388718931,295.7034135443126,-2.7809511576298327e-11
5659.732768730988,296.1822114112066,-5.370660806296182e-13
5667.856086446041,297.0297248570404,3.0189349947481716e-11
5673.042382915207,297.57145185694196,1.3550259784308394e-11
5702.88237324231,300.6979708327111,-3.8123246211123434e-13
5716.756966133109,302.1572833811849,9.272667848428805e-12
5721.642607204505,302.671993257319,4.5147440443597856e-11
5724.343488156771,302.956723983709,3.3369133975571972e-12
5739.681894501297,304.57626912637414,-9.404109506763255e-12
5743.485178578676,304.9785191968381,-7.638247924952885e-13
5744.6583597002045,305.1026531537003,2.4250622786775228e-11
5752.758499838003,305.96041848727594,1.7355446847152001e-12
5755.4762954752305,306.2484905823376,-5.7117651166283524e-11
5755.812025507623,306.28408564846825,-7.444665358191184e-12
5761.056574188644,306.8403973728017,8.79311237377861e-14
5763.020851244834,307.0488870665352,-8.136297764655538e-12
5774.552842065832,308.27433384950837,-1.844027278463193e-12
5777.990955641307,308.64015896879704,1.6251524870638795e-12
5794.857690543685,310.43798213546614,3.8283653394135953e-11
5798.370342288849,310.8130545748225,9.08826141557481e-12
5804.628972686455,311.48189921588596,4.995115398948802e-12
5805.0649211847685,311.5285148541665,4.092151368821027e-12
5806.35773817617,311.6667753675636,-6.747152474616187e-13
5807.161988622517,311.75280158998305,-9.140155446380545e-12
5809.579128861982,312.0114214304514,3.684260503458019e-12
5820.332549532844,313.1632788714639,3.380792975588996e-13
5823.098574316385,313.4599072689779,1.6990947448054228e-12
5835.183018059413,314.75749546237176,-1.1206833125467151e-11
5839.7680037330365,315.2505202223511,3.496084629085352e-11
5844.294737194789,315.73766099878264,6.183852450096088e-12
5856.689859401117,317.07348394890226,-2.0465084420054353e-13
5864.018321008183,317.86460392382185,1.033610647813912e-12
5873.501473537722,318.88979484996355,6.437167289974803e-12
5881.4406402787035,319.7493447577883,-2.248995027722262e-11
5892.242290095863,320.92067163732713,2.2183737013762348e-12
5898.320529692714,321.5807386544012,-1.1508512877180174e-15
5898.698225979155,321.62177707750584,-1.6123751015824432e-12
5913.70090229121,323.2540114988469,5.322736723939512e-12
5916.612243240849,323.57123473370547,1.7417107278850508e-11
5924.298983730384,324.40954160200795,2.952475951761398e-12
5936.49053755871,325.74137021066576,3.1819395263567305e-11
5938.700349246914,325.9830673697576,-1.6905210237763925e-14
5941.6022958581425,326.30060310127544,-4.8810344200334925e-12
5948.351995519769,327.03976626177035,-1.7724973728443246e-12
5948.907579887956,327.10064598020824,7.862956502747863e-12
5956.704561908955,327.95562201777403,-5.5983493511404695e-12
5973.335785244771,329.7830563848817,8.588753323386668e-12
5991.239779440875,331.75603739564855,-4.184883344413537e-12
5991.365678203021,331.7699320708725,6.901865942399303e-12
5998.952200226624,332.6077489388747,-6.789608872304249e-12
5999.908658458486,332.71345057423474,-4.375287919594642e-13
6014.290606571026,334.3048830942718,-4.104703307845958e-12
6021.079769767695,335.05746086831346,1.1773996062781753e-13
6031.1222668386545,336.1722270805923,-2.5479566705996346e-11
6035.917083782497,336.70513041831657,1.777567978051337e-11
6047.520481326958,337.996502384704,1.025010212695725e-13
6049.316893366938,338.19665140994914,3.3824068038632794e-13
6053.084474082504,338.6166132183905,3.8516679918999104e-11
6061.818496931383,339.5911762742882,-4.480199725394582e-11
6062.855756225205,339.707009484957,-7.489528836046776e-12
6066.203045673139,340.08094442756135,4.65028752075581e-11
6077.505787819836,341.3451300469413,1.5366092392169364e-14
6088.391370145036,342.5648819028024,3.301988547631722e-12
6089.684187136428,342.7098897134835,-4.174028546012119e-12
6091.260744840611,342.88676474530587,3.666586085614443e-11
6094.294853106246,343.22729216623054,-1.5102476893134396e-12
6103.742931001086,344.2887655761011,1.1260588420724759e-11
6107.923911364865,344.75901552312496,-2.2680666770741786e-12
6115.665772620097,345.6306207524577,5.052952951295402e-11
6116.567738813364,345.73223900049163,-2.806786061356869e-12
6122.580834578895,346.41007558858587,1.2643652656167205e-12
6128.7423779566625,347.1053370994233,-9.325292969529484e-12
6132.578233949642,347.53852390801353,-9.58894450718659e-13
6135.0335802698555,347.8159507396312,3.118774322397037e-11
6144.135905066746,348.84538117035453,-5.23510481662073e-12
6150.536720184261,349.5701974384288,9.908149244684847e-12
6161.9365493507175,350.8629616593708,1.320412009764499e-12
6171.209870609932,351.9163411855211,-9.044378720109694e-12
6181.04879930288,353.0357014105694,-2.19874470824149e-11
6182.215717532123,353.16857824266197,-3.1921382024092257e-13
6188.309614359605,353.8628970352373,3.961749307281589e-12
6199.08245243431,355.09199272458284,5.863628817940704e-13
6208.656429091274,356.1861019741117,-3.1255420263224426e-14
6220.278615312499,357.51654851337724,-3.322611471666503e-11
6225.613359393819,358.12807503573003,1.961091762629917e-12
6240.783900721939,359.8699529801012,4.1248408769747374e-11
6245.970197191021,360.46641470261244,-1.795720597474084e-11
6252.538877324714,361.22257174977335,-1.3304906213779768e-11
6259.799692381425,362.05932911204474,1.5074124676715675e-12
6262.746107965671,362.3991595785879,-1.5954573376533697e-12
6268.226168213092,363.03163810082265,-1.1919330975722064e-11
6273.00845937236,363.5840359597407,5.202400762909907e-12
6274.692127161871,363.77861507773804,4.269646316157523e-11
6278.876238971767,364.2623931209394,-1.3771532580612323e-14
6297.772394761362,366.45123338298964,2.6080633093011637e-12
6300.250918658798,366.73882167290685,-4.2823902632292e-11
6305.940810176455,367.3994597088637,4.2691769301455174e-12
6310.257712367908,367.9010815099154,1.7505835728184639e-12
6318.154912854754,368.819620524226,2.086596179592253e-11
6324.891458004631,369.6040693833139,-4.224732149559639e-11
6334.76295861318,370.7550836511443,-4.672472248082906e-11
6340.284985114642,371.39973333995295,-2.6616983317170863e-12
6343.3967629960825,371.7632544249645,-9.493181960225697e-14
6347.9949031813285,372.30074039781135,-5.870528058911913e-13
6348.282404067397,372.3343598991193,-5.222366113948422e-11
6349.3196633612115,372.4556665820492,7.868774573157262e-12
6352.020544313431,372.77162553860074,-1.3329126291019232e-13
6363.000082212203,374.0574355746003,-6.718266825065641e-12
6371.298156562708,375.0306936562943,2.5283499326208426e-11
6381.728372985566,376.25582390585873,7.490237038886366e-15
6384.238840071498,376.5510018723667,-6.611054602005034e-13
6389.770889638499,377.20186397574344,3.734266439981833e-11
6390.274484687082,377.261141427697,2.2054164940872565e-11
6397.189546645833,378.07557596238826,9.410531575848667e-13
6422.534746699169,381.06818572726036,6.805554343007306e-12
6431.436634564166,382.12207534938426,2.986855202419206e-11
6443.482872226233,383.55054701293477,1.3994485297230227e-11
6450.775630471412,384.4166386989164,2.961283688010816e-13
6454.368454551336,384.8436845339946,-3.07269698830966e-11
6460.439802528686,385.56587003951483,4.864726574297988e-12
6464.375248260411,386.034353157256,-1.7741051455884404e-11
6471.636063317089,386.8994434553675,2.450768274477752e-11
6471.971793349474,386.93946752259353,-2.244197700853581e-12
6487.145466123643,388.75056495008636,9.501022885722653e-12
6503.585646865816,390.71761704372165,3.8136263029503526e-12
6508.562112064622,391.314028033797,-3.3090137438081545e-13
6509.130850944487,391.38221833713,1.5915687801951143e-12
6509.418351830554,391.41669120829977,1.5924128501881584e-11
6516.662252202263,392.2857755191659,-7.038083975935056e-13
6538.456594429664,394.90637273896914,7.477957035246404e-13
6545.151802052601,395.71317529642073,-6.176301700552394e-12
6547.193748724577,395.9594033517127,4.8593354871537696e-11
6554.396311569371,396.82853735832,3.2917350950322496e-11
6554.945633045279,396.8948632580516,1.1853339359389043e-13
6564.167593711956,398.0091665817195,5.545509171835917e-12
6566.736313009747,398.31982773601106,-7.661648902188433e-14
6568.968673548009,398.5899083442264,-1.6594458524565525e-12
6574.5007231149875,399.2595951785214,-4.2894281673096194e-12
6576.148687542708,399.45919985537773,-1.0814837227558677e-11
6586.714825793213,400.7401798489058,-7.515731002235292e-12
6589.661241377438,401.09775362804095,1.9404186424788986e-12
6592.714767046995,401.4684949126281,-1.0838124820111722e-11
6601.2483529639285,402.5055038783054,-2.3442746404765572e-11
6608.198489557283,403.35108183247,-2.507639362150316e-12
6615.2588676821015,404.21098323992396,2.7431189126920197e-12
6618.005475061633,404.54574762688816,-7.065491934476555e-14
6630.9881248244,406.12999104497317,-4.195265978982659e-15
6635.883788961236,406.7282040248082,-2.6135708670369112e-11
6638.729986079541,407.0761906472268,8.571900013147072e-12
6653.787783157061,408.91969585909436,1.2734601385232934e-11
6656.146042457464,409.20879255767034,-8.995680525633366e-13
6656.588882575179,409.2630913189668,2.4733218342553627e-12
6657.762063696681,409.4069581726902,2.947073985615114e-11
6676.234796772358,411.67560652167145,-3.923204255300794e-11
6676.670745270662,411.72922156272415,1.5383998191370962e-11
6680.515995602001,412.202280548102,5.821282551962169e-12
6682.490295723695,412.44527313535804,-3.816071028653854e-12
6683.627773483419,412.5853040376245,-3.582797799409534e-13
6689.495553082772,413.30804442236405,-7.807870671543336e-12
6712.811332248528,416.18613973023565,-3.1884332984669797e-12
6716.068426296044,416.5889919528537,-1.3188361953595308e-13
6725.403759940293,417.7447112424794,2.2790187000359715e-11
6738.9839603252585,419.42881353639547,3.6094606490646456e-11
6758.7363558805955,421.88440366604766,4.60075646039669e-12
6762.710636420207,422.3793491547712,5.543644172198106e-12
6763.680249163737,422.5001460934673,-4.397665184518083e-14
6777.690763881865,424.247546401668,-1.4764128398242547e-12
6778.194358930445,424.31042241701175,1.6644247825974714e-12
6779.115742527653,424.42547322857183,8.540754667470846e-12
6783.548520415656,424.9792014544863,9.098748289906052e-12
6788.679696118945,425.62062325988404,-2.1920575897562942e-11
6811.569549851901,428.4878732844088,1.4960134374974732e-12
6818.898011458804,429.40789748337585,-8.986081459848635e-12
6820.836608218717,429.65143680005235,-7.322612532592512e-13
6822.956224506507,429.9177962102733,-3.30725756731403e-11
6826.759508583787,430.39593948558763,1.0218474774561984e-13
6844.763721245463,432.663018823646,9.713164217865466e-13
6847.955671461689,433.0655703682545,1.2056985638176923e-11
6850.757399606941,433.4190638761319,-8.048945603164479e-12
6851.193348105243,433.4740804153804,9.40049267768053e-12
6852.2951225031875,433.61313954128303,-1.3388986273372492e-12
6854.99663218252,433.9542019576457,2.518170340731666e-13
6861.455699511805,434.7701965679485,5.739030676962175e-12
6867.498235746743,435.5342652363604,3.903309964324024e-11
6891.082727121671,438.52292060796884,-2.7647922432384414e-11
6901.331924016541,439.8249051305048,-4.3705448259880367e-13
6903.44151723878,440.0931328672109,5.131890226228846e-11
6907.690772879903,440.63366040545543,-6.38308834271781e-11
6916.518122575125,441.75760861354854,-9.47093202448452e-12
6922.34769609368,442.5006499282785,-4.586715718930896e-12
6935.11362296672,444.12998988277076,3.667240535812815e-12
6938.312464802355,444.5387346181739,1.006281897193181e-11
6941.42424268376,444.93653527635223,-1.909542380258264e-11
6944.826652897362,445.371693666288,-3.301500202130688e-12
6965.6451194887895,448.03895934827693,-1.0424735430965606e-11
6968.8245439204675,448.4470105221824,-2.2330454734328237e-11
6972.56018144746,448.9266846799575,-1.0445458909416566e-14
6975.959460214928,449.3633921089602,-9.100598042906226e-12
6980.234396152274,449.9128979134427,-1.8718971746418024e-11
6981.0386465986,450.0163149315611,-2.303384583719331e-12
6984.828776164184,450.5038407854109,-1.1144548437005794e-11
6991.969955350914,451.4231324490875,2.1533836478011237e-12
6995.036006804989,451.818116790408,-4.150785128338156e-15
6998.138390347984,452.21795787311066,9.120779262460813e-12
7008.054359929445,453.4971358231061,-3.374401176352473e-11
7011.86766707226,453.9895415158791,-2.3942310848898736e-11
7016.410686491711,454.5765233324789,3.8926580341079335e-11
7026.649860321011,455.9008720776351,6.468940667689742e-13
7027.9783806741525,456.07284626061033,-2.5660612866005135e-13
7056.001912829268,459.70800987491504,-1.2104927174363164e-11
7064.442171899625,460.80570014020503,2.240382697446465e-11
7069.754367130765,461.4972457580227,1.632262506703124e-11
7075.040253338534,462.1858824127498,-4.274910563500317e-12
7077.460525024064,462.50136325204744,-9.241627352806182e-12
7080.129462787746,462.84938265487864,-1.503024661421053e-12
7092.052304406515,464.40567853837365,7.08519552284492e-13
7095.445320281704,464.8490496303462,-5.44970344807185e-13
7103.4521335727495,465.89615407757276,1.941516481647999e-12
7112.66720261992,467.1027318880181,-4.290435558367654e-11
7113.323634181151,467.1887416326885,-9.010041300384249e-13
7114.8225222694755,467.3851650244791,1.688657868162509e-12
7123.466349717794,468.51871212026,6.116951089721226e-12
7126.903834566024,468.9698846184732,2.7239010540840406e-12
7128.85558583761,469.2261503343467,-1.7855055536392476e-11
7134.083848560649,469.9129690499705,-4.9787486708609596e-11
7137.095407976126,470.3088157028834,2.77485276311715e-12
7147.428537379048,471.6682972577918,-5.8594736740607465e-12
7147.596402395239,471.69039870916134,9.002068792754728e-12
7153.674641991924,472.4910218399363,-5.09438283924796e-13
7176.977895372945,475.56682262589214,-2.20255932517227e-11
7178.050229301375,475.7086009292609,2.2396671406386257e-11
7189.11432843521,477.17267417506685,6.956573714429112e-13
7189.695593099611,477.24965322473736,-2.585878957776032e-11
7193.3761098608575,477.73722227004475,7.842106318055209e-16
7212.058674206598,480.21600543212656,9.556862447926743e-12
7226.715597420301,482.16517139778006,-1.6872310794471198e-11
7227.177226214827,482.226625856894,-5.0501279425043205e-11
7235.87554570172,483.38532585432057,9.09871562188587e-13
7252.1509928736095,485.55711592192773,-1.8016134937522836e-11
7266.6983032829785,487.50243382302034,-3.2849717373974095e-12
7273.3221041822735,488.3894835486229,5.32128080186999e-12
7293.536128531954,491.10151272959706,-5.816533148258352e-12
7297.342544055338,491.61304533609734,2.1401858521703244e-12
7302.874593622247,492.35695646791083,4.53697708935161e-11
7308.87453487595,493.16442365930266,-3.266339734110369e-12
7310.1673518673115,493.3384967505911,-6.649377864221416e-13
7315.233383739271,494.02091616280245,-3.7197462586367334e-11
7325.0046658817255,495.3384912421691,-9.077361209343512e-12
7328.309989075527,495.78458432244804,6.864797018387225e-12
7333.30274023208,496.458797668106,-2.7534078807059896e-11
7334.9694933365945,496.68397564574013,4.934547328553438e-11
7346.020437958717,498.1782502772545,9.284662269730572e-12
7350.104331302611,498.7310310159203,-7.293785926773241e-12
7351.206734427688,498.8803008955703,1.341588604857255e-11
7352.04355678965,498.99362500305875,2.3754762171839965e-11
7352.06923708588,498.9971028825904,-6.877688219944668e-12
7353.564993728065,499.1996939906505,-7.86679997623638e-13
7356.218274261057,499.5591660375293,-1.714708444593937e-11
7360.6253718527905,500.15653550818416,8.823199180980503e-14
7371.019884913682,501.5668990786242,2.2298323230544593e-14
7373.921831524825,501.9610006426875,-1.2641707216218951e-11
7378.771769234273,502.61999722672584,-3.3708661285839793e-12
7380.616410420521,502.8707558843142,1.61855939305758e-11
7381.046724753691,502.9292613960642,-3.774440025898074e-13
7395.884038768088,504.94862817177403,-4.517533733945223e-11
7403.280146925195,505.9567572041531,1.9261227520750253e-11
7419.84622642924,508.2184584251618,2.44582205372718e-11
7422.82271121007,508.62536185166795,2.4008931560122715e-11
7426.128034403869,509.07741071112355,8.933158086966274e-14
7426.505730690299,509.12907873685754,8.704312017451903e-12
7451.796438704575,512.5947713633475,8.772630764999019e-13
7457.674241369402,513.401918864835,-6.452747417172008e-13
7464.010541382617,514.2727406268044,-1.383333968019263e-11
7467.793779328757,514.7930379924342,8.773780034488073e-12
7476.534693796809,515.9961580172948,8.997345472065872e-12
7478.870404247087,516.3178889849328,1.6706307355761974e-12
7479.972178645019,516.4696870893737,5.3465792688176605e-14
7480.967471684762,516.6068338386185,-5.438562691446299e-12
7489.307512289151,517.7567697132633,-3.1087632905484853e-13
7494.138032594629,518.4233942361759,-3.994931438230154e-13
7495.175291888425,518.5665948081501,6.801058932529625e-12
7523.580280503044,522.4957958347895,-4.835861749438194e-11
7524.4590691190515,522.6175937965387,3.109723040776819e-11
7526.759704934695,522.9365236878781,3.6650958625055755e-11
7528.362571662203,523.1587816771573,-8.879471393456697e-12
7529.871482816071,523.3680547696707,-2.106166453325602e-11
7542.182672513877,525.0770787206885,1.0232236635094494e-12
7571.066204607968,529.0976134240105,-1.2083294691578386e-11
7582.8017638065,530.7355722012045,-3.0025342361044677e-12
7589.842095800106,531.7194249043218,-1.6233004992065077e-11
7615.097100452551,535.2562030688397,-3.810807774787295e-12
7619.766647361245,535.9114258624263,-4.831721037794089e-12
7620.629150019432,536.0324946987557,6.909502275930001e-12
7625.582437640914,536.7280492063854,-9.642622837019021e-12
7626.516347022651,536.8592420143968,-5.450201492031199e-13
7635.39568603737,538.1073876538301,-4.2540043497007505e-11
7635.731416069751,538.1546088478367,1.2242389638133158e-11
7637.082485272971,538.3446607998503,3.3148039427407197e-12
7638.5074639187405,538.5451458659624,2.7685576941327006e-11
7653.057277047022,540.5943490558813,-2.052923486371168e-12
7657.584010508609,541.2326918865891,-5.754282832185123e-12
7663.942859371899,542.1300302390679,1.3057845762266793e-11
7670.81595507645,543.1007749234213,6.048021942178782e-15
7677.116551727868,543.991425264957,-2.764840115309051e-12
7684.858412982877,545.0868136130522,1.75461526337859e-11
7692.119228039403,546.1151425044579,3.903402023390558e-12
7695.088821200808,546.5359974745317,3.082916093470019e-11
7696.394163976704,546.7210439069612,1.701193279862673e-11
7700.251940092522,547.2681087772648,6.763304318650456e-12
7709.286618338877,548.5503744159173,-2.5220562453632377e-11
7712.992815396325,549.0768191122069,-1.5021362941598233e-11
7726.8899571366455,551.0530840502598,-4.550602751342879e-11
7738.961246367536,552.772587943206,5.692914035603718e-12
7742.832805722178,553.3246436297193,4.2261075903433834e-13
7743.456036640622,553.4135375431416,1.5687555669751705e-11
7746.761359834404,553.8851085804978,-3.576440799424251e-11
7752.037851703715,554.6383236585744,-1.0506256644875242e-12
7753.420864095432,554.8358324222063,-1.058462990164869e-11
7758.93975915062,555.6243397038346,1.6825839656144087e-15
7768.100336159114,556.934387631533,-8.150567936824681e-13
7773.8321939306725,557.754882944918,1.1162761412835002e-12
7784.608792178354,559.2991537091494,-2.6881785549446578e-11
7799.643411678366,561.4571668715583,-8.441200624634741e-12
7803.617692217914,562.0283160760055,2.254076879434497e-13
7804.344273048406,562.1327654433317,-2.4771079034451076e-12
7810.7425854467365,563.0529724274027,-9.490796219121893e-13
7822.090425293258,564.6868765431155,-3.39033333470249e-11
7833.658119475564,566.3548775784252,-2.2262916234012789e-13
7838.2975971875985,567.0245585647718,-6.3085759275609615e-12
7838.320774764832,567.0279051054093,-1.0073865540634623e-11
7843.574089056904,567.7866706513481,-3.743157711094341e-12
7845.015353660487,567.9949294212483,-5.380204184652369e-12
7854.854282353143,569.4176497575124,-8.974069350621748e-12
7856.602465246745,569.6706255705998,4.0005255427247995e-11
7879.828049011712,573.0368924728988,7.19356894634839e-13
7881.983368661243,573.3497837784648,-6.41490176100378e-12
7891.521641956151,574.7354979229369,-1.3427536004612313e-12
7900.999160320195,576.1140455412459,9.270720034849434e-13
7901.125059082339,576.1323692175657,-4.055825286552783e-13
7903.955598969908,576.5444113971745,4.27354622810686e-11
7903.968753481593,576.5463266462441,-1.1456396085276959e-12
7911.500154739199,577.6433946255839,-3.648948047106013e-12
7918.948252215849,578.72935567503,1.2680755617475186e-11
7924.13454868478,579.4861410159555,-1.7771991123629907e-11
7927.439871878558,579.9687128999965,7.632313256371754e-14
7938.551571431455,581.5924786844871,-2.6562853872867396e-11
7948.186931746137,583.002346468507,-4.759123108758366e-12
7957.42517837043,584.3557135823571,3.073378781490883e-13
7965.758327355354,585.5778360453089,-7.853310712574038e-12
7971.57787780827,586.4320779111008,-3.080802892695691e-12
7972.715355567972,586.599119213285,2.0226674718057904e-12
7981.552728328605,587.8977202322302,5.409712750607568e-12
7982.858071104497,588.0896547759719,1.982616222402487e-11
8013.5699584268405,592.6145153549039,2.4842718839945275e-12
8014.9529708185555,592.8186869182624,-5.127145491713607e-11
8016.555837546053,593.0553592512648,-6.283515549401491e-12
8019.0343614434205,593.4214204854983,-1.945796710884672e-11
8033.567888613815,595.5702014687089,3.0909214565230315e-11
8036.369616759018,595.9848841144856,2.5675283764503496e-11
8041.164433702688,596.6948985023243,-2.735090412262947e-12
8047.523282565947,597.6371672886795,-8.872529502804627e-12
8049.462508052968,597.9246743734811,2.5020521171506515e-11
8065.592639058585,600.3187913748901,-8.139125990320888e-12
8071.072699305841,601.1332608367769,2.8237175014777932e-11
8072.778287218251,601.3868653217493,1.323927969389205e-12
8083.496633254022,602.9818065651913,3.965739678215029e-12
8087.670721998246,603.6035035054123,-1.998324627044627e-12
8095.56792248486,604.7806060054313,4.777920904728784e-12
8096.3402297426765,604.8957824923997,3.672007265545798e-12
8113.336623579743,607.4332870037468,-1.1157153464657983e-13
8121.815088730749,608.7010826930763,-6.959555078269644e-14
8143.994018863455,612.0237889100032,-6.044762386449594e-12
8155.112610035735,613.692915372637,7.0968914369480735e-12
8157.723295587513,614.0851624472091,-2.06870125990039e-11
8158.79562951593,614.2463135330839,2.2637314838089643e-14
8165.212730591048,615.211122582822,7.67093212774324e-12
8170.489222460333,616.0050096997531,5.4731730614690615e-12
8172.528666413266,616.3119965061255,1.0625820321881408e-12
8174.625105123782,616.6276422939626,-6.026585381121113e-11
8184.451508031861,618.1082125954824,-2.508455862818101e-12
8186.726463551255,618.4512397647176,-3.274281044558027e-13
8187.701710459896,618.5983207074687,1.1122019696479875e-11
8193.556964274576,619.4817436505755,9.43620235426922e-12
8195.999784810161,619.850495706741,-7.66712309123496e-14
8196.778354960246,619.9680466153382,3.2580698567731615e-11
8208.824592621986,621.7882474267749,2.6595158895817462e-12
8209.496052686742,621.8897844907078,-1.1816954801175101e-11
8220.999231764858,623.630565803617,2.8898994944870477e-11
8223.316153538302,623.9814815435418,-1.898339031594908e-12
8227.914293723412,624.6781983287291,-4.621205277269204e-12
8228.20179460947,624.7217738117585,-3.887699966855191e-11
8240.008131804323,626.5125332847759,2.6222641976988628e-11
8242.774156587742,626.9324491364313,-6.771110680910195e-13
8246.03125063519,627.427095899669,-6.345679674923749e-12
8262.02545981308,629.8589325740868,9.654114347204573e-13
8273.729075823017,631.6413924448323,-2.855256291051959e-13
8274.472571338469,631.7547119939044,3.0244753371131133e-13
8279.237947812626,632.4812665872047,3.9624750968432026e-11
8281.05753742977,632.7588012368712,1.7381870234229282e-12
8285.920629650846,633.5008483593489,1.9897039634478582e-11
8291.61991550673,634.3710426288255,-5.213236539077347e-13
8311.356025103812,637.3890699485888,-4.9091327810971264e-11
8317.065962752387,638.2635664637529,1.4484005811251128e-12
8317.870213198697,638.3867884285838,-2.391785655301345e-12
8327.185500711637,639.8148837519642,1.4214152032338545e-11
8335.926415179598,641.1563775272344,2.9158353780823484e-11
8344.795731128694,642.5190160238262,2.8307633234322245e-11
8352.056546185166,643.6356109746026,-1.4281407715526564e-12
8354.567013271022,644.0219058073437,-7.927104235319193e-12
8354.667231736938,644.0373292022285,-1.187246377191645e-11
8362.279434056463,645.2093706210103,4.064883760326362e-12
8383.850790501352,648.5364839894638,5.037871566723607e-11
8411.248589018538,652.7746105883525,-2.8011766906306164e-11
8417.148311806248,653.6890396756513,1.469069322383938e-11
8421.487762847652,654.3620432701686,2.3320931029850014e-12
8426.744837312966,655.1778253450392,3.7155966919145986e-11
8436.516119455286,656.6954654488327,2.99041926471906e-12
8441.576517162046,657.4821193422788,-7.454388815752635e-12
8444.814193805529,657.9856732677904,6.092844508636494e-11
8448.730222133183,658.5949888473702,3.4690469324662066e-13
8449.23381718175,658.6733663665482,-2.629747852957539e-11
8459.615804457962,660.2902182395717,4.7262096910549615e-12
8462.718188000894,660.7737571531322,-2.968693041991525e-11
8471.251145190461,662.1046221895592,1.357727059827902e-12
8472.634157582168,662.3204536524385,1.781105962980322e-11
8476.495693871231,662.923267482378,4.500239559901437e-15
8476.883413223206,662.9838084603097,5.835921489192568e-11
8492.558178326499,665.4336854167555,8.352037699923194e-13
8496.76170754021,666.0914428181238,3.905299419920908e-11
8497.062362937953,666.1385010714336,-8.889825964493691e-12
8497.924865596131,666.273508282173,-1.4125724365260153e-12
8502.073902771253,666.9231469932877,-1.481325237892477e-11
8523.334580752819,670.2570298065024,2.115315585425305e-11
8534.334164782329,671.9851407407406,-5.312565860703937e-11
8537.681454230133,672.5114654362222,2.1933650734095735e-11
8539.62005099,672.8163829771515,1.7635489925911261e-12
8543.032484269082,673.3532851431737,-2.8050877060009297e-13
8548.512544516312,674.2159504578746,3.6656508577586693e-13
8548.890240802735,674.275427387088,9.922363013788429e-12
8563.5471640162,676.5855251800738,-2.8195898005183575e-12
8570.587496009728,677.6965685062495,-1.6404654640884887e-14
8588.046147368372,680.4556788799999,-1.9908340486383916e-11
8588.94059321505,680.5971854852068,-1.1738270553630986e-12
8599.254933940972,682.2300398042756,-5.366383381019571e-13
8601.968969404787,682.6600220733579,1.2862655844569152e-12
8606.153081214537,683.3231730890478,-5.793510042056752e-11
8608.91910599795,683.7617447799369,2.180356277301922e-12
8622.01512873796,685.8401198546634,3.408276145934663e-11
8622.224960008194,685.8734463734455,7.387848665919983e-13
8635.301565344249,687.9519426275039,-1.3634187901288085e-13
8642.630026950974,689.1181619887342,-9.1090478287913e-12
8653.69412608461,690.8807286622782,-2.264008232102813e-12
8656.424447506246,691.3160294963612,-5.252484998276507e-12
8657.095907570998,691.4231028116636,1.4486031321380126e-13
8670.134306826278,693.5038968805486,2.1300589871798946e-12
8681.482146672697,695.3174438888173,3.9512041097437724e-11
8681.918095170988,695.3871620047597,-2.365819495646561e-12
8684.971620840455,695.8755885978334,2.3052433500993447e-11
8687.607986688445,696.29742656702,-3.2145324444962947e-13
8697.68931856689,697.9116948503439,-1.0218985608388286e-11
8697.712496144124,697.9154083054841,-3.2642871276226296e-11
8699.017838920006,698.1245631275056,-8.501218794337251e-12
8715.347778130203,700.7437585698638,7.97725893606752e-14
8723.147891596991,701.9965697436816,3.557423447817559e-11
8726.837802696577,702.5896133911057,-4.857409618376451e-13
8731.278100931024,703.3035919881526,1.0690392109468493e-11
8768.927599061746,709.372045438463,-1.0469431922988724e-13
8774.785355595386,710.3185626378903,-1.7424296222294076e-13
8777.257616600462,710.7182290689202,-2.2921457549242624e-12
8781.251314543928,711.3640892760436,-8.735892459843518e-12
8781.752406873498,711.4451465937461,7.394493575420838e-12
8784.363092425257,711.8675291553075,2.1165444866862986e-13
8788.62800529696,712.5578190765474,9.106919308221365e-13
8797.94329280986,714.0666935829885,-4.302645413342245e-11
8805.068186038608,715.2218505791504,1.1083405227442179e-12
8806.241367160077,715.4121477784294,-2.203217854061211e-11
8814.228763047002,716.7084264695786,1.3122262541669704e-12
8820.798071907588,717.7754438310319,5.5799267798580275e-11
8821.343633210201,717.8640921580136,3.1372273386797594e-11
8831.45064538486,719.5073735177826,-6.175566177113164e-13
8832.753485441748,719.7193369082803,1.0660746498729005e-12
8835.59968255997,720.1825029669428,-2.5383707122584514e-11
8850.4726999359,722.6052393618796,-5.68544469854314e-12
8850.657479637051,722.6353646310773,-5.194354145956694e-13
8855.142246844534,723.3667245106467,-2.1784194835981173e-11
8855.878850740568,723.4868826769309,-6.771444186593119e-12
8858.848443901938,723.9713975415837,9.951946552927907e-12
8867.859944570951,725.4426964059123,-7.944329512920434e-12
8880.497469962549,727.5085326237927,1.4613579533396527e-14
8884.426024074728,728.1513265449976,-1.2906500252392282e-11
8896.833672064991,730.1833450976283,3.2235802674251127e-13
8906.915003943419,731.8364676360166,-1.437114221781503e-11
8907.897771198606,731.9977205681372,-2.018892633505777e-12
8912.938122774247,732.8250235343991,9.8142971837913e-12
8919.016362370807,733.8233037000663,-9.676310676402155e-14
8922.254039014277,734.3553322371569,2.0996935974518006e-12
8922.273456418234,734.3585235685068,-9.295345754832585e-13
8926.170067341915,734.9990883732963,2.674743131272982e-12
8942.144859115748,737.6281119708195,1.0474372084551414e-12
8970.934435635763,742.377976300712,-2.592946355544822e-13
8975.985439004095,743.2128932201324,-3.4833130059852196e-13
8994.315358632117,746.2467256360408,2.510105106031652e-15
9008.774976359828,748.644341217253,2.933012915098286e-11
9009.93500296961,748.8368574376607,2.5712913014466274e-12
9017.115016964079,750.0289929753252,2.4106408922134774e-11
9024.604451967554,751.2735152149016,1.2424348581078834e-11
9031.92038778971,752.4902046494065,-2.3844874870168125e-12
9035.646002251064,753.1101783256013,3.9315744065754834e-11
9037.083506681354,753.3494595490023,7.020051763024351e-12
9041.633417720112,754.1070704064135,-3.961236966969877e-14
9052.086182992678,755.8490165906251,-1.2501429330199923e-11
9053.752936097157,756.1269659067545,7.101554136567864e-13
9054.421893442917,756.2385362542979,6.6005332035853645e-12
9057.90197327226,756.819085495217,1.2705989902706411e-11
9068.21631399814,758.5410411528915,8.61662179068905e-12
9069.689521790206,758.7871497757035,5.3322899855349146e-11
9073.29550038169,759.3897198593836,1.5671293009244852e-14
9081.760811020933,760.8052404128612,-1.2777388007532831e-11
9086.737276219572,761.637992402216,1.29309248691562e-12
9094.837416356935,762.9944296498863,2.3580460237814565e-12
9097.555211994017,763.4498183999043,8.115009209416291e-12
9116.6317585836,766.650078138991,-2.505362688665755e-12
9119.217392566272,767.0843570279276,1.8704280060223714e-13
9124.438763669777,767.9617054912009,6.8016192974802886e-12
9128.713699607017,768.6803980897455,1.5154475149384976e-13
9142.468656627178,770.9951346428431,-5.9110154073573274e-12
9145.289173449166,771.4702125519167,1.252598805079021e-13
9146.875754218829,771.7375150235717,-5.4431293098686884e-12
9147.143837700929,771.7826855212702,5.55950922754149e-12
9151.01163688224,772.4345343815547,-8.443319261271487e-13
9152.675887267726,772.7150990240928,9.007406213857392e-13
9160.973961617918,774.1147762882701,-5.534794399898062e-11
9182.793984140802,777.801320293867,3.374943208614326e-11
9186.373653708912,778.4069512942568,8.400789449932155e-12
9204.924056399832,781.5492060798665,1.4908896332628242e-11
9208.035834281152,782.0769313327077,-6.4690154593693795e-12
9208.73736354255,782.1959280580833,9.762691411855779e-13
9216.928327807413,783.5859891850195,2.4385563061431047e-11
9223.51955679093,784.7054619817575,-1.9149459647116735e-12
9229.352261755463,785.6967723626236,-2.6269141702562837e-12
9229.410513967328,785.7066759078429,4.1233639594170345e-11
9233.135499701535,786.3400960721209,-2.2732053967130432e-11
9234.321206607541,786.5417748119204,3.0134682514924845e-12
9245.543147691764,788.4518147287948,5.273896736121866e-13
9247.314508162575,788.7535226105103,-2.0090665456859528e-11
9260.966115270676,791.0806788222151,-2.968782090472372e-12
9261.802937632623,791.223441560353,1.6318124314972869e-12
9277.15449848798,793.8447222363425,5.652196167935751e-13
9286.13655868746,795.380423054325,6.01746097556349e-11
9288.92200087481,795.8569637786514,-5.270724875986369e-11
9290.986496396807,796.2102552846695,1.0680299483203353e-11
9294.256744955906,796.7700447129321,3.1895918062814917e-13
9298.237917114811,797.4517933899019,7.242581948433374e-13
9308.153886696015,799.1511050121356,1.9747366468064182e-12
9310.193330648926,799.500831543122,3.6735829088302423e-14
9318.930484943534,800.9999574674199,-3.595200880077358e-11
9354.514858824938,807.1200707864249,1.7614831947943534e-13
9356.3695230767,807.4396917793501,-5.574933470122141e-12
9361.465624145201,808.3182475397251,1.725962989313966e-11
9372.64246752923,810.2467840586556,-1.3472439722328342e-11
9374.057423109423,810.4910952228614,-7.981396142662985e-12
9379.1691814086,811.3740165191382,-3.0080475697157246e-11
9389.599397831049,813.1770541023599,-1.455693059358113e-14
9401.131388651407,815.1728845258817,6.943079957919705e-12
9402.42420564274,815.3967838124968,6.293920653942423e-13
9404.934672728576,815.8316523858089,-3.9917954138446147e-13
9409.79087333019,816.6731835157057,3.458666626063281e-11
9413.872263955003,817.3807837773206,1.3993875957091888e-11
9420.56684285056,818.5421030554425,-2.12516503262925e-11
9423.585293885377,819.0659886021169,6.878479404790744e-13
9425.79510557347,819.4496322619441,-3.655320947281571e-11
9429.97921738319,820.1762790079986,-2.656619657571106e-14
9430.47028664721,820.2615832192466,4.4842369715954685e-12
9438.290446245051,821.6206308377938,-1.532074370107613e-12
9445.821847502551,822.930560694168,9.585049007392165e-13
9447.437868741712,823.2117699680655,-6.449267355449374e-11
9451.353897069333,823.8934107164205,-3.3898584132131586e-11
9472.204306848673,827.5274789302804,-1.5228295252785314e-13
9478.149756063653,828.5651929458322,-1.0098727293143541e-12
9481.782043678491,829.1994899799791,2.2283933560158615e-13
9482.644546336664,829.3501423048525,-4.813113298158073e-12
9513.28878710832,834.7116283840801,-1.2281220285052037e-11
9515.87442109098,835.1647997054112,7.234098835957079e-12
9518.426854430862,835.61227290345,2.0589177651002406e-11
9528.659765367607,837.4074340128493,-4.8372055234573085e-12
9548.913253251872,840.9661934269731,-9.6831935999004e-13
9553.232658162138,841.726137716247,3.034684323832754e-11
9560.14772012061,842.9434703332535,-1.9698280377996805e-12
9566.309263498097,844.0288950786539,-5.6004457803261174e-12
9582.539612969413,846.8913998738009,5.760684219021937e-11
9587.43214565994,847.7552350585772,-6.4364525065579355e-12
9588.103605724687,847.8738237767282,5.950302722636822e-12
9598.611491762944,849.730737222272,1.0348576352542547e-14
9604.82502446002,850.8297259100107,-2.1661697240629834e-12
9605.394392067004,850.9304656349173,3.775778958266559e-11
9606.153544813127,851.0647938383023,1.1682987492411822e-12
9608.57381649859,851.4931194331632,1.966111522338021e-11
9616.71592288997,852.934854117677,-1.0802133204687605e-11
9618.615684841912,853.2714234515648,-1.3203902279127134e-11
9622.752196232454,854.0044941280407,3.3230965716573957e-12
9623.375427150886,854.1149701510603,-2.575718834717689e-11
9634.785279382364,856.1387837344025,-9.465178568539544e-12
9652.68927357756,859.3193245593548,4.611796617657292e-12
9656.863362321723,860.0616760251999,3.4778637651966246e-12
9657.845500849762,860.2363936006961,-1.9951823347340418e-11
9658.304626925285,860.3180759482451,3.154495959179955e-13
9676.841875104456,863.6192499140576,-3.97594091638022e-12
9682.529263902878,864.6333477223279,-1.2974506752216265e-13
9683.537082727144,864.8131104135837,4.502282269690456e-12
9686.17720874839,865.2841132824288,1.2670707927106556e-14
9690.361320558104,866.0308287676135,7.413556296184392e-12
9697.366577916937,867.2817405723102,9.285525915644606e-12
9705.078998702294,868.6599742896359,-9.120187206506984e-12
9705.793053748235,868.7876335780929,-7.15690100935952e-12
9706.8503591731,868.976676672553,1.4207561526061522e-12
9714.533968216096,870.3511019113118,2.537859214280752e-11
9717.83929140982,870.942684597444,6.556754452688341e-14
9724.305250358317,872.1005359054034,8.252655560233984e-12
9731.849806127482,873.45250377968,1.9893943469676164e-12
9733.736413567738,873.7907435807484,-7.375130471585338e-13
9743.817745446104,875.599283139394,-2.089882441757309e-11
9762.458343537317,878.9482425941627,-2.5365123100178546e-11
9765.970995282281,879.5800403650467,-2.976267929475061e-11
9777.11526675064,881.5859922498523,-3.7284644954087565e-11
9778.017232943863,881.7484448634933,3.092522423712672e-12
9781.645760385414,882.4021282684286,-4.710550049950408e-12
9784.376081807026,882.8941587297628,-3.693503919238565e-12
9786.986767358769,883.3647580705081,-2.0679390736589466e-11
9814.050709835126,888.2506718719907,-3.0460817250503317e-12
9820.242322409245,889.3703539373914,2.6601981165441205e-11
9821.582739819749,889.6128460286756,-2.505863630215674e-11
9827.841370217,890.7455197157517,1.3239989493689762e-11
9834.756432175462,891.9978320313216,-1.465543352564604e-12
9835.377160374901,892.1102885060537,-1.1282551989997025e-12
9843.568124639725,893.5948990117419,-2.4942616176093415e-13
9843.665211659507,893.6125034243424,3.516751067648923e-13
9844.294705470205,893.7266513072149,3.251263298721509e-12
9845.6777178619,893.9774624686574,1.2891995426540995e-11
9862.777461610767,897.0814349785371,1.4740310934085968e-11
9877.579072263035,899.7725957804968,3.2559230139867653e-16
9901.942133787279,904.2109638661444,-1.064952331881447e-11
9913.813614813247,906.3776261488778,1.0687247841395047e-11
9916.579639596632,906.8828258370302,-3.648776349826228e-13
9921.249186505233,907.7360134885273,-1.6605062450952873e-12
9924.195602089341,908.274569056099,-1.948074778444817e-12
9931.740157858501,909.6543168625485,2.633325377688058e-12
9945.570281775417,912.1862916213381,-3.7448216354709136e-11
9959.221888883454,914.6890395364404,1.7178066806647108e-12
9966.653700402156,916.0529560299284,4.8170837913770013e-11
9984.760634248138,919.3802738250622,2.9165944953958015e-11
9993.256014083974,920.9434605277851,-8.770603288331318e-13
9996.513108131376,921.543132508249,3.4394877805902746e-13
9999.840980175184,922.1560374427715,-4.181794477773215e-12
