step,epoch,epoch,lr-Adam,lw/param_w,lw/perc_w,lw/sw_w,train/param,train/param_grad/AMP_0,train/param_grad/AMP_1,train/param_grad/BFRQ_0,train/param_grad/CUTOFF_0,train/param_grad/MULT_0,train/param_grad/M_OSC_0,train/param_grad/M_OSC_1,train/param_grad/Q_FILT_0,train/perc,train/spec,train/total,train/wave,val_id/loud,val_id/lsd,val_id/mfcc,val_id/param,val_id/param_group/harmor_amplitudes,val_id/param_group/harmor_cutoff,val_id/param_group/harmor_f0_hz,val_id/param_group/harmor_f0_mult,val_id/param_group/harmor_osc_mix,val_id/param_group/harmor_q,val_id/perc,val_id/spec,val_id/wave,val_ood/loud,val_ood/lsd,val_ood/mfcc,val_ood/param,val_ood/perc,val_ood/spec,val_ood/wave
0,0,,,,,,,,,,,,,,,,,,,,40,,,,,,,,,,,,,40,,,,,
75049,300,,0.00013398,,,,,,,,,,,,,,,,,,,,,,,,,,,,,,,,,,,,
75099,300,,0.00013398,,,,,,,,,,,,,,,,,,,,,,,,,,,,,,,,,,,,
75149,300,,0.00013398,,,,,,,,,,,,,,,,,,,,,,,,,,,,,,,,,,,,
75199,300,,0.00013398,,,,,,,,,,,,,,,,,,,,,,,,,,,,,,,,,,,,
75249,300,300,0.00013398,0,0,1,0,0.000739354,0.000295501,7.2737,0.000273373,1.02396,0.0236239,0.00597991,0.027744,0,2.57706,2.57706,0,6.34917,11.7607,1.33469,0.0823738,0.0795505,0.041776,0.00372617,0.0965914,0.135889,0.13671,0,2.85851,0,7.08571,16.6925,2.50906,0,0,6.6462,0
75299,301,,0.000133947,,,,,,,,,,,,,,,,,,,,,,,,,,,,,,,,,,,,
75349,301,,0.000133947,,,,,,,,,,,,,,,,,,,,,,,,,,,,,,,,,,,,
75399,301,,0.000133947,,,,,,,,,,,,,,,,,,,,,,,,,,,,,,,,,,,,
75449,301,,0.000133947,,,,,,,,,,,,,,,,,,,,,,,,,,,,,,,,,,,,
75499,301,301,0.000133947,0,0,1,0,0.000750413,0.000306031,7.25254,0.000274567,1.07513,0.0242737,0.00619742,0.0280154,0,2.56309,2.56309,0,6.54218,12.3937,1.35084,0.0813201,0.0785475,0.0417921,0.00429767,0.0918464,0.134543,0.136893,0,3.07511,0,7.20142,16.739,2.52312,0,0,6.66857,0
75549,302,,0.000133847,,,,,,,,,,,,,,,,,,,,,,,,,,,,,,,,,,,,
75599,302,,0.000133847,,,,,,,,,,,,,,,,,,,,,,,,,,,,,,,,,,,,
75649,302,,0.000133847,,,,,,,,,,,,,,,,,,,,,,,,,,,,,,,,,,,,
75699,302,,0.000133847,,,,,,,,,,,,,,,,,,,,,,,,,,,,,,,,,,,,
75749,302,302,0.000133847,0,0,1,0,0.000723962,0.00029902,7.39917,0.000268837,1.11166,0.0226724,0.00604445,0.0263618,0,2.56343,2.56343,0,6.46418,12.0768,1.34165,0.0816924,0.0791466,0.0428274,0.00391332,0.0908059,0.135111,0.13835,0,3.02312,0,7.12163,16.7097,2.51655,0,0,6.59263,0
75799,303,,0.000133682,,,,,,,,,,,,,,,,,,,,,,,,,,,,,,,,,,,,
75849,303,,0.000133682,,,,,,,,,,,,,,,,,,,,,,,,,,,,,,,,,,,,
75899,303,,0.000133682,,,,,,,,,,,,,,,,,,,,,,,,,,,,,,,,,,,,
75949,303,,0.000133682,,,,,,,,,,,,,,,,,,,,,,,,,,,,,,,,,,,,
75999,303,303,0.000133682,0,0,1,0,0.000742719,0.000304374,7.39745,0.000275778,1.15368,0.0235622,0.00614436,0.0275474,0,2.53054,2.53054,0,6.49211,12.2405,1.35127,0.082137,0.0794186,0.0434125,0.00398475,0.0899618,0.135182,0.140862,0,3.10161,0,7.17772,16.7472,2.5153,0,0,6.63409,0
76049,304,,0.000133451,,,,,,,,,,,,,,,,,,,,,,,,,,,,,,,,,,,,
76099,304,,0.000133451,,,,,,,,,,,,,,,,,,,,,,,,,,,,,,,,,,,,
76149,304,,0.000133451,,,,,,,,,,,,,,,,,,,,,,,,,,,,,,,,,,,,
76199,304,,0.000133451,,,,,,,,,,,,,,,,,,,,,,,,,,,,,,,,,,,,
76249,304,304,0.000133451,0,0,1,0,0.00073941,0.000291296,7.484,0.000272291,1.09462,0.0235291,0.00583371,0.0271731,0,2.55414,2.55414,0,6.6535,12.6319,1.36656,0.0832088,0.080112,0.044035,0.00438625,0.0895742,0.135654,0.145491,0,3.11184,0,7.19176,16.7663,2.51912,0,0,6.61503,0
76299,305,,0.000133155,,,,,,,,,,,,,,,,,,,,,,,,,,,,,,,,,,,,
76349,305,,0.000133155,,,,,,,,,,,,,,,,,,,,,,,,,,,,,,,,,,,,
76399,305,,0.000133155,,,,,,,,,,,,,,,,,,,,,,,,,,,,,,,,,,,,
76449,305,,0.000133155,,,,,,,,,,,,,,,,,,,,,,,,,,,,,,,,,,,,
76499,305,305,0.000133155,0,0,1,0,0.000749598,0.000295215,7.37905,0.000268061,1.07119,0.0237917,0.00602369,0.0268166,0,2.53527,2.53527,0,6.41343,11.7642,1.33317,0.0839247,0.0808462,0.0450708,0.00379072,0.097965,0.135342,0.140533,0,2.89806,0,7.18555,16.7578,2.52436,0,0,6.55022,0
76549,306,,0.000132793,,,,,,,,,,,,,,,,,,,,,,,,,,,,,,,,,,,,
76599,306,,0.000132793,,,,,,,,,,,,,,,,,,,,,,,,,,,,,,,,,,,,
76649,306,,0.000132793,,,,,,,,,,,,,,,,,,,,,,,,,,,,,,,,,,,,
76699,306,,0.000132793,,,,,,,,,,,,,,,,,,,,,,,,,,,,,,,,,,,,
76749,306,306,0.000132793,0,0,1,0,0.000729637,0.000296936,7.39519,0.000275571,1.07359,0.0228957,0.00590502,0.0266274,0,2.55266,2.55266,0,6.36387,11.8847,1.33662,0.0852435,0.0808871,0.043355,0.0036437,0.102355,0.135316,0.145905,0,2.89521,0,7.09917,16.7011,2.50799,0,0,6.59301,0
76799,307,,0.000132366,,,,,,,,,,,,,,,,,,,,,,,,,,,,,,,,,,,,
76849,307,,0.000132366,,,,,,,,,,,,,,,,,,,,,,,,,,,,,,,,,,,,
76899,307,,0.000132366,,,,,,,,,,,,,,,,,,,,,,,,,,,,,,,,,,,,
76949,307,,0.000132366,,,,,,,,,,,,,,,,,,,,,,,,,,,,,,,,,,,,
76999,307,307,0.000132366,0,0,1,0,0.000748706,0.000294955,7.44547,0.0002747,1.10715,0.0241821,0.00590544,0.0283075,0,2.56725,2.56725,0,6.6998,12.7268,1.3684,0.0855817,0.0799665,0.0433793,0.00541075,0.105046,0.137708,0.141979,0,3.25081,0,7.12699,16.7501,2.53239,0,0,6.64181,0
77049,308,,0.000131875,,,,,,,,,,,,,,,,,,,,,,,,,,,,,,,,,,,,
77099,308,,0.000131875,,,,,,,,,,,,,,,,,,,,,,,,,,,,,,,,,,,,
77149,308,,0.000131875,,,,,,,,,,,,,,,,,,,,,,,,,,,,,,,,,,,,
77199,308,,0.000131875,,,,,,,,,,,,,,,,,,,,,,,,,,,,,,,,,,,,
77249,308,308,0.000131875,0,0,1,0,0.000748425,0.000303725,7.3831,0.000271547,1.10518,0.0240602,0.00622455,0.0282178,0,2.54055,2.54055,0,6.45743,12.0636,1.3516,0.0833426,0.0806343,0.0437396,0.00386904,0.0981475,0.135389,0.138276,0,3.00071,0,7.20992,16.7158,2.53026,0,0,6.59742,0
77299,309,,0.00013132,,,,,,,,,,,,,,,,,,,,,,,,,,,,,,,,,,,,
77349,309,,0.00013132,,,,,,,,,,,,,,,,,,,,,,,,,,,,,,,,,,,,
77399,309,,0.00013132,,,,,,,,,,,,,,,,,,,,,,,,,,,,,,,,,,,,
77449,309,,0.00013132,,,,,,,,,,,,,,,,,,,,,,,,,,,,,,,,,,,,
77499,309,309,0.00013132,0,0,1,0,0.00074643,0.000296324,7.46263,0.000263698,1.16008,0.0235067,0.00597229,0.0266279,0,2.50004,2.50004,0,6.41423,11.9899,1.33592,0.0846053,0.0822384,0.0448126,0.00404886,0.0988241,0.13576,0.141948,0,2.97922,0,7.12838,16.7819,2.51749,0,0,6.62359,0
77549,310,,0.000130701,,,,,,,,,,,,,,,,,,,,,,,,,,,,,,,,,,,,
77599,310,,0.000130701,,,,,,,,,,,,,,,,,,,,,,,,,,,,,,,,,,,,
77649,310,,0.000130701,,,,,,,,,,,,,,,,,,,,,,,,,,,,,,,,,,,,
77699,310,,0.000130701,,,,,,,,,,,,,,,,,,,,,,,,,,,,,,,,,,,,
77749,310,310,0.000130701,0,0,1,0,0.00073914,0.000290685,7.42468,0.000264063,1.17598,0.0237514,0.00576654,0.0275104,0,2.53423,2.53423,0,6.47818,11.83,1.34204,0.0842719,0.0802447,0.0441778,0.00375829,0.0978736,0.13579,0.143786,0,2.88421,0,7.21913,16.7844,2.54561,0,0,6.75422,0
77799,311,,0.000130019,,,,,,,,,,,,,,,,,,,,,,,,,,,,,,,,,,,,
77849,311,,0.000130019,,,,,,,,,,,,,,,,,,,,,,,,,,,,,,,,,,,,
77899,311,,0.000130019,,,,,,,,,,,,,,,,,,,,,,,,,,,,,,,,,,,,
77949,311,,0.000130019,,,,,,,,,,,,,,,,,,,,,,,,,,,,,,,,,,,,
77999,311,311,0.000130019,0,0,1,0,0.000738767,0.000300956,7.68792,0.000267814,1.14638,0.0232479,0.00603504,0.0269598,0,2.4872,2.4872,0,6.4776,12.1357,1.36403,0.0842375,0.0818045,0.0434268,0.00413237,0.099781,0.134404,0.141876,0,3.04988,0,7.26883,16.7225,2.52195,0,0,6.571,0
78049,312,,0.000129275,,,,,,,,,,,,,,,,,,,,,,,,,,,,,,,,,,,,
78099,312,,0.000129275,,,,,,,,,,,,,,,,,,,,,,,,,,,,,,,,,,,,
78149,312,,0.000129275,,,,,,,,,,,,,,,,,,,,,,,,,,,,,,,,,,,,
78199,312,,0.000129275,,,,,,,,,,,,,,,,,,,,,,,,,,,,,,,,,,,,
78249,312,312,0.000129275,0,0,1,0,0.000733154,0.000295772,7.46098,0.00026512,1.10462,0.0233776,0.00592812,0.0267931,0,2.52311,2.52311,0,6.3993,11.9351,1.34506,0.0838785,0.0803781,0.0443253,0.00411857,0.0978317,0.134958,0.14166,0,2.9555,0,7.12295,16.7919,2.53084,0,0,6.72322,0
78299,313,,0.00012847,,,,,,,,,,,,,,,,,,,,,,,,,,,,,,,,,,,,
78349,313,,0.00012847,,,,,,,,,,,,,,,,,,,,,,,,,,,,,,,,,,,,
78399,313,,0.00012847,,,,,,,,,,,,,,,,,,,,,,,,,,,,,,,,,,,,
78449,313,,0.00012847,,,,,,,,,,,,,,,,,,,,,,,,,,,,,,,,,,,,
78499,313,313,0.00012847,0,0,1,0,0.000775002,0.000306127,7.34991,0.000281599,1.11669,0.0253631,0.00660374,0.0295491,0,2.49092,2.49092,0,6.39701,11.9884,1.34753,0.0824462,0.0802164,0.0430153,0.0038686,0.0920057,0.136332,0.139239,0,2.96929,0,7.17716,16.7705,2.53682,0,0,6.77301,0
78549,314,,0.000127604,,,,,,,,,,,,,,,,,,,,,,,,,,,,,,,,,,,,
78599,314,,0.000127604,,,,,,,,,,,,,,,,,,,,,,,,,,,,,,,,,,,,
78649,314,,0.000127604,,,,,,,,,,,,,,,,,,,,,,,,,,,,,,,,,,,,
78699,314,,0.000127604,,,,,,,,,,,,,,,,,,,,,,,,,,,,,,,,,,,,
78749,314,314,0.000127604,0,0,1,0,0.000748678,0.000303084,7.49791,0.000272672,1.13086,0.0242146,0.0062494,0.0286039,0,2.52942,2.52942,0,6.43651,11.9011,1.35268,0.0841999,0.0808938,0.0440987,0.00377127,0.1006,0.134619,0.141216,0,2.93478,0,7.13953,16.69,2.51702,0,0,6.61098,0
78799,315,,0.000126678,,,,,,,,,,,,,,,,,,,,,,,,,,,,,,,,,,,,
78849,315,,0.000126678,,,,,,,,,,,,,,,,,,,,,,,,,,,,,,,,,,,,
78899,315,,0.000126678,,,,,,,,,,,,,,,,,,,,,,,,,,,,,,,,,,,,
78949,315,,0.000126678,,,,,,,,,,,,,,,,,,,,,,,,,,,,,,,,,,,,
78999,315,315,0.000126678,0,0,1,0,0.000762959,0.000301162,7.34257,0.000268103,1.09127,0.0247302,0.00604097,0.0278823,0,2.52929,2.52929,0,6.39981,11.7505,1.3465,0.0853601,0.082488,0.0444842,0.00370024,0.103834,0.13504,0.142614,0,2.89173,0,7.24325,16.7354,2.52158,0,0,6.59754,0
79049,316,,0.000125693,,,,,,,,,,,,,,,,,,,,,,,,,,,,,,,,,,,,
79099,316,,0.000125693,,,,,,,,,,,,,,,,,,,,,,,,,,,,,,,,,,,,
79149,316,,0.000125693,,,,,,,,,,,,,,,,,,,,,,,,,,,,,,,,,,,,
79199,316,,0.000125693,,,,,,,,,,,,,,,,,,,,,,,,,,,,,,,,,,,,
79249,316,316,0.000125693,0,0,1,0,0.000748304,0.000297932,7.51033,0.000261389,1.06409,0.0235712,0.00602087,0.0267249,0,2.50816,2.50816,0,6.40568,11.6083,1.33238,0.0852711,0.0811343,0.0458498,0.00385383,0.102608,0.136332,0.141848,0,2.83008,0,7.23738,16.7459,2.52537,0,0,6.67081,0
79299,317,,0.000124651,,,,,,,,,,,,,,,,,,,,,,,,,,,,,,,,,,,,
79349,317,,0.000124651,,,,,,,,,,,,,,,,,,,,,,,,,,,,,,,,,,,,
79399,317,,0.000124651,,,,,,,,,,,,,,,,,,,,,,,,,,,,,,,,,,,,
79449,317,,0.000124651,,,,,,,,,,,,,,,,,,,,,,,,,,,,,,,,,,,,
79499,317,317,0.000124651,0,0,1,0,0.000750831,0.00029112,7.45907,0.00026421,1.05612,0.0235583,0.0058303,0.0262205,0,2.4953,2.4953,0,6.38875,11.7227,1.35868,0.0879008,0.083573,0.044543,0.00378448,0.112086,0.137103,0.146314,0,2.86077,0,7.30675,16.7261,2.54399,0,0,6.60576,0
79549,318,,0.000123551,,,,,,,,,,,,,,,,,,,,,,,,,,,,,,,,,,,,
79599,318,,0.000123551,,,,,,,,,,,,,,,,,,,,,,,,,,,,,,,,,,,,
79649,318,,0.000123551,,,,,,,,,,,,,,,,,,,,,,,,,,,,,,,,,,,,
79699,318,,0.000123551,,,,,,,,,,,,,,,,,,,,,,,,,,,,,,,,,,,,
79749,318,318,0.000123551,0,0,1,0,0.000765987,0.000293375,7.32676,0.0002681,0.999006,0.0249147,0.00583411,0.0277378,0,2.51611,2.51611,0,6.50193,11.8733,1.36779,0.0881948,0.0841428,0.0447382,0.00381763,0.112476,0.13639,0.147604,0,2.92853,0,7.29895,16.7568,2.55359,0,0,6.5276,0
79799,319,,0.000122396,,,,,,,,,,,,,,,,,,,,,,,,,,,,,,,,,,,,
79849,319,,0.000122396,,,,,,,,,,,,,,,,,,,,,,,,,,,,,,,,,,,,
79899,319,,0.000122396,,,,,,,,,,,,,,,,,,,,,,,,,,,,,,,,,,,,
79949,319,,0.000122396,,,,,,,,,,,,,,,,,,,,,,,,,,,,,,,,,,,,
79999,319,319,0.000122396,0,0,1,0,0.000752894,0.000296061,7.40352,0.000266211,0.986386,0.0242542,0.0059102,0.0272864,0,2.49224,2.49224,0,6.45419,11.7325,1.35635,0.0865087,0.0831817,0.0442755,0.00371708,0.11362,0.135179,0.139079,0,2.88119,0,7.32857,16.7592,2.55534,0,0,6.532,0
80049,320,,0.000121186,,,,,,,,,,,,,,,,,,,,,,,,,,,,,,,,,,,,
80099,320,,0.000121186,,,,,,,,,,,,,,,,,,,,,,,,,,,,,,,,,,,,
80149,320,,0.000121186,,,,,,,,,,,,,,,,,,,,,,,,,,,,,,,,,,,,
80199,320,,0.000121186,,,,,,,,,,,,,,,,,,,,,,,,,,,,,,,,,,,,
80249,320,320,0.000121186,0,0,1,0,0.000751218,0.000295869,7.28389,0.000276387,1.06973,0.0243113,0.00594125,0.0279504,0,2.53411,2.53411,0,6.45402,11.7532,1.34772,0.0853033,0.0814994,0.0430901,0.00386731,0.108346,0.13643,0.138587,0,2.86532,0,7.34133,16.6883,2.54574,0,0,6.5725,0
80299,321,,0.000119922,,,,,,,,,,,,,,,,,,,,,,,,,,,,,,,,,,,,
80349,321,,0.000119922,,,,,,,,,,,,,,,,,,,,,,,,,,,,,,,,,,,,
80399,321,,0.000119922,,,,,,,,,,,,,,,,,,,,,,,,,,,,,,,,,,,,
80449,321,,0.000119922,,,,,,,,,,,,,,,,,,,,,,,,,,,,,,,,,,,,
80499,321,321,0.000119922,0,0,1,0,0.000773644,0.000305672,7.25316,0.000274883,1.11272,0.0250532,0.00629775,0.0277519,0,2.47893,2.47893,0,6.39836,11.7183,1.33827,0.0838371,0.0811754,0.0428351,0.0036725,0.0989121,0.137511,0.138916,0,2.88595,0,7.22405,16.6965,2.54182,0,0,6.62865,0
80549,322,,0.000118606,,,,,,,,,,,,,,,,,,,,,,,,,,,,,,,,,,,,
80599,322,,0.000118606,,,,,,,,,,,,,,,,,,,,,,,,,,,,,,,,,,,,
80649,322,,0.000118606,,,,,,,,,,,,,,,,,,,,,,,,,,,,,,,,,,,,
80699,322,,0.000118606,,,,,,,,,,,,,,,,,,,,,,,,,,,,,,,,,,,,
80749,322,322,0.000118606,0,0,1,0,0.000756325,0.000304321,7.56895,0.000271242,1.15607,0.0239929,0.00605169,0.0270587,0,2.41559,2.41559,0,6.40863,11.6247,1.3431,0.0832395,0.0807277,0.0444879,0.00371555,0.0963073,0.136081,0.138117,0,2.84519,0,7.21771,16.7125,2.53032,0,0,6.61747,0
80799,323,,0.00011724,,,,,,,,,,,,,,,,,,,,,,,,,,,,,,,,,,,,
80849,323,,0.00011724,,,,,,,,,,,,,,,,,,,,,,,,,,,,,,,,,,,,
80899,323,,0.00011724,,,,,,,,,,,,,,,,,,,,,,,,,,,,,,,,,,,,
80949,323,,0.00011724,,,,,,,,,,,,,,,,,,,,,,,,,,,,,,,,,,,,
80999,323,323,0.00011724,0,0,1,0,0.000764887,0.000301479,7.60581,0.000270024,1.13891,0.0246989,0.0060313,0.0277137,0,2.42905,2.42905,0,6.39514,11.4603,1.32796,0.0849904,0.0811131,0.0454108,0.00377169,0.100252,0.137509,0.141886,0,2.77035,0,7.2284,16.7498,2.54876,0,0,6.73556,0
81049,324,,0.000115823,,,,,,,,,,,,,,,,,,,,,,,,,,,,,,,,,,,,
81099,324,,0.000115823,,,,,,,,,,,,,,,,,,,,,,,,,,,,,,,,,,,,
81149,324,,0.000115823,,,,,,,,,,,,,,,,,,,,,,,,,,,,,,,,,,,,
81199,324,,0.000115823,,,,,,,,,,,,,,,,,,,,,,,,,,,,,,,,,,,,
81249,324,324,0.000115823,0,0,1,0,0.000768963,0.000301193,7.52858,0.000276532,1.14224,0.0247256,0.00616701,0.0284535,0,2.4438,2.4438,0,6.34558,11.5698,1.32554,0.0833476,0.0794076,0.0439134,0.00364945,0.0976118,0.136712,0.138791,0,2.82133,0,7.28846,16.7631,2.5482,0,0,6.77355,0
81299,325,,0.000114359,,,,,,,,,,,,,,,,,,,,,,,,,,,,,,,,,,,,
81349,325,,0.000114359,,,,,,,,,,,,,,,,,,,,,,,,,,,,,,,,,,,,
81399,325,,0.000114359,,,,,,,,,,,,,,,,,,,,,,,,,,,,,,,,,,,,
81449,325,,0.000114359,,,,,,,,,,,,,,,,,,,,,,,,,,,,,,,,,,,,
81499,325,325,0.000114359,0,0,1,0,0.00077893,0.000306123,7.56378,0.000284357,1.13968,0.0250402,0.00623164,0.0285768,0,2.38049,2.38049,0,6.53041,12.0561,1.35058,0.0836353,0.0800741,0.044292,0.00402541,0.0985455,0.135603,0.139272,0,2.95276,0,7.23962,16.6963,2.53343,0,0,6.58596,0
81549,326,,0.000112848,,,,,,,,,,,,,,,,,,,,,,,,,,,,,,,,,,,,
81599,326,,0.000112848,,,,,,,,,,,,,,,,,,,,,,,,,,,,,,,,,,,,
81649,326,,0.000112848,,,,,,,,,,,,,,,,,,,,,,,,,,,,,,,,,,,,
81699,326,,0.000112848,,,,,,,,,,,,,,,,,,,,,,,,,,,,,,,,,,,,
81749,326,326,0.000112848,0,0,1,0,0.000773937,0.00030763,7.5699,0.000278945,1.19418,0.0249616,0.00616726,0.0280869,0,2.41763,2.41763,0,6.42513,11.5638,1.33658,0.0842519,0.0813063,0.0434003,0.00379016,0.103721,0.13629,0.137004,0,2.8023,0,7.2612,16.6519,2.52419,0,0,6.53949,0
81799,327,,0.000111291,,,,,,,,,,,,,,,,,,,,,,,,,,,,,,,,,,,,
81849,327,,0.000111291,,,,,,,,,,,,,,,,,,,,,,,,,,,,,,,,,,,,
81899,327,,0.000111291,,,,,,,,,,,,,,,,,,,,,,,,,,,,,,,,,,,,
81949,327,,0.000111291,,,,,,,,,,,,,,,,,,,,,,,,,,,,,,,,,,,,
81999,327,327,0.000111291,0,0,1,0,0.000768742,0.000308542,7.5825,0.000281939,1.13189,0.02448,0.00618061,0.0280007,0,2.38168,2.38168,0,6.49179,11.6715,1.34183,0.0847956,0.0833332,0.0435499,0.00372017,0.104725,0.13554,0.137905,0,2.96266,0,7.43234,16.7108,2.53389,0,0,6.45184,0
82049,328,,0.000109691,,,,,,,,,,,,,,,,,,,,,,,,,,,,,,,,,,,,
82099,328,,0.000109691,,,,,,,,,,,,,,,,,,,,,,,,,,,,,,,,,,,,
82149,328,,0.000109691,,,,,,,,,,,,,,,,,,,,,,,,,,,,,,,,,,,,
82199,328,,0.000109691,,,,,,,,,,,,,,,,,,,,,,,,,,,,,,,,,,,,
82249,328,328,0.000109691,0,0,1,0,0.00077392,0.000312674,7.57914,0.000284943,1.18835,0.0247514,0.00645615,0.0283381,0,2.36824,2.36824,0,6.43077,11.7427,1.33643,0.0839428,0.0815719,0.0437641,0.0039649,0.100334,0.135188,0.138834,0,2.95468,0,7.24801,16.6956,2.52829,0,0,6.6,0
82299,329,,0.000108048,,,,,,,,,,,,,,,,,,,,,,,,,,,,,,,,,,,,
82349,329,,0.000108048,,,,,,,,,,,,,,,,,,,,,,,,,,,,,,,,,,,,
82399,329,,0.000108048,,,,,,,,,,,,,,,,,,,,,,,,,,,,,,,,,,,,
82449,329,,0.000108048,,,,,,,,,,,,,,,,,,,,,,,,,,,,,,,,,,,,
82499,329,329,0.000108048,0,0,1,0,0.000763567,0.000300668,7.50606,0.000277456,1.13192,0.024451,0.00603739,0.0279889,0,2.45071,2.45071,0,6.31782,11.6947,1.32579,0.0859226,0.0795835,0.0437634,0.00372147,0.111226,0.136772,0.14047,0,2.90649,0,7.18938,16.6968,2.51152,0,0,6.71092,0
82549,330,,0.000106365,,,,,,,,,,,,,,,,,,,,,,,,,,,,,,,,,,,,
82599,330,,0.000106365,,,,,,,,,,,,,,,,,,,,,,,,,,,,,,,,,,,,
82649,330,,0.000106365,,,,,,,,,,,,,,,,,,,,,,,,,,,,,,,,,,,,
82699,330,,0.000106365,,,,,,,,,,,,,,,,,,,,,,,,,,,,,,,,,,,,
82749,330,330,0.000106365,0,0,1,0,0.000782309,0.000306946,7.47993,0.000281955,1.12145,0.0253821,0.00623557,0.0290183,0,2.41896,2.41896,0,6.40161,11.7579,1.33249,0.0855099,0.080417,0.0448333,0.00391313,0.10931,0.135521,0.139065,0,2.85713,0,7.1825,16.7701,2.53153,0,0,6.70198,0
82799,331,,0.000104644,,,,,,,,,,,,,,,,,,,,,,,,,,,,,,,,,,,,
82849,331,,0.000104644,,,,,,,,,,,,,,,,,,,,,,,,,,,,,,,,,,,,
82899,331,,0.000104644,,,,,,,,,,,,,,,,,,,,,,,,,,,,,,,,,,,,
82949,331,,0.000104644,,,,,,,,,,,,,,,,,,,,,,,,,,,,,,,,,,,,
82999,331,331,0.000104644,0,0,1,0,0.000763931,0.000310736,7.62913,0.000279835,1.16915,0.0241441,0.00611761,0.0278595,0,2.34359,2.34359,0,6.32046,11.5193,1.32556,0.0850081,0.080059,0.0445276,0.0036188,0.104375,0.136227,0.141241,0,2.825,0,7.28258,16.7739,2.55117,0,0,6.59374,0
83049,332,,0.000102885,,,,,,,,,,,,,,,,,,,,,,,,,,,,,,,,,,,,
83099,332,,0.000102885,,,,,,,,,,,,,,,,,,,,,,,,,,,,,,,,,,,,
83149,332,,0.000102885,,,,,,,,,,,,,,,,,,,,,,,,,,,,,,,,,,,,
83199,332,,0.000102885,,,,,,,,,,,,,,,,,,,,,,,,,,,,,,,,,,,,
83249,332,332,0.000102885,0,0,1,0,0.000798772,0.000315218,7.62157,0.000291957,1.18762,0.0258946,0.0064802,0.029104,0,2.36011,2.36011,0,6.35702,11.8508,1.33975,0.0853143,0.0812253,0.0447956,0.00372039,0.105848,0.136126,0.14017,0,2.89939,0,7.16008,16.7427,2.53497,0,0,6.61224,0
83299,333,,0.00010109,,,,,,,,,,,,,,,,,,,,,,,,,,,,,,,,,,,,
83349,333,,0.00010109,,,,,,,,,,,,,,,,,,,,,,,,,,,,,,,,,,,,
83399,333,,0.00010109,,,,,,,,,,,,,,,,,,,,,,,,,,,,,,,,,,,,
83449,333,,0.00010109,,,,,,,,,,,,,,,,,,,,,,,,,,,,,,,,,,,,
83499,333,333,0.00010109,0,0,1,0,0.000767101,0.000308699,7.73374,0.000279751,1.16522,0.0240672,0.00617414,0.0275592,0,2.34425,2.34425,0,6.30184,11.4354,1.31313,0.0842004,0.0789593,0.044051,0.00348508,0.10241,0.136887,0.13941,0,2.78326,0,7.19968,16.7367,2.53936,0,0,6.68528,0
83549,334,,9.92624e-05,,,,,,,,,,,,,,,,,,,,,,,,,,,,,,,,,,,,
83599,334,,9.92624e-05,,,,,,,,,,,,,,,,,,,,,,,,,,,,,,,,,,,,
83649,334,,9.92624e-05,,,,,,,,,,,,,,,,,,,,,,,,,,,,,,,,,,,,
83699,334,,9.92624e-05,,,,,,,,,,,,,,,,,,,,,,,,,,,,,,,,,,,,
83749,334,334,9.92624e-05,0,0,1,0,0.000770901,0.000309208,7.63471,0.000278161,1.12893,0.0244813,0.00629553,0.0276462,0,2.35207,2.35207,0,6.39505,11.507,1.33026,0.0861412,0.0805148,0.0440714,0.00367764,0.110711,0.13712,0.140752,0,2.80991,0,7.27981,16.7175,2.53761,0,0,6.53028,0
83799,335,,9.74026e-05,,,,,,,,,,,,,,,,,,,,,,,,,,,,,,,,,,,,
83849,335,,9.74026e-05,,,,,,,,,,,,,,,,,,,,,,,,,,,,,,,,,,,,
83899,335,,9.74026e-05,,,,,,,,,,,,,,,,,,,,,,,,,,,,,,,,,,,,
83949,335,,9.74026e-05,,,,,,,,,,,,,,,,,,,,,,,,,,,,,,,,,,,,
83999,335,335,9.74026e-05,0,0,1,0,0.000773359,0.000316801,7.78011,0.000284361,1.20109,0.0244943,0.0064694,0.0277462,0,2.31964,2.31964,0,6.3547,11.5681,1.32498,0.0845953,0.0798656,0.0440343,0.0035601,0.107929,0.135255,0.136928,0,2.8338,0,7.18343,16.7035,2.53145,0,0,6.68226,0
84049,336,,9.55127e-05,,,,,,,,,,,,,,,,,,,,,,,,,,,,,,,,,,,,
84099,336,,9.55127e-05,,,,,,,,,,,,,,,,,,,,,,,,,,,,,,,,,,,,
84149,336,,9.55127e-05,,,,,,,,,,,,,,,,,,,,,,,,,,,,,,,,,,,,
84199,336,,9.55127e-05,,,,,,,,,,,,,,,,,,,,,,,,,,,,,,,,,,,,
84249,336,336,9.55127e-05,0,0,1,0,0.000768195,0.000309613,7.66525,0.000277033,1.21856,0.0244234,0.0061387,0.0276218,0,2.35259,2.35259,0,6.3749,11.6672,1.32742,0.0853741,0.0794741,0.0452699,0.0036862,0.110219,0.1364,0.137196,0,2.85217,0,7.17477,16.7414,2.54637,0,0,6.74374,0
84299,337,,9.35947e-05,,,,,,,,,,,,,,,,,,,,,,,,,,,,,,,,,,,,
84349,337,,9.35947e-05,,,,,,,,,,,,,,,,,,,,,,,,,,,,,,,,,,,,
84399,337,,9.35947e-05,,,,,,,,,,,,,,,,,,,,,,,,,,,,,,,,,,,,
84449,337,,9.35947e-05,,,,,,,,,,,,,,,,,,,,,,,,,,,,,,,,,,,,
84499,337,337,9.35947e-05,0,0,1,0,0.000781998,0.000308396,7.6271,0.000285851,1.13078,0.0250354,0.00626693,0.0283928,0,2.3995,2.3995,0,6.45972,11.6499,1.35272,0.086822,0.0841664,0.0449521,0.00394973,0.115859,0.136901,0.135104,0,2.90389,0,7.33449,16.6795,2.55071,0,0,6.46063,0
84549,338,,9.16504e-05,,,,,,,,,,,,,,,,,,,,,,,,,,,,,,,,,,,,
84599,338,,9.16504e-05,,,,,,,,,,,,,,,,,,,,,,,,,,,,,,,,,,,,
84649,338,,9.16504e-05,,,,,,,,,,,,,,,,,,,,,,,,,,,,,,,,,,,,
84699,338,,9.16504e-05,,,,,,,,,,,,,,,,,,,,,,,,,,,,,,,,,,,,
84749,338,338,9.16504e-05,0,0,1,0,0.00079723,0.000313783,7.5526,0.000293616,1.12607,0.0254876,0.00640826,0.0283182,0,2.30487,2.30487,0,6.29691,11.4147,1.31494,0.0848435,0.0800401,0.0441045,0.0035257,0.108085,0.135958,0.137348,0,2.78165,0,7.19654,16.7579,2.53619,0,0,6.64781,0
84799,339,,8.96818e-05,,,,,,,,,,,,,,,,,,,,,,,,,,,,,,,,,,,,
84849,339,,8.96818e-05,,,,,,,,,,,,,,,,,,,,,,,,,,,,,,,,,,,,
84899,339,,8.96818e-05,,,,,,,,,,,,,,,,,,,,,,,,,,,,,,,,,,,,
84949,339,,8.96818e-05,,,,,,,,,,,,,,,,,,,,,,,,,,,,,,,,,,,,
84999,339,339,8.96818e-05,0,0,1,0,0.00077043,0.000312196,7.82181,0.000289556,1.21415,0.0242935,0.00644901,0.0279688,0,2.28671,2.28671,0,6.21179,11.3377,1.30295,0.0832125,0.0792775,0.0440467,0.00343833,0.102151,0.135637,0.134724,0,2.76047,0,7.17008,16.7605,2.53697,0,0,6.71011,0
85049,340,,8.76908e-05,,,,,,,,,,,,,,,,,,,,,,,,,,,,,,,,,,,,
85099,340,,8.76908e-05,,,,,,,,,,,,,,,,,,,,,,,,,,,,,,,,,,,,
85149,340,,8.76908e-05,,,,,,,,,,,,,,,,,,,,,,,,,,,,,,,,,,,,
85199,340,,8.76908e-05,,,,,,,,,,,,,,,,,,,,,,,,,,,,,,,,,,,,
85249,340,340,8.76908e-05,0,0,1,0,0.000798704,0.000311377,7.82174,0.000290486,1.19812,0.0252448,0.00632792,0.0276441,0,2.25668,2.25668,0,6.24064,11.3941,1.3053,0.0830887,0.0795794,0.0440906,0.00347819,0.103036,0.134218,0.134129,0,2.75474,0,7.18749,16.7371,2.52878,0,0,6.69042,0
85299,341,,8.56794e-05,,,,,,,,,,,,,,,,,,,,,,,,,,,,,,,,,,,,
85349,341,,8.56794e-05,,,,,,,,,,,,,,,,,,,,,,,,,,,,,,,,,,,,
85399,341,,8.56794e-05,,,,,,,,,,,,,,,,,,,,,,,,,,,,,,,,,,,,
85449,341,,8.56794e-05,,,,,,,,,,,,,,,,,,,,,,,,,,,,,,,,,,,,
85499,341,341,8.56794e-05,0,0,1,0,0.000780592,0.000309041,7.78294,0.000293054,1.22494,0.0243839,0.00623514,0.02768,0,2.2566,2.2566,0,6.37603,11.7893,1.34153,0.0840396,0.079712,0.0446518,0.00375747,0.104877,0.135436,0.135804,0,2.88361,0,7.26044,16.701,2.53102,0,0,6.55519,0
85549,342,,8.36495e-05,,,,,,,,,,,,,,,,,,,,,,,,,,,,,,,,,,,,
85599,342,,8.36495e-05,,,,,,,,,,,,,,,,,,,,,,,,,,,,,,,,,,,,
85649,342,,8.36495e-05,,,,,,,,,,,,,,,,,,,,,,,,,,,,,,,,,,,,
85699,342,,8.36495e-05,,,,,,,,,,,,,,,,,,,,,,,,,,,,,,,,,,,,
85749,342,342,8.36495e-05,0,0,1,0,0.000783645,0.000309744,7.85076,0.000287934,1.26227,0.024724,0.00647338,0.0281151,0,2.26272,2.26272,0,6.33959,11.3354,1.31972,0.0842068,0.0806922,0.0454192,0.00349912,0.106931,0.135036,0.133664,0,2.74816,0,7.17629,16.6862,2.52452,0,0,6.65242,0
85799,343,,8.16032e-05,,,,,,,,,,,,,,,,,,,,,,,,,,,,,,,,,,,,
85849,343,,8.16032e-05,,,,,,,,,,,,,,,,,,,,,,,,,,,,,,,,,,,,
85899,343,,8.16032e-05,,,,,,,,,,,,,,,,,,,,,,,,,,,,,,,,,,,,
85949,343,,8.16032e-05,,,,,,,,,,,,,,,,,,,,,,,,,,,,,,,,,,,,
85999,343,343,8.16032e-05,0,0,1,0,0.000799689,0.000312972,7.79857,0.000295857,1.24358,0.0249956,0.00656335,0.0279638,0,2.22432,2.22432,0,6.3453,11.6271,1.31432,0.0831346,0.079063,0.0442405,0.00370625,0.101795,0.135552,0.134451,0,2.83797,0,7.09013,16.7266,2.52597,0,0,6.64522,0
86049,344,,7.95425e-05,,,,,,,,,,,,,,,,,,,,,,,,,,,,,,,,,,,,
86099,344,,7.95425e-05,,,,,,,,,,,,,,,,,,,,,,,,,,,,,,,,,,,,
86149,344,,7.95425e-05,,,,,,,,,,,,,,,,,,,,,,,,,,,,,,,,,,,,
86199,344,,7.95425e-05,,,,,,,,,,,,,,,,,,,,,,,,,,,,,,,,,,,,
86249,344,344,7.95425e-05,0,0,1,0,0.000785488,0.000311243,7.83207,0.000292811,1.31281,0.0245608,0.00648108,0.0277386,0,2.23745,2.23745,0,6.31951,11.4451,1.30716,0.0831722,0.0803077,0.0441409,0.00361993,0.10221,0.13541,0.133345,0,2.77947,0,7.13093,16.7226,2.51771,0,0,6.62551,0
86299,345,,7.74694e-05,,,,,,,,,,,,,,,,,,,,,,,,,,,,,,,,,,,,
86349,345,,7.74694e-05,,,,,,,,,,,,,,,,,,,,,,,,,,,,,,,,,,,,
86399,345,,7.74694e-05,,,,,,,,,,,,,,,,,,,,,,,,,,,,,,,,,,,,
86449,345,,7.74694e-05,,,,,,,,,,,,,,,,,,,,,,,,,,,,,,,,,,,,
86499,345,345,7.74694e-05,0,0,1,0,0.000791794,0.000313848,7.86089,0.000296673,1.22891,0.0248247,0.00647127,0.0276187,0,2.21587,2.21587,0,6.25495,11.3097,1.30881,0.0827506,0.0800933,0.0434356,0.00344352,0.101725,0.135393,0.132413,0,2.76215,0,7.15011,16.7062,2.52928,0,0,6.61897,0
86549,346,,7.53859e-05,,,,,,,,,,,,,,,,,,,,,,,,,,,,,,,,,,,,
86599,346,,7.53859e-05,,,,,,,,,,,,,,,,,,,,,,,,,,,,,,,,,,,,
86649,346,,7.53859e-05,,,,,,,,,,,,,,,,,,,,,,,,,,,,,,,,,,,,
86699,346,,7.53859e-05,,,,,,,,,,,,,,,,,,,,,,,,,,,,,,,,,,,,
86749,346,346,7.53859e-05,0,0,1,0,0.000799371,0.000316212,7.77267,0.000298663,1.30877,0.0247727,0.00628094,0.0278991,0,2.19463,2.19463,0,6.27471,11.3126,1.30848,0.0825121,0.0792283,0.0434484,0.00341756,0.0996886,0.135805,0.133485,0,2.71007,0,7.13022,16.6593,2.51324,0,0,6.57952,0
86799,347,,7.32941e-05,,,,,,,,,,,,,,,,,,,,,,,,,,,,,,,,,,,,
86849,347,,7.32941e-05,,,,,,,,,,,,,,,,,,,,,,,,,,,,,,,,,,,,
86899,347,,7.32941e-05,,,,,,,,,,,,,,,,,,,,,,,,,,,,,,,,,,,,
86949,347,,7.32941e-05,,,,,,,,,,,,,,,,,,,,,,,,,,,,,,,,,,,,
86999,347,347,7.32941e-05,0,0,1,0,0.000778835,0.00031812,7.77329,0.000296865,1.25729,0.0235425,0.00638255,0.0268817,0,2.15539,2.15539,0,6.22685,11.3189,1.29895,0.0819971,0.0777478,0.0441319,0.00348595,0.100119,0.134887,0.131611,0,2.77867,0,7.11444,16.7435,2.5185,0,0,6.78212,0
87049,348,,7.11962e-05,,,,,,,,,,,,,,,,,,,,,,,,,,,,,,,,,,,,
87099,348,,7.11962e-05,,,,,,,,,,,,,,,,,,,,,,,,,,,,,,,,,,,,
87149,348,,7.11962e-05,,,,,,,,,,,,,,,,,,,,,,,,,,,,,,,,,,,,
87199,348,,7.11962e-05,,,,,,,,,,,,,,,,,,,,,,,,,,,,,,,,,,,,
87249,348,348,7.11962e-05,0,0,1,0,0.000786211,0.000317321,7.88835,0.000296233,1.31932,0.0241465,0.00639802,0.027087,0,2.18539,2.18539,0,6.23179,11.287,1.30312,0.0818791,0.0787284,0.0445381,0.00355062,0.0987386,0.135159,0.13056,0,2.74284,0,7.0485,16.6888,2.51017,0,0,6.78144,0
87299,349,,6.9094e-05,,,,,,,,,,,,,,,,,,,,,,,,,,,,,,,,,,,,
87349,349,,6.9094e-05,,,,,,,,,,,,,,,,,,,,,,,,,,,,,,,,,,,,
87399,349,,6.9094e-05,,,,,,,,,,,,,,,,,,,,,,,,,,,,,,,,,,,,
87449,349,,6.9094e-05,,,,,,,,,,,,,,,,,,,,,,,,,,,,,,,,,,,,
87499,349,349,6.9094e-05,0,0,1,0,0.000797471,0.000318708,7.74786,0.000297798,1.3215,0.0245041,0.0063265,0.0270393,0,2.15946,2.15946,0,6.24187,11.3387,1.29706,0.0824098,0.0786485,0.0450755,0.00359823,0.0993991,0.135105,0.132633,0,2.74303,0,7.06933,16.7144,2.51985,0,0,6.78298,0
87549,350,,6.69898e-05,,,,,,,,,,,,,,,,,,,,,,,,,,,,,,,,,,,,
87599,350,,6.69898e-05,,,,,,,,,,,,,,,,,,,,,,,,,,,,,,,,,,,,
87649,350,,6.69898e-05,,,,,,,,,,,,,,,,,,,,,,,,,,,,,,,,,,,,
87699,350,,6.69898e-05,,,,,,,,,,,,,,,,,,,,,,,,,,,,,,,,,,,,
87749,350,350,6.69898e-05,0,0,1,0,0.000801718,0.000315977,7.86226,0.000305296,1.31474,0.0251084,0.00647145,0.0284454,0,2.17271,2.17271,0,6.29256,11.3068,1.30541,0.0837319,0.0793169,0.0441332,0.00358811,0.104765,0.136044,0.134544,0,2.73248,0,7.20331,16.7309,2.53062,0,0,6.63839,0
87799,351,,6.48856e-05,,,,,,,,,,,,,,,,,,,,,,,,,,,,,,,,,,,,
87849,351,,6.48856e-05,,,,,,,,,,,,,,,,,,,,,,,,,,,,,,,,,,,,
87899,351,,6.48856e-05,,,,,,,,,,,,,,,,,,,,,,,,,,,,,,,,,,,,
87949,351,,6.48856e-05,,,,,,,,,,,,,,,,,,,,,,,,,,,,,,,,,,,,
87999,351,351,6.48856e-05,0,0,1,0,0.000785955,0.000313977,7.8512,0.000295237,1.26563,0.0240751,0.00636193,0.0271288,0,2.13922,2.13922,0,6.20083,11.2716,1.29759,0.0826682,0.0787328,0.0437396,0.00357771,0.103201,0.135858,0.130901,0,2.73127,0,7.1649,16.7274,2.53405,0,0,6.71686,0
88049,352,,6.27835e-05,,,,,,,,,,,,,,,,,,,,,,,,,,,,,,,,,,,,
88099,352,,6.27835e-05,,,,,,,,,,,,,,,,,,,,,,,,,,,,,,,,,,,,
88149,352,,6.27835e-05,,,,,,,,,,,,,,,,,,,,,,,,,,,,,,,,,,,,
88199,352,,6.27835e-05,,,,,,,,,,,,,,,,,,,,,,,,,,,,,,,,,,,,
88249,352,352,6.27835e-05,0,0,1,0,0.00080555,0.000315186,7.7761,0.000303889,1.27816,0.0255203,0.00640676,0.0282774,0,2.1403,2.1403,0,6.2184,11.2586,1.30038,0.083532,0.0782594,0.04374,0.00345282,0.107579,0.135704,0.132457,0,2.71715,0,7.09698,16.7089,2.52052,0,0,6.69898,0
88299,353,,6.06855e-05,,,,,,,,,,,,,,,,,,,,,,,,,,,,,,,,,,,,
88349,353,,6.06855e-05,,,,,,,,,,,,,,,,,,,,,,,,,,,,,,,,,,,,
88399,353,,6.06855e-05,,,,,,,,,,,,,,,,,,,,,,,,,,,,,,,,,,,,
88449,353,,6.06855e-05,,,,,,,,,,,,,,,,,,,,,,,,,,,,,,,,,,,,
88499,353,353,6.06855e-05,0,0,1,0,0.000811177,0.000323935,7.86743,0.000306964,1.32221,0.025506,0.00667152,0.0284256,0,2.12039,2.12039,0,6.21452,11.3016,1.29924,0.0820672,0.0773951,0.0438835,0.00345667,0.104376,0.135172,0.128119,0,2.75755,0,7.14768,16.6834,2.52849,0,0,6.76047,0
88549,354,,5.85938e-05,,,,,,,,,,,,,,,,,,,,,,,,,,,,,,,,,,,,
88599,354,,5.85938e-05,,,,,,,,,,,,,,,,,,,,,,,,,,,,,,,,,,,,
88649,354,,5.85938e-05,,,,,,,,,,,,,,,,,,,,,,,,,,,,,,,,,,,,
88699,354,,5.85938e-05,,,,,,,,,,,,,,,,,,,,,,,,,,,,,,,,,,,,
88749,354,354,5.85938e-05,0,0,1,0,0.000812851,0.000324215,7.82474,0.000313257,1.39399,0.0255788,0.00656918,0.0280038,0,2.12432,2.12432,0,6.23492,11.3328,1.30131,0.0830293,0.0784844,0.0438414,0.0035157,0.102799,0.135255,0.134281,0,2.70423,0,7.13011,16.735,2.53013,0,0,6.65463,0
88799,355,,5.65103e-05,,,,,,,,,,,,,,,,,,,,,,,,,,,,,,,,,,,,
88849,355,,5.65103e-05,,,,,,,,,,,,,,,,,,,,,,,,,,,,,,,,,,,,
88899,355,,5.65103e-05,,,,,,,,,,,,,,,,,,,,,,,,,,,,,,,,,,,,
88949,355,,5.65103e-05,,,,,,,,,,,,,,,,,,,,,,,,,,,,,,,,,,,,
88999,355,355,5.65103e-05,0,0,1,0,0.00081034,0.000324695,7.58694,0.000308936,1.27835,0.0248199,0.00653928,0.0274884,0,2.07837,2.07837,0,6.24513,11.3232,1.29853,0.082553,0.078735,0.0437398,0.00354055,0.101396,0.135308,0.1326,0,2.76536,0,7.17022,16.7158,2.52804,0,0,6.69032,0
89049,356,,5.44372e-05,,,,,,,,,,,,,,,,,,,,,,,,,,,,,,,,,,,,
89099,356,,5.44372e-05,,,,,,,,,,,,,,,,,,,,,,,,,,,,,,,,,,,,
89149,356,,5.44372e-05,,,,,,,,,,,,,,,,,,,,,,,,,,,,,,,,,,,,
89199,356,,5.44372e-05,,,,,,,,,,,,,,,,,,,,,,,,,,,,,,,,,,,,
89249,356,356,5.44372e-05,0,0,1,0,0.000802534,0.000323298,7.87276,0.000307282,1.33047,0.0247762,0.00654904,0.0276859,0,2.09772,2.09772,0,6.26146,11.297,1.29523,0.0821367,0.0780207,0.0436889,0.00344057,0.102184,0.135192,0.130295,0,2.74688,0,7.11809,16.6954,2.52463,0,0,6.70661,0
89299,357,,5.23765e-05,,,,,,,,,,,,,,,,,,,,,,,,,,,,,,,,,,,,
89349,357,,5.23765e-05,,,,,,,,,,,,,,,,,,,,,,,,,,,,,,,,,,,,
89399,357,,5.23765e-05,,,,,,,,,,,,,,,,,,,,,,,,,,,,,,,,,,,,
89449,357,,5.23765e-05,,,,,,,,,,,,,,,,,,,,,,,,,,,,,,,,,,,,
89499,357,357,5.23765e-05,0,0,1,0,0.000822383,0.00033006,7.7537,0.000316493,1.28479,0.0256232,0.00688137,0.028825,0,2.06637,2.06637,0,6.20388,11.2879,1.28894,0.0822271,0.0784511,0.0435217,0.00339082,0.101013,0.136144,0.130842,0,2.74202,0,7.10538,16.7213,2.52322,0,0,6.70172,0
89549,358,,5.03301e-05,,,,,,,,,,,,,,,,,,,,,,,,,,,,,,,,,,,,
89599,358,,5.03301e-05,,,,,,,,,,,,,,,,,,,,,,,,,,,,,,,,,,,,
89649,358,,5.03301e-05,,,,,,,,,,,,,,,,,,,,,,,,,,,,,,,,,,,,
89699,358,,5.03301e-05,,,,,,,,,,,,,,,,,,,,,,,,,,,,,,,,,,,,
89749,358,358,5.03301e-05,0,0,1,0,0.000797398,0.000326451,7.92285,0.000309206,1.37368,0.0238492,0.0065042,0.0267914,0,2.04166,2.04166,0,6.19915,11.2541,1.29528,0.0823579,0.078529,0.0433941,0.00352346,0.102179,0.13579,0.130732,0,2.73749,0,7.10727,16.6725,2.51539,0,0,6.65432,0
89799,359,,4.83003e-05,,,,,,,,,,,,,,,,,,,,,,,,,,,,,,,,,,,,
89849,359,,4.83003e-05,,,,,,,,,,,,,,,,,,,,,,,,,,,,,,,,,,,,
89899,359,,4.83003e-05,,,,,,,,,,,,,,,,,,,,,,,,,,,,,,,,,,,,
89949,359,,4.83003e-05,,,,,,,,,,,,,,,,,,,,,,,,,,,,,,,,,,,,
89999,359,359,4.83003e-05,0,0,1,0,0.000826667,0.000333484,7.63564,0.000320333,1.3187,0.0259418,0.00672897,0.0288644,0,2.05033,2.05033,0,6.21119,11.3031,1.29209,0.0817987,0.0776411,0.0434012,0.00345267,0.100697,0.136112,0.129488,0,2.74562,0,7.1609,16.7184,2.52831,0,0,6.73626,0
90049,360,,4.62888e-05,,,,,,,,,,,,,,,,,,,,,,,,,,,,,,,,,,,,
90099,360,,4.62888e-05,,,,,,,,,,,,,,,,,,,,,,,,,,,,,,,,,,,,
90149,360,,4.62888e-05,,,,,,,,,,,,,,,,,,,,,,,,,,,,,,,,,,,,
90199,360,,4.62888e-05,,,,,,,,,,,,,,,,,,,,,,,,,,,,,,,,,,,,
90249,360,360,4.62888e-05,0,0,1,0,0.00081518,0.000329158,7.7944,0.000317254,1.31456,0.0248276,0.00651229,0.0278287,0,2.02457,2.02457,0,6.22524,11.2469,1.29393,0.0820192,0.077789,0.0433578,0.00350438,0.100952,0.135341,0.131171,0,2.72269,0,7.07696,16.6923,2.51661,0,0,6.72909,0
90299,361,,4.42978e-05,,,,,,,,,,,,,,,,,,,,,,,,,,,,,,,,,,,,
90349,361,,4.42978e-05,,,,,,,,,,,,,,,,,,,,,,,,,,,,,,,,,,,,
90399,361,,4.42978e-05,,,,,,,,,,,,,,,,,,,,,,,,,,,,,,,,,,,,
90449,361,,4.42978e-05,,,,,,,,,,,,,,,,,,,,,,,,,,,,,,,,,,,,
90499,361,361,4.42978e-05,0,0,1,0,0.000813635,0.000329904,7.67023,0.000311402,1.34878,0.0249484,0.00662617,0.027509,0,2.03709,2.03709,0,6.23327,11.2575,1.29104,0.0815551,0.0772995,0.0432318,0.00342845,0.100875,0.134806,0.12969,0,2.72988,0,7.13037,16.6821,2.52171,0,0,6.7154,0
90549,362,,4.23292e-05,,,,,,,,,,,,,,,,,,,,,,,,,,,,,,,,,,,,
90599,362,,4.23292e-05,,,,,,,,,,,,,,,,,,,,,,,,,,,,,,,,,,,,
90649,362,,4.23292e-05,,,,,,,,,,,,,,,,,,,,,,,,,,,,,,,,,,,,
90699,362,,4.23292e-05,,,,,,,,,,,,,,,,,,,,,,,,,,,,,,,,,,,,
90749,362,362,4.23292e-05,0,0,1,0,0.000846359,0.000335814,7.58035,0.000328577,1.34258,0.0266312,0.00698703,0.029381,0,2.01672,2.01672,0,6.23289,11.2261,1.28944,0.0815233,0.078412,0.0433059,0.00343082,0.101068,0.134215,0.128708,0,2.71784,0,7.12414,16.6942,2.51654,0,0,6.68266,0
90799,363,,4.0385e-05,,,,,,,,,,,,,,,,,,,,,,,,,,,,,,,,,,,,
90849,363,,4.0385e-05,,,,,,,,,,,,,,,,,,,,,,,,,,,,,,,,,,,,
90899,363,,4.0385e-05,,,,,,,,,,,,,,,,,,,,,,,,,,,,,,,,,,,,
90949,363,,4.0385e-05,,,,,,,,,,,,,,,,,,,,,,,,,,,,,,,,,,,,
90999,363,363,4.0385e-05,0,0,1,0,0.00081605,0.000334235,7.71135,0.000320242,1.31852,0.0248763,0.00670676,0.0276543,0,1.97818,1.97818,0,6.20195,11.2024,1.28501,0.0809668,0.0766604,0.043109,0.00341572,0.0991753,0.1343,0.12914,0,2.74107,0,7.07457,16.7049,2.51753,0,0,6.84376,0
91049,364,,3.8467e-05,,,,,,,,,,,,,,,,,,,,,,,,,,,,,,,,,,,,
91099,364,,3.8467e-05,,,,,,,,,,,,,,,,,,,,,,,,,,,,,,,,,,,,
91149,364,,3.8467e-05,,,,,,,,,,,,,,,,,,,,,,,,,,,,,,,,,,,,
91199,364,,3.8467e-05,,,,,,,,,,,,,,,,,,,,,,,,,,,,,,,,,,,,
91249,364,364,3.8467e-05,0,0,1,0,0.000816584,0.000332725,7.63838,0.000326101,1.33851,0.0245708,0.00671389,0.0277202,0,1.97934,1.97934,0,6.20984,11.2047,1.29108,0.0819917,0.0786013,0.0433128,0.00342208,0.101574,0.134473,0.130566,0,2.71946,0,7.12212,16.6834,2.51774,0,0,6.63722,0
91299,365,,3.65771e-05,,,,,,,,,,,,,,,,,,,,,,,,,,,,,,,,,,,,
91349,365,,3.65771e-05,,,,,,,,,,,,,,,,,,,,,,,,,,,,,,,,,,,,
91399,365,,3.65771e-05,,,,,,,,,,,,,,,,,,,,,,,,,,,,,,,,,,,,
91449,365,,3.65771e-05,,,,,,,,,,,,,,,,,,,,,,,,,,,,,,,,,,,,
91499,365,365,3.65771e-05,0,0,1,0,0.000835574,0.000336206,7.4283,0.000324153,1.34764,0.0258365,0.00682112,0.0282523,0,1.98506,1.98506,0,6.17686,11.171,1.2836,0.0816266,0.0779652,0.0433576,0.00339412,0.101665,0.134112,0.129265,0,2.7075,0,7.10418,16.7125,2.52082,0,0,6.68826,0
91549,366,,3.47172e-05,,,,,,,,,,,,,,,,,,,,,,,,,,,,,,,,,,,,
91599,366,,3.47172e-05,,,,,,,,,,,,,,,,,,,,,,,,,,,,,,,,,,,,
91649,366,,3.47172e-05,,,,,,,,,,,,,,,,,,,,,,,,,,,,,,,,,,,,
91699,366,,3.47172e-05,,,,,,,,,,,,,,,,,,,,,,,,,,,,,,,,,,,,
91749,366,366,3.47172e-05,0,0,1,0,0.000835214,0.000337866,7.48875,0.000331527,1.39272,0.0254613,0.00670343,0.0279988,0,1.95668,1.95668,0,6.19707,11.1835,1.29327,0.0814726,0.0782264,0.0430959,0.00340971,0.101689,0.134439,0.127976,0,2.71467,0,7.14569,16.6935,2.52291,0,0,6.70705,0
91799,367,,3.28892e-05,,,,,,,,,,,,,,,,,,,,,,,,,,,,,,,,,,,,
91849,367,,3.28892e-05,,,,,,,,,,,,,,,,,,,,,,,,,,,,,,,,,,,,
91899,367,,3.28892e-05,,,,,,,,,,,,,,,,,,,,,,,,,,,,,,,,,,,,
91949,367,,3.28892e-05,,,,,,,,,,,,,,,,,,,,,,,,,,,,,,,,,,,,
91999,367,367,3.28892e-05,0,0,1,0,0.000824485,0.000339235,7.6552,0.000326566,1.36638,0.0247953,0.00685271,0.0276828,0,1.96704,1.96704,0,6.23723,11.3025,1.29511,0.0813009,0.0783893,0.0432369,0.00348909,0.0999136,0.134472,0.128305,0,2.74519,0,7.15394,16.6978,2.52243,0,0,6.68992,0
92049,368,,3.10949e-05,,,,,,,,,,,,,,,,,,,,,,,,,,,,,,,,,,,,
92099,368,,3.10949e-05,,,,,,,,,,,,,,,,,,,,,,,,,,,,,,,,,,,,
92149,368,,3.10949e-05,,,,,,,,,,,,,,,,,,,,,,,,,,,,,,,,,,,,
92199,368,,3.10949e-05,,,,,,,,,,,,,,,,,,,,,,,,,,,,,,,,,,,,
92249,368,368,3.10949e-05,0,0,1,0,0.000824748,0.000338729,7.57809,0.000323353,1.35756,0.0248369,0.00680012,0.0275345,0,1.95824,1.95824,0,6.18128,11.1691,1.29429,0.0812458,0.0782809,0.0435452,0.00335389,0.099788,0.133246,0.129261,0,2.72061,0,7.15947,16.6941,2.52498,0,0,6.6748,0
92299,369,,2.9336e-05,,,,,,,,,,,,,,,,,,,,,,,,,,,,,,,,,,,,
92349,369,,2.9336e-05,,,,,,,,,,,,,,,,,,,,,,,,,,,,,,,,,,,,
92399,369,,2.9336e-05,,,,,,,,,,,,,,,,,,,,,,,,,,,,,,,,,,,,
92449,369,,2.9336e-05,,,,,,,,,,,,,,,,,,,,,,,,,,,,,,,,,,,,
92499,369,369,2.9336e-05,0,0,1,0,0.000850767,0.000342646,7.43705,0.000332859,1.41193,0.0262046,0.00700311,0.0288254,0,1.94172,1.94172,0,6.16838,11.2135,1.28438,0.0809614,0.0765757,0.043716,0.00339398,0.0995179,0.13441,0.128155,0,2.71144,0,7.05596,16.7316,2.5167,0,0,6.83131,0
92549,370,,2.76142e-05,,,,,,,,,,,,,,,,,,,,,,,,,,,,,,,,,,,,
92599,370,,2.76142e-05,,,,,,,,,,,,,,,,,,,,,,,,,,,,,,,,,,,,
92649,370,,2.76142e-05,,,,,,,,,,,,,,,,,,,,,,,,,,,,,,,,,,,,
92699,370,,2.76142e-05,,,,,,,,,,,,,,,,,,,,,,,,,,,,,,,,,,,,
92749,370,370,2.76142e-05,0,0,1,0,0.000845396,0.000342697,7.43538,0.00033034,1.35774,0.0260975,0.00716979,0.0288912,0,1.94242,1.94242,0,6.18766,11.1679,1.28681,0.0809856,0.0776049,0.043453,0.00344597,0.100275,0.133648,0.127487,0,2.68182,0,7.13076,16.6932,2.51678,0,0,6.70061,0
92799,371,,2.59313e-05,,,,,,,,,,,,,,,,,,,,,,,,,,,,,,,,,,,,
92849,371,,2.59313e-05,,,,,,,,,,,,,,,,,,,,,,,,,,,,,,,,,,,,
92899,371,,2.59313e-05,,,,,,,,,,,,,,,,,,,,,,,,,,,,,,,,,,,,
92949,371,,2.59313e-05,,,,,,,,,,,,,,,,,,,,,,,,,,,,,,,,,,,,
92999,371,371,2.59313e-05,0,0,1,0,0.000849789,0.000343384,7.33255,0.000333183,1.34827,0.0260374,0.00707261,0.028431,0,1.92149,1.92149,0,6.15791,11.1683,1.28013,0.0809127,0.0778911,0.0435147,0.00340426,0.0995324,0.133834,0.1273,0,2.68215,0,7.09166,16.6994,2.51465,0,0,6.72213,0
93049,372,,2.42889e-05,,,,,,,,,,,,,,,,,,,,,,,,,,,,,,,,,,,,
93099,372,,2.42889e-05,,,,,,,,,,,,,,,,,,,,,,,,,,,,,,,,,,,,
93149,372,,2.42889e-05,,,,,,,,,,,,,,,,,,,,,,,,,,,,,,,,,,,,
93199,372,,2.42889e-05,,,,,,,,,,,,,,,,,,,,,,,,,,,,,,,,,,,,
93249,372,372,2.42889e-05,0,0,1,0,0.000848588,0.000341523,7.32894,0.000332829,1.38301,0.0256567,0.00701937,0.0283309,0,1.91651,1.91651,0,6.12143,11.1817,1.27608,0.0806718,0.0774809,0.0434633,0.00340405,0.100032,0.133391,0.12626,0,2.69058,0,7.06466,16.7024,2.51301,0,0,6.74783,0
93299,373,,2.26887e-05,,,,,,,,,,,,,,,,,,,,,,,,,,,,,,,,,,,,
93349,373,,2.26887e-05,,,,,,,,,,,,,,,,,,,,,,,,,,,,,,,,,,,,
93399,373,,2.26887e-05,,,,,,,,,,,,,,,,,,,,,,,,,,,,,,,,,,,,
93449,373,,2.26887e-05,,,,,,,,,,,,,,,,,,,,,,,,,,,,,,,,,,,,
93499,373,373,2.26887e-05,0,0,1,0,0.000854847,0.000348687,7.3475,0.000339911,1.40253,0.0262841,0.00736934,0.0293381,0,1.91224,1.91224,0,6.14966,11.1586,1.28183,0.0803837,0.0766253,0.0434588,0.00341713,0.0987615,0.133557,0.126482,0,2.6897,0,7.08588,16.7001,2.5161,0,0,6.77595,0
93549,374,,2.11321e-05,,,,,,,,,,,,,,,,,,,,,,,,,,,,,,,,,,,,
93599,374,,2.11321e-05,,,,,,,,,,,,,,,,,,,,,,,,,,,,,,,,,,,,
93649,374,,2.11321e-05,,,,,,,,,,,,,,,,,,,,,,,,,,,,,,,,,,,,
93699,374,,2.11321e-05,,,,,,,,,,,,,,,,,,,,,,,,,,,,,,,,,,,,
93749,374,374,2.11321e-05,0,0,1,0,0.00085815,0.000347382,7.11047,0.000341947,1.36258,0.026516,0.00723198,0.0298143,0,1.90691,1.90691,0,6.10771,11.1491,1.27507,0.0805794,0.0769054,0.0430526,0.00337411,0.0995429,0.133286,0.127315,0,2.681,0,7.06259,16.7135,2.5159,0,0,6.76946,0
93799,375,,1.96209e-05,,,,,,,,,,,,,,,,,,,,,,,,,,,,,,,,,,,,
93849,375,,1.96209e-05,,,,,,,,,,,,,,,,,,,,,,,,,,,,,,,,,,,,
93899,375,,1.96209e-05,,,,,,,,,,,,,,,,,,,,,,,,,,,,,,,,,,,,
93949,375,,1.96209e-05,,,,,,,,,,,,,,,,,,,,,,,,,,,,,,,,,,,,
93999,375,375,1.96209e-05,0,0,1,0,0.000850222,0.000345447,7.32538,0.000341349,1.41603,0.025433,0.00694225,0.0283462,0,1.88286,1.88286,0,6.15862,11.1643,1.28371,0.0808007,0.0776204,0.0434799,0.0034247,0.0995708,0.133149,0.127559,0,2.68027,0,7.10971,16.6924,2.51634,0,0,6.73796,0
94049,376,,1.81563e-05,,,,,,,,,,,,,,,,,,,,,,,,,,,,,,,,,,,,
94099,376,,1.81563e-05,,,,,,,,,,,,,,,,,,,,,,,,,,,,,,,,,,,,
94149,376,,1.81563e-05,,,,,,,,,,,,,,,,,,,,,,,,,,,,,,,,,,,,
94199,376,,1.81563e-05,,,,,,,,,,,,,,,,,,,,,,,,,,,,,,,,,,,,
94249,376,376,1.81563e-05,0,0,1,0,0.000872611,0.000347261,7.05212,0.00034653,1.42911,0.0270539,0.00714411,0.0297978,0,1.89151,1.89151,0,6.1139,11.1727,1.27822,0.0805613,0.0769643,0.0433755,0.00337525,0.098755,0.133546,0.127352,0,2.70694,0,7.09897,16.7062,2.52226,0,0,6.79885,0
94299,377,,1.674e-05,,,,,,,,,,,,,,,,,,,,,,,,,,,,,,,,,,,,
94349,377,,1.674e-05,,,,,,,,,,,,,,,,,,,,,,,,,,,,,,,,,,,,
94399,377,,1.674e-05,,,,,,,,,,,,,,,,,,,,,,,,,,,,,,,,,,,,
94449,377,,1.674e-05,,,,,,,,,,,,,,,,,,,,,,,,,,,,,,,,,,,,
94499,377,377,1.674e-05,0,0,1,0,0.000866548,0.000350251,7.17013,0.000339086,1.37861,0.026821,0.00740543,0.0293494,0,1.88953,1.88953,0,6.14646,11.1753,1.28114,0.0806377,0.0770751,0.0433802,0.00339618,0.0996875,0.133087,0.127201,0,2.69588,0,7.14184,16.7295,2.52109,0,0,6.7911,0
94549,378,,1.53733e-05,,,,,,,,,,,,,,,,,,,,,,,,,,,,,,,,,,,,
94599,378,,1.53733e-05,,,,,,,,,,,,,,,,,,,,,,,,,,,,,,,,,,,,
94649,378,,1.53733e-05,,,,,,,,,,,,,,,,,,,,,,,,,,,,,,,,,,,,
94699,378,,1.53733e-05,,,,,,,,,,,,,,,,,,,,,,,,,,,,,,,,,,,,
94749,378,378,1.53733e-05,0,0,1,0,0.00086006,0.000351246,7.16605,0.000343728,1.35967,0.0261261,0.00735246,0.0287332,0,1.87114,1.87114,0,6.13063,11.1457,1.27922,0.0807878,0.0770266,0.0432741,0.00337803,0.100268,0.133738,0.127041,0,2.68764,0,7.06,16.7007,2.51446,0,0,6.80906,0
94799,379,,1.40575e-05,,,,,,,,,,,,,,,,,,,,,,,,,,,,,,,,,,,,
94849,379,,1.40575e-05,,,,,,,,,,,,,,,,,,,,,,,,,,,,,,,,,,,,
94899,379,,1.40575e-05,,,,,,,,,,,,,,,,,,,,,,,,,,,,,,,,,,,,
94949,379,,1.40575e-05,,,,,,,,,,,,,,,,,,,,,,,,,,,,,,,,,,,,
94999,379,379,1.40575e-05,0,0,1,0,0.000856774,0.00035049,7.09748,0.000346293,1.41668,0.025801,0.0071089,0.0285348,0,1.8644,1.8644,0,6.17863,11.166,1.28387,0.0809871,0.078343,0.0429578,0.00338256,0.100193,0.133825,0.127222,0,2.70766,0,7.10939,16.6997,2.51727,0,0,6.66684,0
95049,380,,1.27939e-05,,,,,,,,,,,,,,,,,,,,,,,,,,,,,,,,,,,,
95099,380,,1.27939e-05,,,,,,,,,,,,,,,,,,,,,,,,,,,,,,,,,,,,
95149,380,,1.27939e-05,,,,,,,,,,,,,,,,,,,,,,,,,,,,,,,,,,,,
95199,380,,1.27939e-05,,,,,,,,,,,,,,,,,,,,,,,,,,,,,,,,,,,,
95249,380,380,1.27939e-05,0,0,1,0,0.000862039,0.000351458,7.12735,0.000346813,1.35932,0.0264852,0.0072565,0.0295244,0,1.87398,1.87398,0,6.13864,11.1148,1.278,0.0806308,0.0772445,0.0429956,0.00335795,0.0997626,0.133867,0.126557,0,2.66578,0,7.10506,16.6994,2.52104,0,0,6.73737,0
95299,381,,1.15838e-05,,,,,,,,,,,,,,,,,,,,,,,,,,,,,,,,,,,,
95349,381,,1.15838e-05,,,,,,,,,,,,,,,,,,,,,,,,,,,,,,,,,,,,
95399,381,,1.15838e-05,,,,,,,,,,,,,,,,,,,,,,,,,,,,,,,,,,,,
95449,381,,1.15838e-05,,,,,,,,,,,,,,,,,,,,,,,,,,,,,,,,,,,,
95499,381,381,1.15838e-05,0,0,1,0,0.00086318,0.000349874,6.96752,0.000346805,1.3976,0.0260936,0.00706389,0.0291464,0,1.8537,1.8537,0,6.14328,11.1655,1.28304,0.0807744,0.0777973,0.043377,0.00342295,0.0992309,0.133885,0.126933,0,2.69761,0,7.09929,16.7195,2.51781,0,0,6.73012,0
95549,382,,1.04284e-05,,,,,,,,,,,,,,,,,,,,,,,,,,,,,,,,,,,,
95599,382,,1.04284e-05,,,,,,,,,,,,,,,,,,,,,,,,,,,,,,,,,,,,
95649,382,,1.04284e-05,,,,,,,,,,,,,,,,,,,,,,,,,,,,,,,,,,,,
95699,382,,1.04284e-05,,,,,,,,,,,,,,,,,,,,,,,,,,,,,,,,,,,,
95749,382,382,1.04284e-05,0,0,1,0,0.000858247,0.000353424,7.07081,0.000344528,1.42503,0.0256411,0.00724147,0.0282561,0,1.84796,1.84796,0,6.09814,11.1431,1.27603,0.0808894,0.0770683,0.0435475,0.0034094,0.100055,0.134026,0.12723,0,2.69021,0,7.0781,16.723,2.51922,0,0,6.80869,0
95799,383,,9.32887e-06,,,,,,,,,,,,,,,,,,,,,,,,,,,,,,,,,,,,
95849,383,,9.32887e-06,,,,,,,,,,,,,,,,,,,,,,,,,,,,,,,,,,,,
95899,383,,9.32887e-06,,,,,,,,,,,,,,,,,,,,,,,,,,,,,,,,,,,,
95949,383,,9.32887e-06,,,,,,,,,,,,,,,,,,,,,,,,,,,,,,,,,,,,
95999,383,383,9.32887e-06,0,0,1,0,0.000864527,0.000350353,6.79151,0.000344799,1.37726,0.0259486,0.00711525,0.0283784,0,1.84247,1.84247,0,6.09038,11.1157,1.27331,0.0805325,0.0769534,0.0431839,0.00337539,0.0995074,0.13376,0.126415,0,2.67407,0,7.02599,16.7135,2.51787,0,0,6.81975,0
96049,384,,8.2862e-06,,,,,,,,,,,,,,,,,,,,,,,,,,,,,,,,,,,,
96099,384,,8.2862e-06,,,,,,,,,,,,,,,,,,,,,,,,,,,,,,,,,,,,
96149,384,,8.2862e-06,,,,,,,,,,,,,,,,,,,,,,,,,,,,,,,,,,,,
96199,384,,8.2862e-06,,,,,,,,,,,,,,,,,,,,,,,,,,,,,,,,,,,,
96249,384,384,8.2862e-06,0,0,1,0,0.000864645,0.000355718,6.95754,0.000349537,1.41696,0.0259735,0.00725262,0.0284476,0,1.83175,1.83175,0,6.09899,11.1166,1.275,0.0805757,0.0769036,0.0432927,0.00339081,0.0993901,0.13376,0.126717,0,2.67484,0,7.06425,16.6961,2.52369,0,0,6.81945,0
96299,385,,7.30146e-06,,,,,,,,,,,,,,,,,,,,,,,,,,,,,,,,,,,,
96349,385,,7.30146e-06,,,,,,,,,,,,,,,,,,,,,,,,,,,,,,,,,,,,
96399,385,,7.30146e-06,,,,,,,,,,,,,,,,,,,,,,,,,,,,,,,,,,,,
96449,385,,7.30146e-06,,,,,,,,,,,,,,,,,,,,,,,,,,,,,,,,,,,,
96499,385,385,7.30146e-06,0,0,1,0,0.000866832,0.000356568,6.78435,0.000348259,1.37266,0.0260281,0.0072883,0.0284752,0,1.83143,1.83143,0,6.09221,11.1265,1.26966,0.0805176,0.0772071,0.0436627,0.00335973,0.0984012,0.133626,0.126849,0,2.67686,0,7.09165,16.7148,2.52067,0,0,6.80393,0
96549,386,,6.37562e-06,,,,,,,,,,,,,,,,,,,,,,,,,,,,,,,,,,,,
96599,386,,6.37562e-06,,,,,,,,,,,,,,,,,,,,,,,,,,,,,,,,,,,,
96649,386,,6.37562e-06,,,,,,,,,,,,,,,,,,,,,,,,,,,,,,,,,,,,
96699,386,,6.37562e-06,,,,,,,,,,,,,,,,,,,,,,,,,,,,,,,,,,,,
96749,386,386,6.37562e-06,0,0,1,0,0.000879704,0.000359414,6.83732,0.000349342,1.35675,0.0269394,0.00762733,0.0296341,0,1.84053,1.84053,0,6.11987,11.127,1.27371,0.080452,0.077243,0.0433134,0.00336123,0.0987232,0.133671,0.1264,0,2.66541,0,7.06522,16.6983,2.51613,0,0,6.78109,0
96799,387,,5.5096e-06,,,,,,,,,,,,,,,,,,,,,,,,,,,,,,,,,,,,
96849,387,,5.5096e-06,,,,,,,,,,,,,,,,,,,,,,,,,,,,,,,,,,,,
96899,387,,5.5096e-06,,,,,,,,,,,,,,,,,,,,,,,,,,,,,,,,,,,,
96949,387,,5.5096e-06,,,,,,,,,,,,,,,,,,,,,,,,,,,,,,,,,,,,
96999,387,387,5.5096e-06,0,0,1,0,0.000860225,0.000355476,6.92772,0.000345418,1.37446,0.0255848,0.00719608,0.0278409,0,1.82627,1.82627,0,6.11672,11.1068,1.27378,0.0804715,0.0776133,0.0431958,0.00334316,0.0989335,0.133491,0.126253,0,2.66992,0,7.10335,16.6977,2.51621,0,0,6.76893,0
97049,388,,4.70426e-06,,,,,,,,,,,,,,,,,,,,,,,,,,,,,,,,,,,,
97099,388,,4.70426e-06,,,,,,,,,,,,,,,,,,,,,,,,,,,,,,,,,,,,
97149,388,,4.70426e-06,,,,,,,,,,,,,,,,,,,,,,,,,,,,,,,,,,,,
97199,388,,4.70426e-06,,,,,,,,,,,,,,,,,,,,,,,,,,,,,,,,,,,,
97249,388,388,4.70426e-06,0,0,1,0,0.00087881,0.000358831,6.79414,0.000355404,1.39388,0.0266449,0.00737524,0.0293676,0,1.82364,1.82364,0,6.06737,11.1197,1.27066,0.0803227,0.0771062,0.043302,0.00340355,0.0987377,0.133383,0.126004,0,2.67242,0,7.07978,16.6877,2.5137,0,0,6.81694,0
97299,389,,3.96039e-06,,,,,,,,,,,,,,,,,,,,,,,,,,,,,,,,,,,,
97349,389,,3.96039e-06,,,,,,,,,,,,,,,,,,,,,,,,,,,,,,,,,,,,
97399,389,,3.96039e-06,,,,,,,,,,,,,,,,,,,,,,,,,,,,,,,,,,,,
97449,389,,3.96039e-06,,,,,,,,,,,,,,,,,,,,,,,,,,,,,,,,,,,,
97499,389,389,3.96039e-06,0,0,1,0,0.000870696,0.000354764,6.74096,0.000352889,1.42407,0.0262341,0.00708898,0.0285973,0,1.81846,1.81846,0,6.10559,11.1082,1.27178,0.0803148,0.0770265,0.0433151,0.00336633,0.0988377,0.133488,0.125855,0,2.66729,0,7.08769,16.6972,2.51737,0,0,6.80235,0
97549,390,,3.27872e-06,,,,,,,,,,,,,,,,,,,,,,,,,,,,,,,,,,,,
97599,390,,3.27872e-06,,,,,,,,,,,,,,,,,,,,,,,,,,,,,,,,,,,,
97649,390,,3.27872e-06,,,,,,,,,,,,,,,,,,,,,,,,,,,,,,,,,,,,
97699,390,,3.27872e-06,,,,,,,,,,,,,,,,,,,,,,,,,,,,,,,,,,,,
97749,390,390,3.27872e-06,0,0,1,0,0.000879187,0.000361985,6.69989,0.000351328,1.37312,0.0267191,0.00758736,0.0289262,0,1.82083,1.82083,0,6.08099,11.1119,1.27109,0.0804072,0.0770619,0.0434511,0.00335177,0.0987471,0.13368,0.126151,0,2.67598,0,7.02113,16.6998,2.51363,0,0,6.81918,0
97799,391,,2.65992e-06,,,,,,,,,,,,,,,,,,,,,,,,,,,,,,,,,,,,
97849,391,,2.65992e-06,,,,,,,,,,,,,,,,,,,,,,,,,,,,,,,,,,,,
97899,391,,2.65992e-06,,,,,,,,,,,,,,,,,,,,,,,,,,,,,,,,,,,,
97949,391,,2.65992e-06,,,,,,,,,,,,,,,,,,,,,,,,,,,,,,,,,,,,
97999,391,391,2.65992e-06,0,0,1,0,0.00086297,0.0003546,6.70871,0.000347481,1.39181,0.0253071,0.00697556,0.0274381,0,1.80661,1.80661,0,6.12628,11.1112,1.27459,0.0804697,0.0776434,0.043139,0.00336888,0.0989072,0.133591,0.126169,0,2.67929,0,7.08428,16.6906,2.51402,0,0,6.74051,0
98049,392,,2.10461e-06,,,,,,,,,,,,,,,,,,,,,,,,,,,,,,,,,,,,
98099,392,,2.10461e-06,,,,,,,,,,,,,,,,,,,,,,,,,,,,,,,,,,,,
98149,392,,2.10461e-06,,,,,,,,,,,,,,,,,,,,,,,,,,,,,,,,,,,,
98199,392,,2.10461e-06,,,,,,,,,,,,,,,,,,,,,,,,,,,,,,,,,,,,
98249,392,392,2.10461e-06,0,0,1,0,0.00087141,0.000358742,6.62709,0.000353305,1.39612,0.0260712,0.00726043,0.0282,0,1.80802,1.80802,0,6.10353,11.112,1.27409,0.080493,0.0772915,0.0431619,0.00337944,0.0992456,0.133789,0.12609,0,2.66517,0,7.11179,16.6946,2.51591,0,0,6.77662,0
98299,393,,1.61333e-06,,,,,,,,,,,,,,,,,,,,,,,,,,,,,,,,,,,,
98349,393,,1.61333e-06,,,,,,,,,,,,,,,,,,,,,,,,,,,,,,,,,,,,
98399,393,,1.61333e-06,,,,,,,,,,,,,,,,,,,,,,,,,,,,,,,,,,,,
98449,393,,1.61333e-06,,,,,,,,,,,,,,,,,,,,,,,,,,,,,,,,,,,,
98499,393,393,1.61333e-06,0,0,1,0,0.00087506,0.000361818,6.56353,0.000355624,1.35328,0.0259861,0.0074946,0.0287085,0,1.80645,1.80645,0,6.09603,11.1145,1.27153,0.0802278,0.0767039,0.043318,0.00334263,0.0987386,0.133624,0.12564,0,2.68178,0,7.06256,16.6956,2.51739,0,0,6.84645,0
98549,394,,1.18657e-06,,,,,,,,,,,,,,,,,,,,,,,,,,,,,,,,,,,,
98599,394,,1.18657e-06,,,,,,,,,,,,,,,,,,,,,,,,,,,,,,,,,,,,
98649,394,,1.18657e-06,,,,,,,,,,,,,,,,,,,,,,,,,,,,,,,,,,,,
98699,394,,1.18657e-06,,,,,,,,,,,,,,,,,,,,,,,,,,,,,,,,,,,,
98749,394,394,1.18657e-06,0,0,1,0,0.000872902,0.000359502,6.72921,0.000353457,1.37696,0.0260877,0.00736168,0.0288278,0,1.80524,1.80524,0,6.10296,11.1085,1.27231,0.0803643,0.076912,0.0432988,0.00336398,0.0990266,0.133539,0.126046,0,2.6732,0,7.04313,16.6943,2.51285,0,0,6.82168,0
98799,395,,8.24756e-07,,,,,,,,,,,,,,,,,,,,,,,,,,,,,,,,,,,,
98849,395,,8.24756e-07,,,,,,,,,,,,,,,,,,,,,,,,,,,,,,,,,,,,
98899,395,,8.24756e-07,,,,,,,,,,,,,,,,,,,,,,,,,,,,,,,,,,,,
98949,395,,8.24756e-07,,,,,,,,,,,,,,,,,,,,,,,,,,,,,,,,,,,,
98999,395,395,8.24756e-07,0,0,1,0,0.000877217,0.000356941,6.61373,0.000354244,1.40279,0.0262065,0.00725147,0.0288174,0,1.81927,1.81927,0,6.10051,11.1099,1.27404,0.0803354,0.0773671,0.0432258,0.00336521,0.0989699,0.133489,0.125595,0,2.67425,0,7.05589,16.6864,2.51456,0,0,6.7745,0
99049,396,,5.28235e-07,,,,,,,,,,,,,,,,,,,,,,,,,,,,,,,,,,,,
99099,396,,5.28235e-07,,,,,,,,,,,,,,,,,,,,,,,,,,,,,,,,,,,,
99149,396,,5.28235e-07,,,,,,,,,,,,,,,,,,,,,,,,,,,,,,,,,,,,
99199,396,,5.28235e-07,,,,,,,,,,,,,,,,,,,,,,,,,,,,,,,,,,,,
99249,396,396,5.28235e-07,0,0,1,0,0.000874825,0.000360066,6.62202,0.000355297,1.37539,0.0260828,0.00725721,0.0284017,0,1.8046,1.8046,0,6.08522,11.1092,1.27219,0.0802324,0.0768161,0.0433217,0.00334571,0.098776,0.133584,0.125551,0,2.67948,0,7.09137,16.7071,2.51692,0,0,6.82048,0
99299,397,,2.97303e-07,,,,,,,,,,,,,,,,,,,,,,,,,,,,,,,,,,,,
99349,397,,2.97303e-07,,,,,,,,,,,,,,,,,,,,,,,,,,,,,,,,,,,,
99399,397,,2.97303e-07,,,,,,,,,,,,,,,,,,,,,,,,,,,,,,,,,,,,
99449,397,,2.97303e-07,,,,,,,,,,,,,,,,,,,,,,,,,,,,,,,,,,,,
99499,397,397,2.97303e-07,0,0,1,0,0.000876263,0.000359387,6.53344,0.00035476,1.40619,0.0260028,0.0073197,0.0285088,0,1.80364,1.80364,0,6.05196,11.1186,1.26912,0.0802124,0.0768814,0.0434923,0.00332949,0.0983312,0.133648,0.125592,0,2.69269,0,7.03231,16.7055,2.51984,0,0,6.85748,0
99549,398,,1.32189e-07,,,,,,,,,,,,,,,,,,,,,,,,,,,,,,,,,,,,
99599,398,,1.32189e-07,,,,,,,,,,,,,,,,,,,,,,,,,,,,,,,,,,,,
99649,398,,1.32189e-07,,,,,,,,,,,,,,,,,,,,,,,,,,,,,,,,,,,,
99699,398,,1.32189e-07,,,,,,,,,,,,,,,,,,,,,,,,,,,,,,,,,,,,
99749,398,398,1.32189e-07,0,0,1,0,0.000875528,0.000360311,6.56302,0.000355921,1.35669,0.0259952,0.00736986,0.0289662,0,1.80399,1.80399,0,6.10586,11.1085,1.27348,0.0803669,0.0769319,0.0432799,0.00337551,0.0990035,0.133605,0.126005,0,2.67243,0,7.06455,16.6903,2.51507,0,0,6.81545,0
99799,399,,3.30554e-08,,,,,,,,,,,,,,,,,,,,,,,,,,,,,,,,,,,,
99849,399,,3.30554e-08,,,,,,,,,,,,,,,,,,,,,,,,,,,,,,,,,,,,
99899,399,,3.30554e-08,,,,,,,,,,,,,,,,,,,,,,,,,,,,,,,,,,,,
99949,399,,3.30554e-08,,,,,,,,,,,,,,,,,,,,,,,,,,,,,,,,,,,,
99999,399,399,3.30554e-08,0,0,1,0,0.000871545,0.000358757,6.66476,0.000356794,1.39146,0.0256832,0.0073934,0.0283157,0,1.80178,1.80178,0,6.10567,11.1121,1.27353,0.0804029,0.0774155,0.0433104,0.00335579,0.0986939,0.133558,0.126084,0,2.67458,0,7.09082,16.7157,2.51942,0,0,6.77274,0
