step,epoch,epoch,lr-Adam,lw/param_w,lw/perc_w,lw/sw_w,train/param,train/param_grad/AMP_0,train/param_grad/BFRQ_0,train/param_grad/CF_DELAY_0,train/param_grad/CF_DEPTH_0,train/param_grad/CF_MIX_0,train/param_grad/CF_RATE_0,train/param_grad/CUTOFF_0,train/param_grad/M_OSC_0,train/param_grad/Q_FILT_0,train/perc,train/spec,train/total,train/wave,val_id/loud,val_id/lsd,val_id/mfcc,val_id/mfcc03,val_id/param,val_id/param_group/chorus_delay_ms,val_id/param_group/chorus_depth,val_id/param_group/chorus_mix,val_id/param_group/chorus_rate,val_id/param_group/harmor_amplitudes,val_id/param_group/harmor_cutoff,val_id/param_group/harmor_f0_hz,val_id/param_group/harmor_osc_mix,val_id/param_group/harmor_q,val_id/perc,val_id/spec,val_id/wave,val_ood/loud,val_ood/lsd,val_ood/mfcc,val_ood/mfcc03,val_ood/param,val_ood/perc,val_ood/spec,val_ood/wave
0,0,,,,,,,,,,,,,,,,,,,,,40,,,,,,,,,,,,,,,,,40,,,,,,
12549,50,,0.000605006,,,,,,,,,,,,,,,,,,,,,,,,,,,,,,,,,,,,,,,,,,
12599,50,,0.000605006,,,,,,,,,,,,,,,,,,,,,,,,,,,,,,,,,,,,,,,,,,
12649,50,,0.000605006,,,,,,,,,,,,,,,,,,,,,,,,,,,,,,,,,,,,,,,,,,
12699,50,,0.000605006,,,,,,,,,,,,,,,,,,,,,,,,,,,,,,,,,,,,,,,,,,
12749,50,50,0.000605006,9.9668,0,0.00166,0.363547,6.00263e-05,0.0159166,0.015574,0.0155733,0.0155733,0.0155802,5.98815e-05,0.0155733,0.0155737,0,0.000274988,0.363795,0,5.76573,10.6613,1.37958,0.118486,0.080856,0.203854,0.192925,0.083495,0.0998161,0.0661824,0.0441959,0.00486011,0.0317272,0.0815039,0,0.183369,0,6.15828,16.9421,2.5586,0.35999,0,0,0.430124,0
12799,51,,0.000598956,,,,,,,,,,,,,,,,,,,,,,,,,,,,,,,,,,,,,,,,,,
12849,51,,0.000598956,,,,,,,,,,,,,,,,,,,,,,,,,,,,,,,,,,,,,,,,,,
12899,51,,0.000598956,,,,,,,,,,,,,,,,,,,,,,,,,,,,,,,,,,,,,,,,,,
12949,51,,0.000598956,,,,,,,,,,,,,,,,,,,,,,,,,,,,,,,,,,,,,,,,,,
12999,51,51,0.000598956,9.90013,0,0.00499333,0.355586,5.96383e-05,0.0165327,0.0154716,0.0154694,0.0154694,0.015492,5.9576e-05,0.0154696,0.0154705,0,0.000826669,0.356413,0,5.68297,10.5547,1.36194,0.112081,0.0810069,0.202852,0.196772,0.0838645,0.101068,0.0629993,0.044186,0.00468677,0.0330114,0.0806295,0,0.179018,0,5.90046,16.8582,2.53045,0.353729,0,0,0.421828,0
13049,52,,0.000592966,,,,,,,,,,,,,,,,,,,,,,,,,,,,,,,,,,,,,,,,,,
13099,52,,0.000592966,,,,,,,,,,,,,,,,,,,,,,,,,,,,,,,,,,,,,,,,,,
13149,52,,0.000592966,,,,,,,,,,,,,,,,,,,,,,,,,,,,,,,,,,,,,,,,,,
13199,52,,0.000592966,,,,,,,,,,,,,,,,,,,,,,,,,,,,,,,,,,,,,,,,,,
13249,52,52,0.000592966,9.83347,0,0.00832667,0.345461,5.92716e-05,0.0171162,0.0153697,0.0153656,0.0153654,0.0154067,5.91343e-05,0.0153657,0.0153669,0,0.00135865,0.34682,0,5.63717,10.4361,1.35725,0.110084,0.0806549,0.202533,0.196665,0.0836413,0.100195,0.0626414,0.0436752,0.00453004,0.0322969,0.0803708,0,0.177199,0,5.87973,16.9639,2.5339,0.355548,0,0,0.425447,0
13299,53,,0.000587037,,,,,,,,,,,,,,,,,,,,,,,,,,,,,,,,,,,,,,,,,,
13349,53,,0.000587037,,,,,,,,,,,,,,,,,,,,,,,,,,,,,,,,,,,,,,,,,,
13399,53,,0.000587037,,,,,,,,,,,,,,,,,,,,,,,,,,,,,,,,,,,,,,,,,,
13449,53,,0.000587037,,,,,,,,,,,,,,,,,,,,,,,,,,,,,,,,,,,,,,,,,,
13499,53,53,0.000587037,9.7668,0,0.01166,0.338187,5.89373e-05,0.0176886,0.0152708,0.0152616,0.0152617,0.0153146,5.86613e-05,0.0152622,0.0152646,0,0.00193363,0.34012,0,5.65907,10.7372,1.36421,0.107524,0.0803911,0.203375,0.193939,0.0850983,0.100238,0.0629714,0.0434937,0.00518015,0.0295748,0.080042,0,0.175283,0,5.7686,16.7261,2.51354,0.342912,0,0,0.408627,0
13549,54,,0.000581166,,,,,,,,,,,,,,,,,,,,,,,,,,,,,,,,,,,,,,,,,,
13599,54,,0.000581166,,,,,,,,,,,,,,,,,,,,,,,,,,,,,,,,,,,,,,,,,,
13649,54,,0.000581166,,,,,,,,,,,,,,,,,,,,,,,,,,,,,,,,,,,,,,,,,,
13699,54,,0.000581166,,,,,,,,,,,,,,,,,,,,,,,,,,,,,,,,,,,,,,,,,,
13749,54,54,0.000581166,9.70013,0,0.0149933,0.328821,5.85664e-05,0.0183179,0.0151655,0.0151579,0.0151578,0.015237,5.83245e-05,0.0151581,0.0151615,0,0.00244624,0.331267,0,5.65187,10.4379,1.35486,0.111172,0.0808505,0.206491,0.193767,0.085018,0.100022,0.0627916,0.0443628,0.00481363,0.0311935,0.0800458,0,0.177315,0,5.85802,16.6735,2.51349,0.354589,0,0,0.420476,0
13799,55,,0.000575355,,,,,,,,,,,,,,,,,,,,,,,,,,,,,,,,,,,,,,,,,,
13849,55,,0.000575355,,,,,,,,,,,,,,,,,,,,,,,,,,,,,,,,,,,,,,,,,,
13899,55,,0.000575355,,,,,,,,,,,,,,,,,,,,,,,,,,,,,,,,,,,,,,,,,,
13949,55,,0.000575355,,,,,,,,,,,,,,,,,,,,,,,,,,,,,,,,,,,,,,,,,,
13999,55,55,0.000575355,9.63347,0,0.0183267,0.324657,5.83204e-05,0.0189901,0.0150643,0.0150535,0.0150539,0.0151467,5.79598e-05,0.0150543,0.0150575,0,0.00301351,0.327671,0,5.69266,10.6624,1.37667,0.111106,0.0809783,0.206169,0.197454,0.0826565,0.0996867,0.0626579,0.0437196,0.00522909,0.0311328,0.0810776,0,0.173044,0,5.92902,16.8078,2.53557,0.349181,0,0,0.4109,0
14049,56,,0.000569601,,,,,,,,,,,,,,,,,,,,,,,,,,,,,,,,,,,,,,,,,,
14099,56,,0.000569601,,,,,,,,,,,,,,,,,,,,,,,,,,,,,,,,,,,,,,,,,,
14149,56,,0.000569601,,,,,,,,,,,,,,,,,,,,,,,,,,,,,,,,,,,,,,,,,,
14199,56,,0.000569601,,,,,,,,,,,,,,,,,,,,,,,,,,,,,,,,,,,,,,,,,,
14249,56,56,0.000569601,9.5668,0,0.02166,0.317275,5.79232e-05,0.0196238,0.0149619,0.0149503,0.0149499,0.0150492,5.75788e-05,0.0149509,0.0149546,0,0.0036106,0.320886,0,5.5981,10.6391,1.36224,0.111206,0.0810377,0.203624,0.19804,0.0834068,0.100293,0.0625148,0.0439547,0.00479802,0.0334307,0.0803152,0,0.174857,0,5.73671,16.73,2.50606,0.344923,0,0,0.410721,0
14299,57,,0.000563905,,,,,,,,,,,,,,,,,,,,,,,,,,,,,,,,,,,,,,,,,,
14349,57,,0.000563905,,,,,,,,,,,,,,,,,,,,,,,,,,,,,,,,,,,,,,,,,,
14399,57,,0.000563905,,,,,,,,,,,,,,,,,,,,,,,,,,,,,,,,,,,,,,,,,,
14449,57,,0.000563905,,,,,,,,,,,,,,,,,,,,,,,,,,,,,,,,,,,,,,,,,,
14499,57,57,0.000563905,9.50013,0,0.0249933,0.311608,5.75572e-05,0.0201455,0.0148572,0.0148463,0.014846,0.0149848,5.72009e-05,0.0148468,0.0148518,0,0.0041402,0.315748,0,5.61993,10.3924,1.34551,0.108026,0.0815428,0.206454,0.195615,0.0853129,0.102305,0.0634085,0.0441372,0.00500982,0.0297848,0.0833998,0,0.171487,0,5.72135,16.6131,2.48854,0.344073,0,0,0.407671,0
14549,58,,0.000558266,,,,,,,,,,,,,,,,,,,,,,,,,,,,,,,,,,,,,,,,,,
14599,58,,0.000558266,,,,,,,,,,,,,,,,,,,,,,,,,,,,,,,,,,,,,,,,,,
14649,58,,0.000558266,,,,,,,,,,,,,,,,,,,,,,,,,,,,,,,,,,,,,,,,,,
14699,58,,0.000558266,,,,,,,,,,,,,,,,,,,,,,,,,,,,,,,,,,,,,,,,,,
14749,58,58,0.000558266,9.43347,0,0.0283267,0.301565,5.72252e-05,0.0207224,0.0147585,0.0147422,0.0147418,0.0148975,5.67725e-05,0.0147432,0.0147494,0,0.00475034,0.306315,0,5.73682,10.5258,1.37365,0.113681,0.0806884,0.203527,0.19633,0.085089,0.0984004,0.0640507,0.0442917,0.00481186,0.0297395,0.0806433,0,0.179126,0,5.91691,16.9103,2.53225,0.356088,0,0,0.426029,0
14799,59,,0.000552683,,,,,,,,,,,,,,,,,,,,,,,,,,,,,,,,,,,,,,,,,,
14849,59,,0.000552683,,,,,,,,,,,,,,,,,,,,,,,,,,,,,,,,,,,,,,,,,,
14899,59,,0.000552683,,,,,,,,,,,,,,,,,,,,,,,,,,,,,,,,,,,,,,,,,,
14949,59,,0.000552683,,,,,,,,,,,,,,,,,,,,,,,,,,,,,,,,,,,,,,,,,,
14999,59,59,0.000552683,9.3668,0,0.03166,0.294054,5.6918e-05,0.0214699,0.0146623,0.0146388,0.0146384,0.0148018,5.64133e-05,0.0146392,0.0146453,0,0.00523562,0.299289,0,5.70039,10.5309,1.36392,0.114875,0.0808019,0.206137,0.194746,0.0839642,0.0992995,0.0646996,0.0437634,0.0046189,0.0300527,0.0807374,0,0.182583,0,5.898,16.9441,2.52833,0.356151,0,0,0.427009,0
15049,60,,0.000547157,,,,,,,,,,,,,,,,,,,,,,,,,,,,,,,,,,,,,,,,,,
15099,60,,0.000547157,,,,,,,,,,,,,,,,,,,,,,,,,,,,,,,,,,,,,,,,,,
15149,60,,0.000547157,,,,,,,,,,,,,,,,,,,,,,,,,,,,,,,,,,,,,,,,,,
15199,60,,0.000547157,,,,,,,,,,,,,,,,,,,,,,,,,,,,,,,,,,,,,,,,,,
15249,60,60,0.000547157,9.30013,0,0.0349933,0.290374,5.65436e-05,0.0219313,0.014561,0.0145339,0.0145346,0.0147258,5.6002e-05,0.0145353,0.0145422,0,0.0058625,0.296237,0,5.64344,10.6739,1.37091,0.112233,0.0803419,0.204179,0.193283,0.0837536,0.0999985,0.0624218,0.0431314,0.0049945,0.0288901,0.082767,0,0.179377,0,5.83685,16.8374,2.52187,0.346889,0,0,0.413542,0
15299,61,,0.000541685,,,,,,,,,,,,,,,,,,,,,,,,,,,,,,,,,,,,,,,,,,
15349,61,,0.000541685,,,,,,,,,,,,,,,,,,,,,,,,,,,,,,,,,,,,,,,,,,
15399,61,,0.000541685,,,,,,,,,,,,,,,,,,,,,,,,,,,,,,,,,,,,,,,,,,
15449,61,,0.000541685,,,,,,,,,,,,,,,,,,,,,,,,,,,,,,,,,,,,,,,,,,
15499,61,61,0.000541685,9.23347,0,0.0383267,0.285001,5.62099e-05,0.022495,0.0144552,0.0144299,0.0144307,0.0146143,5.56285e-05,0.0144316,0.0144387,0,0.0064267,0.291428,0,5.58452,10.6402,1.36363,0.108997,0.0803092,0.205094,0.193877,0.0846122,0.0985565,0.0621602,0.043956,0.0050191,0.029869,0.0799477,0,0.175332,0,5.92952,16.9061,2.54731,0.354685,0,0,0.41849,0
15549,62,,0.000536268,,,,,,,,,,,,,,,,,,,,,,,,,,,,,,,,,,,,,,,,,,
15599,62,,0.000536268,,,,,,,,,,,,,,,,,,,,,,,,,,,,,,,,,,,,,,,,,,
15649,62,,0.000536268,,,,,,,,,,,,,,,,,,,,,,,,,,,,,,,,,,,,,,,,,,
15699,62,,0.000536268,,,,,,,,,,,,,,,,,,,,,,,,,,,,,,,,,,,,,,,,,,
15749,62,62,0.000536268,9.1668,0,0.04166,0.275094,5.58294e-05,0.0233784,0.0143424,0.0143271,0.0143273,0.0145547,5.51869e-05,0.0143275,0.0143358,0,0.00701048,0.282105,0,5.52518,10.6408,1.35452,0.111109,0.0801902,0.202932,0.19451,0.0826642,0.0999441,0.0629013,0.0450933,0.00504843,0.0292934,0.0795148,0,0.177378,0,5.81588,16.8667,2.51112,0.348535,0,0,0.417523,0
15799,63,,0.000530906,,,,,,,,,,,,,,,,,,,,,,,,,,,,,,,,,,,,,,,,,,
15849,63,,0.000530906,,,,,,,,,,,,,,,,,,,,,,,,,,,,,,,,,,,,,,,,,,
15899,63,,0.000530906,,,,,,,,,,,,,,,,,,,,,,,,,,,,,,,,,,,,,,,,,,
15949,63,,0.000530906,,,,,,,,,,,,,,,,,,,,,,,,,,,,,,,,,,,,,,,,,,
15999,63,63,0.000530906,9.10013,0,0.0449934,0.271961,5.5494e-05,0.0237143,0.014252,0.0142221,0.0142225,0.0144633,5.47762e-05,0.0142237,0.0142323,0,0.00752182,0.279483,0,5.75572,10.6091,1.37831,0.107949,0.0795539,0.201684,0.193244,0.0826274,0.0977163,0.0626683,0.0441414,0.00498475,0.0285012,0.0799719,0,0.174983,0,5.94107,17.0085,2.57751,0.353956,0,0,0.415298,0
16049,64,,0.000525596,,,,,,,,,,,,,,,,,,,,,,,,,,,,,,,,,,,,,,,,,,
16099,64,,0.000525596,,,,,,,,,,,,,,,,,,,,,,,,,,,,,,,,,,,,,,,,,,
16149,64,,0.000525596,,,,,,,,,,,,,,,,,,,,,,,,,,,,,,,,,,,,,,,,,,
16199,64,,0.000525596,,,,,,,,,,,,,,,,,,,,,,,,,,,,,,,,,,,,,,,,,,
16249,64,64,0.000525596,9.03347,0,0.0483267,0.266649,5.51924e-05,0.0244259,0.0141444,0.0141186,0.0141185,0.0143794,5.44183e-05,0.0141207,0.014129,0,0.00811924,0.274768,0,5.71284,11.2509,1.39627,0.114923,0.0803249,0.204103,0.193341,0.0827668,0.100506,0.0631864,0.0435438,0.0068691,0.0282813,0.0806512,0,0.188271,0,5.79207,16.7017,2.50451,0.342254,0,0,0.404043,0
16299,65,,0.000520341,,,,,,,,,,,,,,,,,,,,,,,,,,,,,,,,,,,,,,,,,,
16349,65,,0.000520341,,,,,,,,,,,,,,,,,,,,,,,,,,,,,,,,,,,,,,,,,,
16399,65,,0.000520341,,,,,,,,,,,,,,,,,,,,,,,,,,,,,,,,,,,,,,,,,,
16449,65,,0.000520341,,,,,,,,,,,,,,,,,,,,,,,,,,,,,,,,,,,,,,,,,,
16499,65,65,0.000520341,8.9668,0,0.05166,0.259249,5.48312e-05,0.0251658,0.0140432,0.0140141,0.0140147,0.014298,5.39706e-05,0.0140164,0.0140259,0,0.00864032,0.26789,0,5.64627,10.7476,1.36733,0.115963,0.080672,0.203693,0.192302,0.0839548,0.100374,0.0653314,0.0452871,0.00533028,0.0297487,0.0806988,0,0.184822,0,5.84906,16.819,2.52133,0.36259,0,0,0.431607,0
16549,66,,0.000515137,,,,,,,,,,,,,,,,,,,,,,,,,,,,,,,,,,,,,,,,,,
16599,66,,0.000515137,,,,,,,,,,,,,,,,,,,,,,,,,,,,,,,,,,,,,,,,,,
16649,66,,0.000515137,,,,,,,,,,,,,,,,,,,,,,,,,,,,,,,,,,,,,,,,,,
16699,66,,0.000515137,,,,,,,,,,,,,,,,,,,,,,,,,,,,,,,,,,,,,,,,,,
16749,66,66,0.000515137,8.90013,0,0.0549933,0.254013,5.448e-05,0.0255173,0.0139425,0.0139109,0.0139107,0.0142297,5.36352e-05,0.0139128,0.013923,0,0.00924914,0.263262,0,5.68514,10.3181,1.35287,0.10684,0.0805681,0.204906,0.196085,0.0844215,0.0978964,0.0653062,0.0438537,0.00467505,0.0287361,0.0798011,0,0.167964,0,5.82505,16.7226,2.51183,0.340876,0,0,0.402173,0
16799,67,,0.000509986,,,,,,,,,,,,,,,,,,,,,,,,,,,,,,,,,,,,,,,,,,
16849,67,,0.000509986,,,,,,,,,,,,,,,,,,,,,,,,,,,,,,,,,,,,,,,,,,
16899,67,,0.000509986,,,,,,,,,,,,,,,,,,,,,,,,,,,,,,,,,,,,,,,,,,
16949,67,,0.000509986,,,,,,,,,,,,,,,,,,,,,,,,,,,,,,,,,,,,,,,,,,
16999,67,67,0.000509986,8.83346,0,0.0583267,0.250262,5.41411e-05,0.0264927,0.0138358,0.0138056,0.0138062,0.0141263,5.32439e-05,0.0138092,0.0138206,0,0.00961018,0.259873,0,5.57111,10.4258,1.34861,0.108382,0.0796915,0.202746,0.195078,0.0822781,0.097784,0.0617068,0.0435203,0.00470533,0.0290541,0.0800428,0,0.17399,0,5.80992,16.8165,2.52682,0.346858,0,0,0.414557,0
17049,68,,0.000504886,,,,,,,,,,,,,,,,,,,,,,,,,,,,,,,,,,,,,,,,,,
17099,68,,0.000504886,,,,,,,,,,,,,,,,,,,,,,,,,,,,,,,,,,,,,,,,,,
17149,68,,0.000504886,,,,,,,,,,,,,,,,,,,,,,,,,,,,,,,,,,,,,,,,,,
17199,68,,0.000504886,,,,,,,,,,,,,,,,,,,,,,,,,,,,,,,,,,,,,,,,,,
17249,68,68,0.000504886,8.7668,0,0.06166,0.244113,5.37846e-05,0.0271942,0.0137431,0.0137025,0.0137041,0.0140876,5.28749e-05,0.0137048,0.0137158,0,0.0101389,0.254252,0,5.64956,10.5683,1.35558,0.108405,0.0801768,0.202913,0.196548,0.0837231,0.0998138,0.0623841,0.0435268,0.00498426,0.0279093,0.0799662,0,0.175439,0,5.86252,16.8654,2.53478,0.356337,0,0,0.420962,0
17299,69,,0.000499837,,,,,,,,,,,,,,,,,,,,,,,,,,,,,,,,,,,,,,,,,,
17349,69,,0.000499837,,,,,,,,,,,,,,,,,,,,,,,,,,,,,,,,,,,,,,,,,,
17399,69,,0.000499837,,,,,,,,,,,,,,,,,,,,,,,,,,,,,,,,,,,,,,,,,,
17449,69,,0.000499837,,,,,,,,,,,,,,,,,,,,,,,,,,,,,,,,,,,,,,,,,,
17499,69,69,0.000499837,8.70013,0,0.0649933,0.240576,5.35136e-05,0.0276081,0.0136368,0.0135987,0.0135985,0.0139954,5.24357e-05,0.0136011,0.0136132,0,0.0108022,0.251378,0,5.58638,11.1974,1.38251,0.115108,0.0803384,0.20382,0.196057,0.0826323,0.0992645,0.063827,0.0430139,0.00695395,0.0285024,0.0793131,0,0.185098,0,5.74057,16.6417,2.49538,0.3417,0,0,0.408058,0
17549,70,,0.000494839,,,,,,,,,,,,,,,,,,,,,,,,,,,,,,,,,,,,,,,,,,
17599,70,,0.000494839,,,,,,,,,,,,,,,,,,,,,,,,,,,,,,,,,,,,,,,,,,
17649,70,,0.000494839,,,,,,,,,,,,,,,,,,,,,,,,,,,,,,,,,,,,,,,,,,
17699,70,,0.000494839,,,,,,,,,,,,,,,,,,,,,,,,,,,,,,,,,,,,,,,,,,
17749,70,70,0.000494839,8.63347,0,0.0683267,0.237074,5.30891e-05,0.0289715,0.0135456,0.0134953,0.0134955,0.0139371,5.20734e-05,0.013496,0.0135118,0,0.0113052,0.24838,0,5.69494,10.8623,1.362,0.110773,0.0796721,0.201614,0.193802,0.0826685,0.0985559,0.0621468,0.043914,0.00571198,0.0286229,0.0796855,0,0.184419,0,5.75014,16.5579,2.47585,0.34449,0,0,0.411229,0
17799,71,,0.00048989,,,,,,,,,,,,,,,,,,,,,,,,,,,,,,,,,,,,,,,,,,
17849,71,,0.00048989,,,,,,,,,,,,,,,,,,,,,,,,,,,,,,,,,,,,,,,,,,
17899,71,,0.00048989,,,,,,,,,,,,,,,,,,,,,,,,,,,,,,,,,,,,,,,,,,
17949,71,,0.00048989,,,,,,,,,,,,,,,,,,,,,,,,,,,,,,,,,,,,,,,,,,
17999,71,71,0.00048989,8.5668,0,0.07166,0.231337,5.27612e-05,0.0288933,0.0134407,0.0133918,0.0133905,0.0138413,5.16554e-05,0.0133938,0.0134081,0,0.0119789,0.243316,0,5.63961,10.351,1.35473,0.109272,0.0799115,0.199048,0.1956,0.0846784,0.0990532,0.0629868,0.0442428,0.00438921,0.02893,0.0801868,0,0.17296,0,5.88816,16.8414,2.53076,0.352612,0,0,0.422645,0
18049,72,,0.000484991,,,,,,,,,,,,,,,,,,,,,,,,,,,,,,,,,,,,,,,,,,
18099,72,,0.000484991,,,,,,,,,,,,,,,,,,,,,,,,,,,,,,,,,,,,,,,,,,
18149,72,,0.000484991,,,,,,,,,,,,,,,,,,,,,,,,,,,,,,,,,,,,,,,,,,
18199,72,,0.000484991,,,,,,,,,,,,,,,,,,,,,,,,,,,,,,,,,,,,,,,,,,
18249,72,72,0.000484991,8.50013,0,0.0749934,0.226028,5.23956e-05,0.0299273,0.0133389,0.0132885,0.0132861,0.0137662,5.12655e-05,0.01329,0.0133043,0,0.0121815,0.238209,0,5.65319,10.6167,1.37399,0.111042,0.0796241,0.20206,0.193069,0.0827535,0.0966754,0.0628353,0.0433762,0.00512224,0.0285516,0.0817977,0,0.176749,0,5.89885,16.6737,2.52104,0.347969,0,0,0.409895,0
18299,73,,0.000480141,,,,,,,,,,,,,,,,,,,,,,,,,,,,,,,,,,,,,,,,,,
18349,73,,0.000480141,,,,,,,,,,,,,,,,,,,,,,,,,,,,,,,,,,,,,,,,,,
18399,73,,0.000480141,,,,,,,,,,,,,,,,,,,,,,,,,,,,,,,,,,,,,,,,,,
18449,73,,0.000480141,,,,,,,,,,,,,,,,,,,,,,,,,,,,,,,,,,,,,,,,,,
18499,73,73,0.000480141,8.43347,0,0.0783266,0.221718,5.2027e-05,0.030457,0.013246,0.013181,0.013183,0.0137042,5.08579e-05,0.0131851,0.0131983,0,0.0129313,0.23465,0,5.72916,10.9812,1.39042,0.113732,0.0800854,0.203786,0.197205,0.0812511,0.0974702,0.0621611,0.043604,0.00589001,0.0281064,0.0813797,0,0.185,0,5.8832,16.7335,2.51766,0.344797,0,0,0.41363,0
18549,74,,0.00047534,,,,,,,,,,,,,,,,,,,,,,,,,,,,,,,,,,,,,,,,,,
18599,74,,0.00047534,,,,,,,,,,,,,,,,,,,,,,,,,,,,,,,,,,,,,,,,,,
18649,74,,0.00047534,,,,,,,,,,,,,,,,,,,,,,,,,,,,,,,,,,,,,,,,,,
18699,74,,0.00047534,,,,,,,,,,,,,,,,,,,,,,,,,,,,,,,,,,,,,,,,,,
18749,74,74,0.00047534,8.3668,0,0.08166,0.217409,5.1721e-05,0.0312384,0.0131484,0.0130792,0.0130781,0.0135865,5.05048e-05,0.0130808,0.0130984,0,0.013471,0.23088,0,5.64265,11.1158,1.37255,0.115286,0.0797786,0.203635,0.194386,0.0816998,0.0970924,0.0624902,0.0436996,0.00606466,0.0282128,0.0805051,0,0.185563,0,5.79643,16.868,2.50752,0.354108,0,0,0.420703,0
18799,75,,0.000470587,,,,,,,,,,,,,,,,,,,,,,,,,,,,,,,,,,,,,,,,,,
18849,75,,0.000470587,,,,,,,,,,,,,,,,,,,,,,,,,,,,,,,,,,,,,,,,,,
18899,75,,0.000470587,,,,,,,,,,,,,,,,,,,,,,,,,,,,,,,,,,,,,,,,,,
18949,75,,0.000470587,,,,,,,,,,,,,,,,,,,,,,,,,,,,,,,,,,,,,,,,,,
18999,75,75,0.000470587,8.30013,0,0.0849933,0.21431,5.13577e-05,0.0316414,0.0130369,0.0129748,0.012976,0.0135368,5.00995e-05,0.0129778,0.0129957,0,0.014046,0.228356,0,5.64899,11.1775,1.38631,0.114356,0.079715,0.203207,0.191892,0.0828723,0.0977405,0.0626381,0.0428372,0.00652104,0.0287392,0.0807028,0,0.186954,0,5.92096,16.8471,2.51722,0.347568,0,0,0.416727,0
19049,76,,0.000465881,,,,,,,,,,,,,,,,,,,,,,,,,,,,,,,,,,,,,,,,,,
19099,76,,0.000465881,,,,,,,,,,,,,,,,,,,,,,,,,,,,,,,,,,,,,,,,,,
19149,76,,0.000465881,,,,,,,,,,,,,,,,,,,,,,,,,,,,,,,,,,,,,,,,,,
19199,76,,0.000465881,,,,,,,,,,,,,,,,,,,,,,,,,,,,,,,,,,,,,,,,,,
19249,76,76,0.000465881,8.23347,0,0.0883266,0.208845,5.09992e-05,0.0323482,0.0129193,0.0128709,0.0128711,0.0134746,4.97097e-05,0.0128736,0.01289,0,0.0145626,0.223408,0,5.603,10.6907,1.36312,0.11127,0.0806152,0.20484,0.196182,0.0819479,0.0989207,0.0654945,0.043739,0.00526192,0.0286216,0.0811444,0,0.176208,0,5.71511,16.7392,2.50248,0.339271,0,0,0.402968,0
19299,77,,0.000461222,,,,,,,,,,,,,,,,,,,,,,,,,,,,,,,,,,,,,,,,,,
19349,77,,0.000461222,,,,,,,,,,,,,,,,,,,,,,,,,,,,,,,,,,,,,,,,,,
19399,77,,0.000461222,,,,,,,,,,,,,,,,,,,,,,,,,,,,,,,,,,,,,,,,,,
19449,77,,0.000461222,,,,,,,,,,,,,,,,,,,,,,,,,,,,,,,,,,,,,,,,,,
19499,77,77,0.000461222,8.1668,0,0.0916601,0.206441,5.06523e-05,0.0334815,0.0128435,0.0127692,0.0127677,0.0134162,4.92739e-05,0.0127714,0.0127896,0,0.0149304,0.221372,0,5.6654,10.5612,1.35701,0.109114,0.0796138,0.202784,0.194034,0.0823888,0.0983929,0.062854,0.0432186,0.00488103,0.0275331,0.0800514,0,0.17773,0,5.81479,16.8243,2.51711,0.352618,0,0,0.419058,0
19549,78,,0.00045661,,,,,,,,,,,,,,,,,,,,,,,,,,,,,,,,,,,,,,,,,,
19599,78,,0.00045661,,,,,,,,,,,,,,,,,,,,,,,,,,,,,,,,,,,,,,,,,,
19649,78,,0.00045661,,,,,,,,,,,,,,,,,,,,,,,,,,,,,,,,,,,,,,,,,,
19699,78,,0.00045661,,,,,,,,,,,,,,,,,,,,,,,,,,,,,,,,,,,,,,,,,,
19749,78,78,0.00045661,8.10013,0,0.0949933,0.199163,5.03077e-05,0.0344398,0.0127436,0.0126653,0.0126639,0.0133339,4.89147e-05,0.0126666,0.0126855,0,0.0153064,0.214469,0,5.65395,10.9757,1.37638,0.112605,0.0795846,0.202534,0.192479,0.0832755,0.0971733,0.0629602,0.0433902,0.00580808,0.0284986,0.0797272,0,0.183526,0,5.822,16.754,2.49493,0.341293,0,0,0.408615,0
19799,79,,0.000452044,,,,,,,,,,,,,,,,,,,,,,,,,,,,,,,,,,,,,,,,,,
19849,79,,0.000452044,,,,,,,,,,,,,,,,,,,,,,,,,,,,,,,,,,,,,,,,,,
19899,79,,0.000452044,,,,,,,,,,,,,,,,,,,,,,,,,,,,,,,,,,,,,,,,,,
19949,79,,0.000452044,,,,,,,,,,,,,,,,,,,,,,,,,,,,,,,,,,,,,,,,,,
19999,79,79,0.000452044,8.03347,0,0.0983266,0.198015,4.99772e-05,0.0354341,0.0126274,0.0125592,0.0125599,0.0132125,4.85117e-05,0.0125639,0.0125812,0,0.016073,0.214088,0,5.57366,10.3965,1.34897,0.107384,0.0795926,0.202189,0.192359,0.0823051,0.0980513,0.0639404,0.0428309,0.00460404,0.0281112,0.081536,0,0.171527,0,5.84288,16.715,2.51826,0.340028,0,0,0.402166,0
20049,80,,0.000447523,,,,,,,,,,,,,,,,,,,,,,,,,,,,,,,,,,,,,,,,,,
20099,80,,0.000447523,,,,,,,,,,,,,,,,,,,,,,,,,,,,,,,,,,,,,,,,,,
20149,80,,0.000447523,,,,,,,,,,,,,,,,,,,,,,,,,,,,,,,,,,,,,,,,,,
20199,80,,0.000447523,,,,,,,,,,,,,,,,,,,,,,,,,,,,,,,,,,,,,,,,,,
20249,80,80,0.000447523,7.9668,0,0.10166,0.192494,4.97457e-05,0.0357678,0.0125411,0.0124527,0.0124565,0.0132084,4.8123e-05,0.012459,0.012479,0,0.016502,0.208996,0,5.63951,10.5718,1.35822,0.10901,0.0792428,0.201495,0.192797,0.0824797,0.0976582,0.0620281,0.0431645,0.00523301,0.0278601,0.0797128,0,0.17726,0,5.83016,16.7958,2.51345,0.349367,0,0,0.415595,0
20299,81,,0.000443048,,,,,,,,,,,,,,,,,,,,,,,,,,,,,,,,,,,,,,,,,,
20349,81,,0.000443048,,,,,,,,,,,,,,,,,,,,,,,,,,,,,,,,,,,,,,,,,,
20399,81,,0.000443048,,,,,,,,,,,,,,,,,,,,,,,,,,,,,,,,,,,,,,,,,,
20449,81,,0.000443048,,,,,,,,,,,,,,,,,,,,,,,,,,,,,,,,,,,,,,,,,,
20499,81,81,0.000443048,7.90013,0,0.104993,0.191501,4.93096e-05,0.0358209,0.0124258,0.012353,0.012351,0.0131198,4.77299e-05,0.0123546,0.0123749,0,0.0171611,0.208662,0,5.61171,10.3533,1.35057,0.106074,0.0791669,0.200618,0.193869,0.081663,0.0982056,0.0617395,0.0427478,0.00468921,0.0281338,0.0800021,0,0.171286,0,5.81763,16.6864,2.50336,0.343399,0,0,0.407667,0
20549,82,,0.000438618,,,,,,,,,,,,,,,,,,,,,,,,,,,,,,,,,,,,,,,,,,
20599,82,,0.000438618,,,,,,,,,,,,,,,,,,,,,,,,,,,,,,,,,,,,,,,,,,
20649,82,,0.000438618,,,,,,,,,,,,,,,,,,,,,,,,,,,,,,,,,,,,,,,,,,
20699,82,,0.000438618,,,,,,,,,,,,,,,,,,,,,,,,,,,,,,,,,,,,,,,,,,
20749,82,82,0.000438618,7.83347,0,0.108327,0.18778,4.89835e-05,0.0365031,0.0123283,0.0122482,0.0122485,0.0130256,4.73519e-05,0.0122507,0.0122696,0,0.0178401,0.20562,0,5.6109,10.3176,1.34442,0.105505,0.0795179,0.202377,0.193958,0.0817046,0.0969597,0.0623379,0.0434032,0.0045455,0.0286966,0.0811963,0,0.169303,0,5.79677,16.702,2.50791,0.339987,0,0,0.404289,0
20799,83,,0.000434231,,,,,,,,,,,,,,,,,,,,,,,,,,,,,,,,,,,,,,,,,,
20849,83,,0.000434231,,,,,,,,,,,,,,,,,,,,,,,,,,,,,,,,,,,,,,,,,,
20899,83,,0.000434231,,,,,,,,,,,,,,,,,,,,,,,,,,,,,,,,,,,,,,,,,,
20949,83,,0.000434231,,,,,,,,,,,,,,,,,,,,,,,,,,,,,,,,,,,,,,,,,,
20999,83,83,0.000434231,7.7668,0,0.11166,0.181013,4.86193e-05,0.0377227,0.0122512,0.0121433,0.012145,0.0129624,4.69531e-05,0.0121474,0.0121693,0,0.0178497,0.198862,0,5.62036,10.5465,1.35521,0.106368,0.0794134,0.202248,0.195357,0.0821297,0.09558,0.0623362,0.0432918,0.00467905,0.0280896,0.0804231,0,0.173188,0,5.92865,16.6904,2.52291,0.344864,0,0,0.408366,0
21049,84,,0.000429889,,,,,,,,,,,,,,,,,,,,,,,,,,,,,,,,,,,,,,,,,,
21099,84,,0.000429889,,,,,,,,,,,,,,,,,,,,,,,,,,,,,,,,,,,,,,,,,,
21149,84,,0.000429889,,,,,,,,,,,,,,,,,,,,,,,,,,,,,,,,,,,,,,,,,,
21199,84,,0.000429889,,,,,,,,,,,,,,,,,,,,,,,,,,,,,,,,,,,,,,,,,,
21249,84,84,0.000429889,7.70013,0,0.114993,0.180488,4.83146e-05,0.0386983,0.0121409,0.012042,0.0120391,0.012926,4.65882e-05,0.012043,0.0120642,0,0.0184495,0.198938,0,5.63523,10.3986,1.34755,0.108114,0.0785662,0.200169,0.191458,0.0814918,0.0964597,0.061598,0.0427205,0.00450986,0.0278385,0.0794171,0,0.174834,0,5.83134,16.67,2.50269,0.346536,0,0,0.414783,0
21299,85,,0.00042559,,,,,,,,,,,,,,,,,,,,,,,,,,,,,,,,,,,,,,,,,,
21349,85,,0.00042559,,,,,,,,,,,,,,,,,,,,,,,,,,,,,,,,,,,,,,,,,,
21399,85,,0.00042559,,,,,,,,,,,,,,,,,,,,,,,,,,,,,,,,,,,,,,,,,,
21449,85,,0.00042559,,,,,,,,,,,,,,,,,,,,,,,,,,,,,,,,,,,,,,,,,,
21499,85,85,0.00042559,7.63347,0,0.118327,0.176288,4.78982e-05,0.0389999,0.0120362,0.0119404,0.011936,0.0128471,4.61824e-05,0.0119379,0.011958,0,0.0191767,0.195464,0,5.53123,10.379,1.33312,0.106094,0.0793244,0.200154,0.194292,0.0818673,0.095964,0.063086,0.0424722,0.004628,0.0275276,0.0832531,0,0.170838,0,5.83251,16.8019,2.50929,0.342027,0,0,0.408508,0
21549,86,,0.000421334,,,,,,,,,,,,,,,,,,,,,,,,,,,,,,,,,,,,,,,,,,
21599,86,,0.000421334,,,,,,,,,,,,,,,,,,,,,,,,,,,,,,,,,,,,,,,,,,
21649,86,,0.000421334,,,,,,,,,,,,,,,,,,,,,,,,,,,,,,,,,,,,,,,,,,
21699,86,,0.000421334,,,,,,,,,,,,,,,,,,,,,,,,,,,,,,,,,,,,,,,,,,
21749,86,86,0.000421334,7.5668,0,0.12166,0.173485,4.7603e-05,0.0396347,0.0119408,0.0118359,0.0118309,0.0127639,4.5748e-05,0.0118355,0.0118589,0,0.0196369,0.193122,0,5.68949,10.5179,1.35623,0.107288,0.0790527,0.201851,0.191638,0.082611,0.0966795,0.0622062,0.0429395,0.00485188,0.0277125,0.0800377,0,0.173231,0,5.77384,16.7445,2.50216,0.342698,0,0,0.408487,0
21799,87,,0.000417121,,,,,,,,,,,,,,,,,,,,,,,,,,,,,,,,,,,,,,,,,,
21849,87,,0.000417121,,,,,,,,,,,,,,,,,,,,,,,,,,,,,,,,,,,,,,,,,,
21899,87,,0.000417121,,,,,,,,,,,,,,,,,,,,,,,,,,,,,,,,,,,,,,,,,,
21949,87,,0.000417121,,,,,,,,,,,,,,,,,,,,,,,,,,,,,,,,,,,,,,,,,,
21999,87,87,0.000417121,7.50013,0,0.124993,0.17191,4.72633e-05,0.0402211,0.0118539,0.0117293,0.0117276,0.012714,4.54288e-05,0.0117287,0.0117576,0,0.020228,0.192139,0,5.57825,10.2558,1.3399,0.104957,0.0788448,0.20185,0.191962,0.0821674,0.0961919,0.0622313,0.0424566,0.00443232,0.0273844,0.0797719,0,0.168765,0,5.78797,16.7196,2.51334,0.346253,0,0,0.408302,0
22049,88,,0.00041295,,,,,,,,,,,,,,,,,,,,,,,,,,,,,,,,,,,,,,,,,,
22099,88,,0.00041295,,,,,,,,,,,,,,,,,,,,,,,,,,,,,,,,,,,,,,,,,,
22149,88,,0.00041295,,,,,,,,,,,,,,,,,,,,,,,,,,,,,,,,,,,,,,,,,,
22199,88,,0.00041295,,,,,,,,,,,,,,,,,,,,,,,,,,,,,,,,,,,,,,,,,,
22249,88,88,0.00041295,7.43347,0,0.128327,0.166883,4.68779e-05,0.0408695,0.0117717,0.0116272,0.0116243,0.0126622,4.50221e-05,0.0116271,0.0116473,0,0.0206353,0.187518,0,5.5777,10.3258,1.34158,0.107223,0.0794464,0.202555,0.192649,0.0840025,0.0964368,0.0620762,0.0432759,0.00455872,0.0271817,0.0817287,0,0.171038,0,5.77688,16.7751,2.5208,0.353953,0,0,0.413973,0
22299,89,,0.00040882,,,,,,,,,,,,,,,,,,,,,,,,,,,,,,,,,,,,,,,,,,
22349,89,,0.00040882,,,,,,,,,,,,,,,,,,,,,,,,,,,,,,,,,,,,,,,,,,
22399,89,,0.00040882,,,,,,,,,,,,,,,,,,,,,,,,,,,,,,,,,,,,,,,,,,
22449,89,,0.00040882,,,,,,,,,,,,,,,,,,,,,,,,,,,,,,,,,,,,,,,,,,
22499,89,89,0.00040882,7.3668,0,0.13166,0.165656,4.65889e-05,0.0423357,0.0116437,0.01152,0.0115208,0.0125674,4.46684e-05,0.0115223,0.0115492,0,0.0210491,0.186705,0,5.61536,10.9014,1.37786,0.113155,0.0793623,0.20119,0.191713,0.0833175,0.0974055,0.0634528,0.0432369,0.00552219,0.0279987,0.0797868,0,0.180634,0,5.74221,17.0365,2.53929,0.352122,0,0,0.411189,0
22549,90,,0.000404732,,,,,,,,,,,,,,,,,,,,,,,,,,,,,,,,,,,,,,,,,,
22599,90,,0.000404732,,,,,,,,,,,,,,,,,,,,,,,,,,,,,,,,,,,,,,,,,,
22649,90,,0.000404732,,,,,,,,,,,,,,,,,,,,,,,,,,,,,,,,,,,,,,,,,,
22699,90,,0.000404732,,,,,,,,,,,,,,,,,,,,,,,,,,,,,,,,,,,,,,,,,,
22749,90,90,0.000404732,7.30013,0,0.134993,0.161724,4.61845e-05,0.0423533,0.011539,0.0114144,0.0114185,0.0123957,4.4199e-05,0.0114192,0.0114424,0,0.021857,0.183581,0,5.57467,10.5125,1.34105,0.104331,0.0791335,0.202002,0.193524,0.0826019,0.0958099,0.0629816,0.0430575,0.004856,0.0275547,0.078948,0,0.171691,0,5.7391,16.7439,2.50451,0.340978,0,0,0.404978,0
22799,91,,0.000400685,,,,,,,,,,,,,,,,,,,,,,,,,,,,,,,,,,,,,,,,,,
22849,91,,0.000400685,,,,,,,,,,,,,,,,,,,,,,,,,,,,,,,,,,,,,,,,,,
22899,91,,0.000400685,,,,,,,,,,,,,,,,,,,,,,,,,,,,,,,,,,,,,,,,,,
22949,91,,0.000400685,,,,,,,,,,,,,,,,,,,,,,,,,,,,,,,,,,,,,,,,,,
22999,91,91,0.000400685,7.23347,0,0.138327,0.159391,4.58946e-05,0.0428497,0.0114558,0.0113153,0.0113123,0.0123297,4.38582e-05,0.0113158,0.0113399,0,0.0222485,0.181639,0,5.60692,10.7903,1.3659,0.109648,0.0790853,0.201963,0.192069,0.0826699,0.0943025,0.063644,0.0431535,0.00551819,0.0276293,0.0799036,0,0.179499,0,5.73522,16.6859,2.49551,0.335067,0,0,0.401893,0
23049,92,,0.000396678,,,,,,,,,,,,,,,,,,,,,,,,,,,,,,,,,,,,,,,,,,
23099,92,,0.000396678,,,,,,,,,,,,,,,,,,,,,,,,,,,,,,,,,,,,,,,,,,
23149,92,,0.000396678,,,,,,,,,,,,,,,,,,,,,,,,,,,,,,,,,,,,,,,,,,
23199,92,,0.000396678,,,,,,,,,,,,,,,,,,,,,,,,,,,,,,,,,,,,,,,,,,
23249,92,92,0.000396678,7.1668,0,0.14166,0.155173,4.55447e-05,0.0445134,0.0113289,0.011213,0.0112072,0.0124125,4.35919e-05,0.0112138,0.0112389,0,0.0225298,0.177703,0,5.64603,10.5189,1.34726,0.104749,0.0791139,0.202506,0.193932,0.0815603,0.0975893,0.0612508,0.0428009,0.00499032,0.0272717,0.0792378,0,0.171159,0,5.7252,16.7228,2.50347,0.342667,0,0,0.407056,0
23299,93,,0.000392711,,,,,,,,,,,,,,,,,,,,,,,,,,,,,,,,,,,,,,,,,,
23349,93,,0.000392711,,,,,,,,,,,,,,,,,,,,,,,,,,,,,,,,,,,,,,,,,,
23399,93,,0.000392711,,,,,,,,,,,,,,,,,,,,,,,,,,,,,,,,,,,,,,,,,,
23449,93,,0.000392711,,,,,,,,,,,,,,,,,,,,,,,,,,,,,,,,,,,,,,,,,,
23499,93,93,0.000392711,7.10013,0,0.144993,0.151591,4.51915e-05,0.0451482,0.011249,0.0111053,0.0111026,0.0122628,4.3059e-05,0.0111077,0.0111304,0,0.0230651,0.174656,0,5.5618,10.4284,1.34627,0.109149,0.0794689,0.203475,0.193184,0.0813711,0.0965997,0.0622232,0.0430819,0.00510705,0.0279154,0.0817309,0,0.172351,0,5.77796,16.6263,2.49729,0.339135,0,0,0.399413,0
23549,94,,0.000388784,,,,,,,,,,,,,,,,,,,,,,,,,,,,,,,,,,,,,,,,,,
23599,94,,0.000388784,,,,,,,,,,,,,,,,,,,,,,,,,,,,,,,,,,,,,,,,,,
23649,94,,0.000388784,,,,,,,,,,,,,,,,,,,,,,,,,,,,,,,,,,,,,,,,,,
23699,94,,0.000388784,,,,,,,,,,,,,,,,,,,,,,,,,,,,,,,,,,,,,,,,,,
23749,94,94,0.000388784,7.03347,0,0.148327,0.150191,4.49514e-05,0.0460042,0.011137,0.0110026,0.0110009,0.0122965,4.27154e-05,0.0110054,0.0110354,0,0.0233672,0.173558,0,5.57739,10.202,1.34132,0.104787,0.078702,0.200538,0.192933,0.0815414,0.0966745,0.0618002,0.0423045,0.00413244,0.0273724,0.079723,0,0.167344,0,5.73589,16.7425,2.49772,0.344942,0,0,0.408785,0
23799,95,,0.000384896,,,,,,,,,,,,,,,,,,,,,,,,,,,,,,,,,,,,,,,,,,
23849,95,,0.000384896,,,,,,,,,,,,,,,,,,,,,,,,,,,,,,,,,,,,,,,,,,
23899,95,,0.000384896,,,,,,,,,,,,,,,,,,,,,,,,,,,,,,,,,,,,,,,,,,
23949,95,,0.000384896,,,,,,,,,,,,,,,,,,,,,,,,,,,,,,,,,,,,,,,,,,
23999,95,95,0.000384896,6.9668,0,0.15166,0.147703,4.45288e-05,0.0476322,0.0110512,0.0108975,0.0108976,0.01221,4.23617e-05,0.0109013,0.0109289,0,0.0234395,0.171143,0,5.5687,10.1668,1.33851,0.105033,0.0790208,0.200973,0.191116,0.0823023,0.097777,0.0639692,0.042737,0.00440745,0.0278826,0.0790429,0,0.16472,0,5.74327,16.5736,2.4937,0.336719,0,0,0.394528,0
24049,96,,0.000381047,,,,,,,,,,,,,,,,,,,,,,,,,,,,,,,,,,,,,,,,,,
24099,96,,0.000381047,,,,,,,,,,,,,,,,,,,,,,,,,,,,,,,,,,,,,,,,,,
24149,96,,0.000381047,,,,,,,,,,,,,,,,,,,,,,,,,,,,,,,,,,,,,,,,,,
24199,96,,0.000381047,,,,,,,,,,,,,,,,,,,,,,,,,,,,,,,,,,,,,,,,,,
24249,96,96,0.000381047,6.90013,0,0.154993,0.14533,4.43155e-05,0.0488474,0.0109567,0.0107923,0.0107942,0.0121613,4.19328e-05,0.0107968,0.0108233,0,0.0239911,0.169321,0,5.60022,10.374,1.34839,0.104433,0.0784987,0.199743,0.192074,0.0812257,0.0958048,0.0624781,0.0425684,0.0046034,0.0270977,0.0793921,0,0.16931,0,5.70333,16.627,2.50215,0.339793,0,0,0.401037,0
24299,97,,0.000377237,,,,,,,,,,,,,,,,,,,,,,,,,,,,,,,,,,,,,,,,,,
24349,97,,0.000377237,,,,,,,,,,,,,,,,,,,,,,,,,,,,,,,,,,,,,,,,,,
24399,97,,0.000377237,,,,,,,,,,,,,,,,,,,,,,,,,,,,,,,,,,,,,,,,,,
24449,97,,0.000377237,,,,,,,,,,,,,,,,,,,,,,,,,,,,,,,,,,,,,,,,,,
24499,97,97,0.000377237,6.83347,0,0.158327,0.140137,4.38557e-05,0.0488792,0.0108621,0.0106877,0.0106865,0.0120965,4.15848e-05,0.0106926,0.0107137,0,0.0244918,0.164629,0,5.67552,10.6012,1.36946,0.11105,0.0787985,0.199468,0.192788,0.0817755,0.0964922,0.0625193,0.0430372,0.0056668,0.0272568,0.0789802,0,0.178052,0,5.75486,16.5899,2.49717,0.339756,0,0,0.404221,0
24549,98,,0.000373464,,,,,,,,,,,,,,,,,,,,,,,,,,,,,,,,,,,,,,,,,,
24599,98,,0.000373464,,,,,,,,,,,,,,,,,,,,,,,,,,,,,,,,,,,,,,,,,,
24649,98,,0.000373464,,,,,,,,,,,,,,,,,,,,,,,,,,,,,,,,,,,,,,,,,,
24699,98,,0.000373464,,,,,,,,,,,,,,,,,,,,,,,,,,,,,,,,,,,,,,,,,,
24749,98,98,0.000373464,6.7668,0,0.16166,0.14027,4.36531e-05,0.0506527,0.0107922,0.0105888,0.0105856,0.0119687,4.11873e-05,0.0105892,0.0106167,0,0.0251697,0.165439,0,5.54787,10.2467,1.34456,0.103753,0.0787549,0.19971,0.191359,0.0814453,0.096913,0.0624034,0.043048,0.00431861,0.0287775,0.0795732,0,0.167345,0,5.74131,16.7333,2.4875,0.336623,0,0,0.403047,0
24799,99,,0.00036973,,,,,,,,,,,,,,,,,,,,,,,,,,,,,,,,,,,,,,,,,,
24849,99,,0.00036973,,,,,,,,,,,,,,,,,,,,,,,,,,,,,,,,,,,,,,,,,,
24899,99,,0.00036973,,,,,,,,,,,,,,,,,,,,,,,,,,,,,,,,,,,,,,,,,,
24949,99,,0.00036973,,,,,,,,,,,,,,,,,,,,,,,,,,,,,,,,,,,,,,,,,,
24999,99,99,0.00036973,6.70013,0,0.164993,0.136429,4.31415e-05,0.0511955,0.0106716,0.0104818,0.0104806,0.0119428,4.07993e-05,0.0104841,0.0105144,0,0.02514,0.161569,0,5.58967,10.2147,1.34414,0.103432,0.0788495,0.199844,0.192337,0.0816178,0.096382,0.0624315,0.043116,0.00420977,0.0281213,0.0804354,0,0.164183,0,5.81475,16.7782,2.51377,0.344476,0,0,0.408314,0
25049,100,,0.000366032,,,,,,,,,,,,,,,,,,,,,,,,,,,,,,,,,,,,,,,,,,
25099,100,,0.000366032,,,,,,,,,,,,,,,,,,,,,,,,,,,,,,,,,,,,,,,,,,
25149,100,,0.000366032,,,,,,,,,,,,,,,,,,,,,,,,,,,,,,,,,,,,,,,,,,
25199,100,,0.000366032,,,,,,,,,,,,,,,,,,,,,,,,,,,,,,,,,,,,,,,,,,
25249,100,100,0.000366032,6.63347,0,0.168327,0.134607,4.28793e-05,0.0514281,0.0105889,0.0103829,0.0103753,0.0118832,4.03778e-05,0.0103825,0.010412,0,0.0260774,0.160685,0,5.55952,10.5384,1.34851,0.109145,0.0793297,0.199381,0.194786,0.0823764,0.0965552,0.0630444,0.0432308,0.00491322,0.0276055,0.0814048,0,0.174317,0,5.73581,16.6597,2.50312,0.343985,0,0,0.404613,0
25299,101,,0.000362372,,,,,,,,,,,,,,,,,,,,,,,,,,,,,,,,,,,,,,,,,,
25349,101,,0.000362372,,,,,,,,,,,,,,,,,,,,,,,,,,,,,,,,,,,,,,,,,,
25399,101,,0.000362372,,,,,,,,,,,,,,,,,,,,,,,,,,,,,,,,,,,,,,,,,,
25449,101,,0.000362372,,,,,,,,,,,,,,,,,,,,,,,,,,,,,,,,,,,,,,,,,,
25499,101,101,0.000362372,6.5668,0,0.17166,0.131224,4.24727e-05,0.0523645,0.0104979,0.0102724,0.0102707,0.0118546,4.00263e-05,0.0102784,0.0103057,0,0.0263439,0.157568,0,5.56418,10.1414,1.33771,0.101841,0.0791066,0.201814,0.192406,0.0823726,0.0977746,0.0624111,0.0432881,0.0039719,0.0266734,0.0803542,0,0.162955,0,5.8008,16.7964,2.51729,0.347503,0,0,0.410342,0
25549,102,,0.000358748,,,,,,,,,,,,,,,,,,,,,,,,,,,,,,,,,,,,,,,,,,
25599,102,,0.000358748,,,,,,,,,,,,,,,,,,,,,,,,,,,,,,,,,,,,,,,,,,
25649,102,,0.000358748,,,,,,,,,,,,,,,,,,,,,,,,,,,,,,,,,,,,,,,,,,
25699,102,,0.000358748,,,,,,,,,,,,,,,,,,,,,,,,,,,,,,,,,,,,,,,,,,
25749,102,102,0.000358748,6.50013,0,0.174993,0.130408,4.21022e-05,0.0526863,0.0104006,0.0101715,0.0101666,0.0117373,3.96442e-05,0.0101724,0.0101982,0,0.0271484,0.157556,0,5.64855,11.0814,1.37284,0.108341,0.0794085,0.201451,0.193112,0.0818894,0.0968062,0.0633604,0.0425547,0.00728171,0.027401,0.0802283,0,0.179438,0,5.69777,16.5422,2.4871,0.335653,0,0,0.39669,0
25799,103,,0.000355161,,,,,,,,,,,,,,,,,,,,,,,,,,,,,,,,,,,,,,,,,,
25849,103,,0.000355161,,,,,,,,,,,,,,,,,,,,,,,,,,,,,,,,,,,,,,,,,,
25899,103,,0.000355161,,,,,,,,,,,,,,,,,,,,,,,,,,,,,,,,,,,,,,,,,,
25949,103,,0.000355161,,,,,,,,,,,,,,,,,,,,,,,,,,,,,,,,,,,,,,,,,,
25999,103,103,0.000355161,6.43347,0,0.178327,0.129299,4.1824e-05,0.0535875,0.0103322,0.0100693,0.0100628,0.0116356,3.92467e-05,0.0100669,0.0101008,0,0.0275871,0.156886,0,5.68874,10.6733,1.35833,0.108108,0.0788048,0.201306,0.192614,0.0808932,0.0978419,0.0621168,0.0422025,0.00519985,0.0273263,0.0785475,0,0.178019,0,5.75363,16.679,2.48752,0.340708,0,0,0.407999,0
26049,104,,0.000351609,,,,,,,,,,,,,,,,,,,,,,,,,,,,,,,,,,,,,,,,,,
26099,104,,0.000351609,,,,,,,,,,,,,,,,,,,,,,,,,,,,,,,,,,,,,,,,,,
26149,104,,0.000351609,,,,,,,,,,,,,,,,,,,,,,,,,,,,,,,,,,,,,,,,,,
26199,104,,0.000351609,,,,,,,,,,,,,,,,,,,,,,,,,,,,,,,,,,,,,,,,,,
26249,104,104,0.000351609,6.3668,0,0.18166,0.126179,4.14143e-05,0.0544439,0.0102477,0.00996286,0.00995999,0.01161,3.8888e-05,0.00996725,0.00999384,0,0.0281204,0.1543,0,5.62957,10.3015,1.34476,0.106237,0.0788292,0.20018,0.19261,0.0821186,0.0957752,0.0623552,0.0430364,0.00444962,0.0274374,0.0803301,0,0.171405,0,5.76156,16.7887,2.49455,0.348705,0,0,0.414339,0
26299,105,,0.000348093,,,,,,,,,,,,,,,,,,,,,,,,,,,,,,,,,,,,,,,,,,
26349,105,,0.000348093,,,,,,,,,,,,,,,,,,,,,,,,,,,,,,,,,,,,,,,,,,
26399,105,,0.000348093,,,,,,,,,,,,,,,,,,,,,,,,,,,,,,,,,,,,,,,,,,
26449,105,,0.000348093,,,,,,,,,,,,,,,,,,,,,,,,,,,,,,,,,,,,,,,,,,
26499,105,105,0.000348093,6.30013,0,0.184993,0.12371,4.11525e-05,0.0555976,0.0101082,0.00986076,0.00985645,0.0115937,3.84857e-05,0.0098615,0.00989225,0,0.0283721,0.152082,0,5.56634,10.0711,1.32235,0.102421,0.0787962,0.200669,0.192076,0.0813125,0.0976476,0.0626377,0.0421544,0.00410214,0.0276187,0.0797434,0,0.161396,0,5.72426,16.5961,2.49589,0.337542,0,0,0.398346,0
26549,106,,0.000344612,,,,,,,,,,,,,,,,,,,,,,,,,,,,,,,,,,,,,,,,,,
26599,106,,0.000344612,,,,,,,,,,,,,,,,,,,,,,,,,,,,,,,,,,,,,,,,,,
26649,106,,0.000344612,,,,,,,,,,,,,,,,,,,,,,,,,,,,,,,,,,,,,,,,,,
26699,106,,0.000344612,,,,,,,,,,,,,,,,,,,,,,,,,,,,,,,,,,,,,,,,,,
26749,106,106,0.000344612,6.23347,0,0.188327,0.119501,4.06771e-05,0.0578467,0.0100563,0.00975602,0.00975078,0.0115912,3.80931e-05,0.00975726,0.00978261,0,0.0285311,0.148032,0,5.5484,10.1997,1.3288,0.105438,0.0796026,0.201411,0.193244,0.0811759,0.0990587,0.065543,0.0438283,0.00426365,0.0273529,0.0801477,0,0.165253,0,5.6938,16.6642,2.50306,0.33683,0,0,0.397594,0
26799,107,,0.000341166,,,,,,,,,,,,,,,,,,,,,,,,,,,,,,,,,,,,,,,,,,
26849,107,,0.000341166,,,,,,,,,,,,,,,,,,,,,,,,,,,,,,,,,,,,,,,,,,
26899,107,,0.000341166,,,,,,,,,,,,,,,,,,,,,,,,,,,,,,,,,,,,,,,,,,
26949,107,,0.000341166,,,,,,,,,,,,,,,,,,,,,,,,,,,,,,,,,,,,,,,,,,
26999,107,107,0.000341166,6.1668,0,0.19166,0.120109,4.03782e-05,0.0568571,0.00992422,0.00965386,0.00964951,0.0113659,3.77486e-05,0.00965384,0.00968329,0,0.0292027,0.149312,0,5.58072,10.756,1.35385,0.109233,0.0783982,0.199799,0.191611,0.0811548,0.0956844,0.0619269,0.0428305,0.00506025,0.0264108,0.0795041,0,0.180887,0,5.69377,16.7029,2.49589,0.345974,0,0,0.409632,0
27049,108,,0.000337754,,,,,,,,,,,,,,,,,,,,,,,,,,,,,,,,,,,,,,,,,,
27099,108,,0.000337754,,,,,,,,,,,,,,,,,,,,,,,,,,,,,,,,,,,,,,,,,,
27149,108,,0.000337754,,,,,,,,,,,,,,,,,,,,,,,,,,,,,,,,,,,,,,,,,,
27199,108,,0.000337754,,,,,,,,,,,,,,,,,,,,,,,,,,,,,,,,,,,,,,,,,,
27249,108,108,0.000337754,6.10013,0,0.194993,0.116532,4.01577e-05,0.0581461,0.00983652,0.00954615,0.00954032,0.011405,3.73472e-05,0.00954846,0.00957933,0,0.0298822,0.146414,0,5.51927,10.0726,1.33591,0.102869,0.0786248,0.200664,0.191671,0.0818841,0.096397,0.0623827,0.0431267,0.00385101,0.0261737,0.0800985,0,0.16335,0,5.85503,16.8853,2.51733,0.348947,0,0,0.414096,0
27299,109,,0.000334377,,,,,,,,,,,,,,,,,,,,,,,,,,,,,,,,,,,,,,,,,,
27349,109,,0.000334377,,,,,,,,,,,,,,,,,,,,,,,,,,,,,,,,,,,,,,,,,,
27399,109,,0.000334377,,,,,,,,,,,,,,,,,,,,,,,,,,,,,,,,,,,,,,,,,,
27449,109,,0.000334377,,,,,,,,,,,,,,,,,,,,,,,,,,,,,,,,,,,,,,,,,,
27499,109,109,0.000334377,6.03347,0,0.198327,0.114017,3.97295e-05,0.060039,0.00977261,0.00944397,0.00944134,0.0114069,3.69379e-05,0.00944632,0.0094837,0,0.0300614,0.144078,0,5.63972,10.6289,1.3519,0.104502,0.0789793,0.200206,0.195404,0.0811468,0.096456,0.0623614,0.0427881,0.00530817,0.0265697,0.0795531,0,0.173977,0,5.70854,16.6008,2.48347,0.340465,0,0,0.402189,0
27549,110,,0.000331033,,,,,,,,,,,,,,,,,,,,,,,,,,,,,,,,,,,,,,,,,,
27599,110,,0.000331033,,,,,,,,,,,,,,,,,,,,,,,,,,,,,,,,,,,,,,,,,,
27649,110,,0.000331033,,,,,,,,,,,,,,,,,,,,,,,,,,,,,,,,,,,,,,,,,,
27699,110,,0.000331033,,,,,,,,,,,,,,,,,,,,,,,,,,,,,,,,,,,,,,,,,,
27749,110,110,0.000331033,5.9668,0,0.20166,0.113051,3.93165e-05,0.0593558,0.00968192,0.0093393,0.00933379,0.0112718,3.65777e-05,0.00933987,0.00937098,0,0.0307956,0.143847,0,5.58049,10.0539,1.33329,0.103681,0.078606,0.200102,0.192939,0.0842839,0.094822,0.0616571,0.0429669,0.00381477,0.0261508,0.0793233,0,0.163597,0,5.75869,16.7683,2.4962,0.341884,0,0,0.405169,0
27799,111,,0.000327723,,,,,,,,,,,,,,,,,,,,,,,,,,,,,,,,,,,,,,,,,,
27849,111,,0.000327723,,,,,,,,,,,,,,,,,,,,,,,,,,,,,,,,,,,,,,,,,,
27899,111,,0.000327723,,,,,,,,,,,,,,,,,,,,,,,,,,,,,,,,,,,,,,,,,,
27949,111,,0.000327723,,,,,,,,,,,,,,,,,,,,,,,,,,,,,,,,,,,,,,,,,,
27999,111,111,0.000327723,5.90013,0,0.204993,0.112281,3.90869e-05,0.0604527,0.00954484,0.00923522,0.00923183,0.0111913,3.62282e-05,0.00923643,0.00926791,0,0.03106,0.143341,0,5.57917,10.1763,1.33058,0.104708,0.0787792,0.201303,0.192443,0.0816834,0.0961705,0.062741,0.0429865,0.00436132,0.0263606,0.0797426,0,0.168843,0,5.72819,16.5137,2.4778,0.33975,0,0,0.400253,0
28049,112,,0.000324446,,,,,,,,,,,,,,,,,,,,,,,,,,,,,,,,,,,,,,,,,,
28099,112,,0.000324446,,,,,,,,,,,,,,,,,,,,,,,,,,,,,,,,,,,,,,,,,,
28149,112,,0.000324446,,,,,,,,,,,,,,,,,,,,,,,,,,,,,,,,,,,,,,,,,,
28199,112,,0.000324446,,,,,,,,,,,,,,,,,,,,,,,,,,,,,,,,,,,,,,,,,,
28249,112,112,0.000324446,5.83347,0,0.208327,0.108605,3.86929e-05,0.0616195,0.00949744,0.00912646,0.00912597,0.0111946,3.58249e-05,0.00913309,0.00917653,0,0.0315252,0.14013,0,5.5707,10.3195,1.33701,0.102395,0.0785798,0.200077,0.193651,0.0814805,0.0950408,0.0620323,0.0422745,0.00428511,0.0268278,0.0801294,0,0.166987,0,5.67674,16.6203,2.48658,0.337777,0,0,0.402193,0
28299,113,,0.000321201,,,,,,,,,,,,,,,,,,,,,,,,,,,,,,,,,,,,,,,,,,
28349,113,,0.000321201,,,,,,,,,,,,,,,,,,,,,,,,,,,,,,,,,,,,,,,,,,
28399,113,,0.000321201,,,,,,,,,,,,,,,,,,,,,,,,,,,,,,,,,,,,,,,,,,
28449,113,,0.000321201,,,,,,,,,,,,,,,,,,,,,,,,,,,,,,,,,,,,,,,,,,
28499,113,113,0.000321201,5.7668,0,0.21166,0.1067,3.84174e-05,0.0651813,0.00937334,0.00903063,0.00902509,0.0111528,3.54788e-05,0.00903337,0.00906585,0,0.031354,0.138054,0,5.5378,10.1219,1.34314,0.103595,0.0786899,0.200914,0.192661,0.0817223,0.096452,0.0622216,0.0425179,0.00404008,0.0267213,0.0796486,0,0.16094,0,5.73783,16.5615,2.49404,0.33833,0,0,0.399172,0
28549,114,,0.000317989,,,,,,,,,,,,,,,,,,,,,,,,,,,,,,,,,,,,,,,,,,
28599,114,,0.000317989,,,,,,,,,,,,,,,,,,,,,,,,,,,,,,,,,,,,,,,,,,
28649,114,,0.000317989,,,,,,,,,,,,,,,,,,,,,,,,,,,,,,,,,,,,,,,,,,
28699,114,,0.000317989,,,,,,,,,,,,,,,,,,,,,,,,,,,,,,,,,,,,,,,,,,
28749,114,114,0.000317989,5.70013,0,0.214993,0.104757,3.8122e-05,0.0632916,0.00931023,0.0089295,0.0089183,0.0110829,3.51296e-05,0.00892594,0.00895755,0,0.0319396,0.136697,0,5.48899,10.1337,1.33109,0.102882,0.0789764,0.201477,0.192116,0.0819032,0.096293,0.0637765,0.0424495,0.00400675,0.0267666,0.0809749,0,0.164034,0,5.7297,16.5708,2.49135,0.339535,0,0,0.400934,0
28799,115,,0.000314809,,,,,,,,,,,,,,,,,,,,,,,,,,,,,,,,,,,,,,,,,,
28849,115,,0.000314809,,,,,,,,,,,,,,,,,,,,,,,,,,,,,,,,,,,,,,,,,,
28899,115,,0.000314809,,,,,,,,,,,,,,,,,,,,,,,,,,,,,,,,,,,,,,,,,,
28949,115,,0.000314809,,,,,,,,,,,,,,,,,,,,,,,,,,,,,,,,,,,,,,,,,,
28999,115,115,0.000314809,5.63347,0,0.218327,0.102252,3.76557e-05,0.0653181,0.00922011,0.00882251,0.00881899,0.0110622,3.47441e-05,0.00882428,0.00886112,0,0.0320677,0.13432,0,5.57406,10.2773,1.34353,0.105489,0.0788516,0.201415,0.193347,0.0821871,0.095859,0.0621076,0.0429617,0.004372,0.0269038,0.0793627,0,0.167473,0,5.81032,16.7336,2.51778,0.347372,0,0,0.410115,0
29049,116,,0.000311661,,,,,,,,,,,,,,,,,,,,,,,,,,,,,,,,,,,,,,,,,,
29099,116,,0.000311661,,,,,,,,,,,,,,,,,,,,,,,,,,,,,,,,,,,,,,,,,,
29149,116,,0.000311661,,,,,,,,,,,,,,,,,,,,,,,,,,,,,,,,,,,,,,,,,,
29199,116,,0.000311661,,,,,,,,,,,,,,,,,,,,,,,,,,,,,,,,,,,,,,,,,,
29249,116,116,0.000311661,5.5668,0,0.22166,0.10027,3.73662e-05,0.0654364,0.0091123,0.00871987,0.0087143,0.011042,3.4364e-05,0.00871938,0.00876337,0,0.0326238,0.132893,0,5.56333,10.6006,1.34905,0.105597,0.0784205,0.200526,0.192476,0.0803708,0.0967712,0.061077,0.0428497,0.00486363,0.0266147,0.0786548,0,0.173049,0,5.69171,16.4317,2.4597,0.333921,0,0,0.399273,0
29299,117,,0.000308544,,,,,,,,,,,,,,,,,,,,,,,,,,,,,,,,,,,,,,,,,,
29349,117,,0.000308544,,,,,,,,,,,,,,,,,,,,,,,,,,,,,,,,,,,,,,,,,,
29399,117,,0.000308544,,,,,,,,,,,,,,,,,,,,,,,,,,,,,,,,,,,,,,,,,,
29449,117,,0.000308544,,,,,,,,,,,,,,,,,,,,,,,,,,,,,,,,,,,,,,,,,,
29499,117,117,0.000308544,5.50013,0,0.224993,0.0991303,3.70305e-05,0.067063,0.00897052,0.00861382,0.00860679,0.0108411,3.39519e-05,0.00861303,0.00865224,0,0.0331498,0.13228,0,5.50613,10.0847,1.31727,0.105427,0.0788703,0.201095,0.193067,0.0820491,0.0955057,0.0617147,0.0430851,0.00413504,0.027442,0.0806089,0,0.168234,0,5.69744,16.6172,2.47703,0.340081,0,0,0.404094,0
29549,118,,0.000305459,,,,,,,,,,,,,,,,,,,,,,,,,,,,,,,,,,,,,,,,,,
29599,118,,0.000305459,,,,,,,,,,,,,,,,,,,,,,,,,,,,,,,,,,,,,,,,,,
29649,118,,0.000305459,,,,,,,,,,,,,,,,,,,,,,,,,,,,,,,,,,,,,,,,,,
29699,118,,0.000305459,,,,,,,,,,,,,,,,,,,,,,,,,,,,,,,,,,,,,,,,,,
29749,118,118,0.000305459,5.43347,0,0.228327,0.0966414,3.6514e-05,0.0661594,0.00889996,0.00850542,0.00850284,0.0108331,3.35036e-05,0.00850813,0.00854194,0,0.0342944,0.130936,0,5.53183,10.1726,1.32531,0.103925,0.0785696,0.199652,0.193119,0.0817223,0.0963796,0.0616744,0.0427048,0.00440299,0.0263611,0.0796801,0,0.167473,0,5.6297,16.4724,2.45564,0.335954,0,0,0.397876,0
29799,119,,0.000302404,,,,,,,,,,,,,,,,,,,,,,,,,,,,,,,,,,,,,,,,,,
29849,119,,0.000302404,,,,,,,,,,,,,,,,,,,,,,,,,,,,,,,,,,,,,,,,,,
29899,119,,0.000302404,,,,,,,,,,,,,,,,,,,,,,,,,,,,,,,,,,,,,,,,,,
29949,119,,0.000302404,,,,,,,,,,,,,,,,,,,,,,,,,,,,,,,,,,,,,,,,,,
29999,119,119,0.000302404,5.3668,0,0.23166,0.0949815,3.61671e-05,0.0676924,0.00885314,0.00840702,0.00839795,0.010775,3.31968e-05,0.00840755,0.00843622,0,0.0347224,0.129704,0,5.60564,10.1955,1.32637,0.103176,0.0783502,0.200524,0.193592,0.0808289,0.0946733,0.0618034,0.042797,0.0041568,0.0261015,0.0790258,0,0.166188,0,5.6634,16.5395,2.46881,0.342551,0,0,0.405361,0
30049,120,,0.00029938,,,,,,,,,,,,,,,,,,,,,,,,,,,,,,,,,,,,,,,,,,
30099,120,,0.00029938,,,,,,,,,,,,,,,,,,,,,,,,,,,,,,,,,,,,,,,,,,
30149,120,,0.00029938,,,,,,,,,,,,,,,,,,,,,,,,,,,,,,,,,,,,,,,,,,
30199,120,,0.00029938,,,,,,,,,,,,,,,,,,,,,,,,,,,,,,,,,,,,,,,,,,
30249,120,120,0.00029938,5.30013,0,0.234993,0.0943644,3.60206e-05,0.070962,0.00876125,0.00830064,0.00829764,0.0107539,3.28948e-05,0.0083036,0.00833758,0,0.0340584,0.128423,0,5.54311,10.1818,1.33267,0.103563,0.078719,0.200687,0.193834,0.0809572,0.0955712,0.062326,0.0428556,0.00447314,0.0266525,0.079833,0,0.167502,0,5.69793,16.5581,2.47311,0.342542,0,0,0.40481,0
30299,121,,0.000296387,,,,,,,,,,,,,,,,,,,,,,,,,,,,,,,,,,,,,,,,,,
30349,121,,0.000296387,,,,,,,,,,,,,,,,,,,,,,,,,,,,,,,,,,,,,,,,,,
30399,121,,0.000296387,,,,,,,,,,,,,,,,,,,,,,,,,,,,,,,,,,,,,,,,,,
30449,121,,0.000296387,,,,,,,,,,,,,,,,,,,,,,,,,,,,,,,,,,,,,,,,,,
30499,121,121,0.000296387,5.23347,0,0.238327,0.0928351,3.56527e-05,0.0697277,0.00865064,0.00819896,0.00819084,0.010715,3.24747e-05,0.00819676,0.00824089,0,0.0349555,0.127791,0,5.55288,10.1724,1.32726,0.104233,0.0785215,0.201394,0.192357,0.0820001,0.0955095,0.0621383,0.0423461,0.00423602,0.0261697,0.0790647,0,0.168017,0,5.75485,16.7354,2.48784,0.346254,0,0,0.41242,0
30549,122,,0.000293423,,,,,,,,,,,,,,,,,,,,,,,,,,,,,,,,,,,,,,,,,,
30599,122,,0.000293423,,,,,,,,,,,,,,,,,,,,,,,,,,,,,,,,,,,,,,,,,,
30649,122,,0.000293423,,,,,,,,,,,,,,,,,,,,,,,,,,,,,,,,,,,,,,,,,,
30699,122,,0.000293423,,,,,,,,,,,,,,,,,,,,,,,,,,,,,,,,,,,,,,,,,,
30749,122,122,0.000293423,5.1668,0,0.24166,0.0902762,3.53594e-05,0.0723155,0.00852907,0.00810043,0.00809295,0.0107266,3.2114e-05,0.00809619,0.00813591,0,0.0348486,0.125125,0,5.51022,9.80944,1.30475,0.0988592,0.0786078,0.202079,0.192495,0.081657,0.0952385,0.0625333,0.0425406,0.00373941,0.0263334,0.079463,0,0.156027,0,5.65004,16.5688,2.46231,0.333716,0,0,0.396573,0
30799,123,,0.000290489,,,,,,,,,,,,,,,,,,,,,,,,,,,,,,,,,,,,,,,,,,
30849,123,,0.000290489,,,,,,,,,,,,,,,,,,,,,,,,,,,,,,,,,,,,,,,,,,
30899,123,,0.000290489,,,,,,,,,,,,,,,,,,,,,,,,,,,,,,,,,,,,,,,,,,
30949,123,,0.000290489,,,,,,,,,,,,,,,,,,,,,,,,,,,,,,,,,,,,,,,,,,
30999,123,123,0.000290489,5.10013,0,0.244993,0.0889102,3.49406e-05,0.0729818,0.00848979,0.00798187,0.00798319,0.0106668,3.17135e-05,0.00799142,0.00803669,0,0.0355721,0.124482,0,5.46479,9.94028,1.31437,0.0991893,0.0782689,0.199901,0.192753,0.0811477,0.094943,0.0619744,0.0421973,0.00376274,0.0262999,0.0797107,0,0.159493,0,5.66364,16.6787,2.48333,0.342362,0,0,0.402498,0
31049,124,,0.000287584,,,,,,,,,,,,,,,,,,,,,,,,,,,,,,,,,,,,,,,,,,
31099,124,,0.000287584,,,,,,,,,,,,,,,,,,,,,,,,,,,,,,,,,,,,,,,,,,
31149,124,,0.000287584,,,,,,,,,,,,,,,,,,,,,,,,,,,,,,,,,,,,,,,,,,
31199,124,,0.000287584,,,,,,,,,,,,,,,,,,,,,,,,,,,,,,,,,,,,,,,,,,
31249,124,124,0.000287584,5.03347,0,0.248327,0.086893,3.46582e-05,0.0737693,0.00840383,0.00788532,0.00787891,0.0105202,3.13451e-05,0.00788335,0.00791796,0,0.0358271,0.12272,0,5.52158,10.0753,1.32225,0.10051,0.078566,0.200658,0.192346,0.0813253,0.0957963,0.0624093,0.0429901,0.00406596,0.0266686,0.0794008,0,0.159886,0,5.7088,16.6926,2.48549,0.341954,0,0,0.403827,0
31299,125,,0.000284708,,,,,,,,,,,,,,,,,,,,,,,,,,,,,,,,,,,,,,,,,,
31349,125,,0.000284708,,,,,,,,,,,,,,,,,,,,,,,,,,,,,,,,,,,,,,,,,,
31399,125,,0.000284708,,,,,,,,,,,,,,,,,,,,,,,,,,,,,,,,,,,,,,,,,,
31449,125,,0.000284708,,,,,,,,,,,,,,,,,,,,,,,,,,,,,,,,,,,,,,,,,,
31499,125,125,0.000284708,4.9668,0,0.25166,0.086723,3.44147e-05,0.0760943,0.00831724,0.00778344,0.00777328,0.0105499,3.11021e-05,0.00778335,0.00782407,0,0.0356964,0.122419,0,5.44395,9.81466,1.31197,0.101183,0.0785546,0.200264,0.192123,0.0818822,0.0963953,0.0630629,0.0427145,0.00359513,0.0262772,0.0792325,0,0.156207,0,5.6508,16.6053,2.4697,0.334328,0,0,0.394705,0
31549,126,,0.000281861,,,,,,,,,,,,,,,,,,,,,,,,,,,,,,,,,,,,,,,,,,
31599,126,,0.000281861,,,,,,,,,,,,,,,,,,,,,,,,,,,,,,,,,,,,,,,,,,
31649,126,,0.000281861,,,,,,,,,,,,,,,,,,,,,,,,,,,,,,,,,,,,,,,,,,
31699,126,,0.000281861,,,,,,,,,,,,,,,,,,,,,,,,,,,,,,,,,,,,,,,,,,
31749,126,126,0.000281861,4.90013,0,0.254993,0.0854061,3.40168e-05,0.0746557,0.00823704,0.00767585,0.007673,0.0104303,3.06026e-05,0.00768011,0.00772203,0,0.0370669,0.122473,0,5.5592,10.0248,1.31775,0.103496,0.0784494,0.199712,0.191505,0.0812122,0.0953988,0.0626393,0.042912,0.00407364,0.0269058,0.0801352,0,0.166843,0,5.73132,16.6805,2.47796,0.347913,0,0,0.410985,0
31799,127,,0.000279042,,,,,,,,,,,,,,,,,,,,,,,,,,,,,,,,,,,,,,,,,,
31849,127,,0.000279042,,,,,,,,,,,,,,,,,,,,,,,,,,,,,,,,,,,,,,,,,,
31899,127,,0.000279042,,,,,,,,,,,,,,,,,,,,,,,,,,,,,,,,,,,,,,,,,,
31949,127,,0.000279042,,,,,,,,,,,,,,,,,,,,,,,,,,,,,,,,,,,,,,,,,,
31999,127,127,0.000279042,4.83347,0,0.258327,0.0831716,3.36926e-05,0.0767685,0.00812133,0.00757793,0.0075655,0.0104306,3.02661e-05,0.0075783,0.00761135,0,0.0368234,0.119995,0,5.47142,9.82672,1.31276,0.0999453,0.0783634,0.200321,0.192674,0.0814162,0.0952485,0.0616997,0.0425895,0.00381094,0.0262131,0.0796602,0,0.159424,0,5.61868,16.5227,2.46393,0.336847,0,0,0.40097,0
32049,128,,0.000276252,,,,,,,,,,,,,,,,,,,,,,,,,,,,,,,,,,,,,,,,,,
32099,128,,0.000276252,,,,,,,,,,,,,,,,,,,,,,,,,,,,,,,,,,,,,,,,,,
32149,128,,0.000276252,,,,,,,,,,,,,,,,,,,,,,,,,,,,,,,,,,,,,,,,,,
32199,128,,0.000276252,,,,,,,,,,,,,,,,,,,,,,,,,,,,,,,,,,,,,,,,,,
32249,128,128,0.000276252,4.7668,0,0.26166,0.0823104,3.35302e-05,0.0774582,0.00802182,0.00747521,0.00747169,0.0102705,2.99366e-05,0.00747525,0.00752061,0,0.0372842,0.119595,0,5.51793,9.83968,1.31352,0.101043,0.0790183,0.200788,0.193717,0.083022,0.0956565,0.0635368,0.0426035,0.00373494,0.0265022,0.0806223,0,0.157378,0,5.6322,16.5512,2.46784,0.334538,0,0,0.393805,0
32299,129,,0.000273489,,,,,,,,,,,,,,,,,,,,,,,,,,,,,,,,,,,,,,,,,,
32349,129,,0.000273489,,,,,,,,,,,,,,,,,,,,,,,,,,,,,,,,,,,,,,,,,,
32399,129,,0.000273489,,,,,,,,,,,,,,,,,,,,,,,,,,,,,,,,,,,,,,,,,,
32449,129,,0.000273489,,,,,,,,,,,,,,,,,,,,,,,,,,,,,,,,,,,,,,,,,,
32499,129,129,0.000273489,4.70013,0,0.264993,0.0801264,3.29106e-05,0.0784109,0.00795922,0.00736957,0.00736034,0.0102154,2.95083e-05,0.00736967,0.00740357,0,0.0380691,0.118195,0,5.50341,9.8407,1.31547,0.100619,0.0783344,0.198965,0.192643,0.0813655,0.0942165,0.063543,0.0424431,0.0038152,0.0267987,0.0795539,0,0.159256,0,5.61923,16.5458,2.45932,0.331808,0,0,0.393888,0
32549,130,,0.000270754,,,,,,,,,,,,,,,,,,,,,,,,,,,,,,,,,,,,,,,,,,
32599,130,,0.000270754,,,,,,,,,,,,,,,,,,,,,,,,,,,,,,,,,,,,,,,,,,
32649,130,,0.000270754,,,,,,,,,,,,,,,,,,,,,,,,,,,,,,,,,,,,,,,,,,
32699,130,,0.000270754,,,,,,,,,,,,,,,,,,,,,,,,,,,,,,,,,,,,,,,,,,
32749,130,130,0.000270754,4.63347,0,0.268327,0.0777584,3.26061e-05,0.0799374,0.00789915,0.00725658,0.00725629,0.0103169,2.91495e-05,0.00726699,0.00730126,0,0.0377552,0.115514,0,5.48206,10.1945,1.32048,0.103,0.0784601,0.201298,0.193106,0.0813599,0.0954016,0.0613612,0.0421946,0.00435153,0.0265988,0.0789293,0,0.167994,0,5.6832,16.451,2.45628,0.33378,0,0,0.396193,0
32799,131,,0.000268047,,,,,,,,,,,,,,,,,,,,,,,,,,,,,,,,,,,,,,,,,,
32849,131,,0.000268047,,,,,,,,,,,,,,,,,,,,,,,,,,,,,,,,,,,,,,,,,,
32899,131,,0.000268047,,,,,,,,,,,,,,,,,,,,,,,,,,,,,,,,,,,,,,,,,,
32949,131,,0.000268047,,,,,,,,,,,,,,,,,,,,,,,,,,,,,,,,,,,,,,,,,,
32999,131,131,0.000268047,4.5668,0,0.27166,0.0765564,3.23753e-05,0.0819841,0.00778003,0.00716236,0.00715041,0.0102676,2.88328e-05,0.0071615,0.00719972,0,0.0379074,0.114464,0,5.48341,9.97962,1.31713,0.100346,0.0784711,0.200162,0.192541,0.0810834,0.0955832,0.0622745,0.0426965,0.00382044,0.0263872,0.0801625,0,0.158941,0,5.66523,16.5655,2.46789,0.335778,0,0,0.396929,0
33049,132,,0.000265366,,,,,,,,,,,,,,,,,,,,,,,,,,,,,,,,,,,,,,,,,,
33099,132,,0.000265366,,,,,,,,,,,,,,,,,,,,,,,,,,,,,,,,,,,,,,,,,,
33149,132,,0.000265366,,,,,,,,,,,,,,,,,,,,,,,,,,,,,,,,,,,,,,,,,,
33199,132,,0.000265366,,,,,,,,,,,,,,,,,,,,,,,,,,,,,,,,,,,,,,,,,,
33249,132,132,0.000265366,4.50013,0,0.274993,0.0760479,3.20017e-05,0.0815977,0.00767446,0.00705863,0.00704328,0.010132,2.84452e-05,0.00705798,0.0071013,0,0.0389905,0.115038,0,5.5307,9.82126,1.32172,0.0997952,0.0786005,0.200457,0.19355,0.0822554,0.0954351,0.0627801,0.0424172,0.00360957,0.0263903,0.0791096,0,0.158014,0,5.64089,16.4553,2.45457,0.33037,0,0,0.390803,0
33299,133,,0.000262713,,,,,,,,,,,,,,,,,,,,,,,,,,,,,,,,,,,,,,,,,,
33349,133,,0.000262713,,,,,,,,,,,,,,,,,,,,,,,,,,,,,,,,,,,,,,,,,,
33399,133,,0.000262713,,,,,,,,,,,,,,,,,,,,,,,,,,,,,,,,,,,,,,,,,,
33449,133,,0.000262713,,,,,,,,,,,,,,,,,,,,,,,,,,,,,,,,,,,,,,,,,,
33499,133,133,0.000262713,4.43347,0,0.278327,0.0733297,3.15099e-05,0.0817455,0.00760279,0.00694914,0.00694093,0.0100658,2.80102e-05,0.00694967,0.00699224,0,0.0392885,0.112618,0,5.51506,10.0981,1.33183,0.101664,0.078505,0.200171,0.192813,0.0823657,0.0951817,0.0620328,0.042434,0.00421708,0.0263125,0.079522,0,0.160917,0,5.78733,16.7639,2.49964,0.344435,0,0,0.406478,0
33549,134,,0.000260085,,,,,,,,,,,,,,,,,,,,,,,,,,,,,,,,,,,,,,,,,,
33599,134,,0.000260085,,,,,,,,,,,,,,,,,,,,,,,,,,,,,,,,,,,,,,,,,,
33649,134,,0.000260085,,,,,,,,,,,,,,,,,,,,,,,,,,,,,,,,,,,,,,,,,,
33699,134,,0.000260085,,,,,,,,,,,,,,,,,,,,,,,,,,,,,,,,,,,,,,,,,,
33749,134,134,0.000260085,4.3668,0,0.28166,0.0721523,3.1191e-05,0.0838844,0.00747164,0.00684938,0.00683286,0.00989948,2.76759e-05,0.00684865,0.00688878,0,0.0395475,0.1117,0,5.46588,9.81721,1.30621,0.0986935,0.0783877,0.201313,0.192491,0.0813726,0.0948951,0.0621054,0.0423821,0.00372912,0.0264385,0.0791507,0,0.156997,0,5.65385,16.4701,2.45215,0.334934,0,0,0.396557,0
33799,135,,0.000257485,,,,,,,,,,,,,,,,,,,,,,,,,,,,,,,,,,,,,,,,,,
33849,135,,0.000257485,,,,,,,,,,,,,,,,,,,,,,,,,,,,,,,,,,,,,,,,,,
33899,135,,0.000257485,,,,,,,,,,,,,,,,,,,,,,,,,,,,,,,,,,,,,,,,,,
33949,135,,0.000257485,,,,,,,,,,,,,,,,,,,,,,,,,,,,,,,,,,,,,,,,,,
33999,135,135,0.000257485,4.30013,0,0.284993,0.0702095,3.0911e-05,0.0852908,0.00741003,0.00674061,0.0067355,0.0100511,2.7301e-05,0.00674446,0.0067799,0,0.0398102,0.11002,0,5.52166,10.4418,1.33441,0.102025,0.0784439,0.200389,0.192888,0.0814884,0.0954392,0.0620601,0.0423751,0.00458208,0.0262725,0.078945,0,0.167008,0,5.72246,16.4933,2.47074,0.337595,0,0,0.397077,0
34049,136,,0.00025491,,,,,,,,,,,,,,,,,,,,,,,,,,,,,,,,,,,,,,,,,,
34099,136,,0.00025491,,,,,,,,,,,,,,,,,,,,,,,,,,,,,,,,,,,,,,,,,,
34149,136,,0.00025491,,,,,,,,,,,,,,,,,,,,,,,,,,,,,,,,,,,,,,,,,,
34199,136,,0.00025491,,,,,,,,,,,,,,,,,,,,,,,,,,,,,,,,,,,,,,,,,,
34249,136,136,0.00025491,4.23347,0,0.288327,0.070532,3.06497e-05,0.0844569,0.00732053,0.00663307,0.00663043,0.00983581,2.69099e-05,0.00664442,0.00667709,0,0.0407649,0.111297,0,5.54864,10.2668,1.32519,0.100609,0.0785006,0.200291,0.192819,0.0810014,0.0953562,0.063151,0.0427694,0.00415595,0.0264033,0.0790583,0,0.162264,0,5.65966,16.4551,2.45892,0.328546,0,0,0.391385,0
34299,137,,0.000252361,,,,,,,,,,,,,,,,,,,,,,,,,,,,,,,,,,,,,,,,,,
34349,137,,0.000252361,,,,,,,,,,,,,,,,,,,,,,,,,,,,,,,,,,,,,,,,,,
34399,137,,0.000252361,,,,,,,,,,,,,,,,,,,,,,,,,,,,,,,,,,,,,,,,,,
34449,137,,0.000252361,,,,,,,,,,,,,,,,,,,,,,,,,,,,,,,,,,,,,,,,,,
34499,137,137,0.000252361,4.1668,0,0.29166,0.0682783,3.02506e-05,0.0876731,0.00720755,0.00653226,0.00652753,0.00979855,2.66097e-05,0.0065392,0.00657355,0,0.0403424,0.108621,0,5.44076,9.71639,1.30218,0.0995461,0.0782534,0.199371,0.19322,0.0811942,0.0943371,0.0618558,0.0427074,0.00350458,0.0264792,0.0798654,0,0.15837,0,5.6601,16.5704,2.46021,0.335097,0,0,0.399058,0
34549,138,,0.000249837,,,,,,,,,,,,,,,,,,,,,,,,,,,,,,,,,,,,,,,,,,
34599,138,,0.000249837,,,,,,,,,,,,,,,,,,,,,,,,,,,,,,,,,,,,,,,,,,
34649,138,,0.000249837,,,,,,,,,,,,,,,,,,,,,,,,,,,,,,,,,,,,,,,,,,
34699,138,,0.000249837,,,,,,,,,,,,,,,,,,,,,,,,,,,,,,,,,,,,,,,,,,
34749,138,138,0.000249837,4.10013,0,0.294993,0.0672302,2.99462e-05,0.0871358,0.00712088,0.00643543,0.00642112,0.00981407,2.61819e-05,0.00643088,0.00647217,0,0.0412369,0.108467,0,5.49232,9.63931,1.31479,0.0984027,0.0782024,0.19965,0.193866,0.0807956,0.0944558,0.0619781,0.0427242,0.0033126,0.0259003,0.0793415,0,0.154118,0,5.70461,16.4664,2.4665,0.336763,0,0,0.394655,0
34799,139,,0.000247339,,,,,,,,,,,,,,,,,,,,,,,,,,,,,,,,,,,,,,,,,,
34849,139,,0.000247339,,,,,,,,,,,,,,,,,,,,,,,,,,,,,,,,,,,,,,,,,,
34899,139,,0.000247339,,,,,,,,,,,,,,,,,,,,,,,,,,,,,,,,,,,,,,,,,,
34949,139,,0.000247339,,,,,,,,,,,,,,,,,,,,,,,,,,,,,,,,,,,,,,,,,,
34999,139,139,0.000247339,4.03347,0,0.298327,0.0650097,2.96874e-05,0.0902374,0.00711396,0.00632796,0.00632311,0.00987384,2.58613e-05,0.00633161,0.0063708,0,0.0410112,0.106021,0,5.44498,9.65711,1.30756,0.0992798,0.0782377,0.200108,0.193221,0.0816508,0.0948361,0.0618758,0.0422241,0.0033824,0.0260625,0.0790164,0,0.156894,0,5.61998,16.5565,2.4658,0.335912,0,0,0.394869,0
35049,140,,0.000244865,,,,,,,,,,,,,,,,,,,,,,,,,,,,,,,,,,,,,,,,,,
35099,140,,0.000244865,,,,,,,,,,,,,,,,,,,,,,,,,,,,,,,,,,,,,,,,,,
35149,140,,0.000244865,,,,,,,,,,,,,,,,,,,,,,,,,,,,,,,,,,,,,,,,,,
35199,140,,0.000244865,,,,,,,,,,,,,,,,,,,,,,,,,,,,,,,,,,,,,,,,,,
35249,140,140,0.000244865,3.9668,0,0.30166,0.0628386,2.92008e-05,0.0909749,0.00704669,0.00622698,0.00621728,0.00994185,2.55413e-05,0.0062236,0.00625611,0,0.0413427,0.104181,0,5.51243,10.0934,1.32067,0.101656,0.0784847,0.200413,0.192933,0.081771,0.0961495,0.0620443,0.042513,0.00414302,0.0260244,0.0788559,0,0.162011,0,5.65631,16.5593,2.45752,0.339733,0,0,0.399243,0
35299,141,,0.000242417,,,,,,,,,,,,,,,,,,,,,,,,,,,,,,,,,,,,,,,,,,
35349,141,,0.000242417,,,,,,,,,,,,,,,,,,,,,,,,,,,,,,,,,,,,,,,,,,
35399,141,,0.000242417,,,,,,,,,,,,,,,,,,,,,,,,,,,,,,,,,,,,,,,,,,
35449,141,,0.000242417,,,,,,,,,,,,,,,,,,,,,,,,,,,,,,,,,,,,,,,,,,
35499,141,141,0.000242417,3.90013,0,0.304993,0.063085,2.89965e-05,0.0927712,0.00693689,0.00612843,0.0061134,0.00969357,2.51846e-05,0.00612525,0.0061545,0,0.0417264,0.104811,0,5.59177,10.2189,1.32224,0.101565,0.0787132,0.199583,0.193152,0.0819027,0.0947086,0.0642197,0.0424295,0.00447092,0.0262789,0.0803866,0,0.160823,0,5.62057,16.5627,2.46511,0.335732,0,0,0.390459,0
35549,142,,0.000239992,,,,,,,,,,,,,,,,,,,,,,,,,,,,,,,,,,,,,,,,,,
35599,142,,0.000239992,,,,,,,,,,,,,,,,,,,,,,,,,,,,,,,,,,,,,,,,,,
35649,142,,0.000239992,,,,,,,,,,,,,,,,,,,,,,,,,,,,,,,,,,,,,,,,,,
35699,142,,0.000239992,,,,,,,,,,,,,,,,,,,,,,,,,,,,,,,,,,,,,,,,,,
35749,142,142,0.000239992,3.83347,0,0.308327,0.0607579,2.85351e-05,0.0929021,0.00682561,0.0060185,0.00600571,0.00961736,2.48528e-05,0.00601854,0.00606345,0,0.0426375,0.103395,0,5.45602,10.1746,1.32527,0.101924,0.0786795,0.200352,0.19355,0.0809847,0.0948718,0.0637584,0.042562,0.00453747,0.0267454,0.0794327,0,0.161299,0,5.59032,16.363,2.43402,0.322851,0,0,0.383946,0
35799,143,,0.000237593,,,,,,,,,,,,,,,,,,,,,,,,,,,,,,,,,,,,,,,,,,
35849,143,,0.000237593,,,,,,,,,,,,,,,,,,,,,,,,,,,,,,,,,,,,,,,,,,
35899,143,,0.000237593,,,,,,,,,,,,,,,,,,,,,,,,,,,,,,,,,,,,,,,,,,
35949,143,,0.000237593,,,,,,,,,,,,,,,,,,,,,,,,,,,,,,,,,,,,,,,,,,
35999,143,143,0.000237593,3.7668,0,0.31166,0.059965,2.82588e-05,0.0926752,0.0067737,0.00591123,0.00589578,0.00953887,2.43928e-05,0.00591656,0.00595424,0,0.0425683,0.102533,0,5.5611,10.0037,1.32407,0.099506,0.0785309,0.1995,0.193476,0.0814062,0.0944386,0.0636219,0.0423404,0.00408806,0.0264177,0.0800202,0,0.156149,0,5.59153,16.5319,2.46317,0.330468,0,0,0.385526,0
36049,144,,0.000235217,,,,,,,,,,,,,,,,,,,,,,,,,,,,,,,,,,,,,,,,,,
36099,144,,0.000235217,,,,,,,,,,,,,,,,,,,,,,,,,,,,,,,,,,,,,,,,,,
36149,144,,0.000235217,,,,,,,,,,,,,,,,,,,,,,,,,,,,,,,,,,,,,,,,,,
36199,144,,0.000235217,,,,,,,,,,,,,,,,,,,,,,,,,,,,,,,,,,,,,,,,,,
36249,144,144,0.000235217,3.70013,0,0.314993,0.0588778,2.79846e-05,0.0966833,0.00669007,0.00580992,0.00579447,0.00951678,2.4013e-05,0.00580787,0.00584335,0,0.0431711,0.102049,0,5.42223,9.54145,1.29029,0.0965369,0.0783968,0.200044,0.193462,0.0823508,0.0951876,0.0620244,0.0425916,0.00323578,0.0262528,0.0788192,0,0.150934,0,5.56738,16.3912,2.43528,0.329437,0,0,0.391554,0
36299,145,,0.000232864,,,,,,,,,,,,,,,,,,,,,,,,,,,,,,,,,,,,,,,,,,
36349,145,,0.000232864,,,,,,,,,,,,,,,,,,,,,,,,,,,,,,,,,,,,,,,,,,
36399,145,,0.000232864,,,,,,,,,,,,,,,,,,,,,,,,,,,,,,,,,,,,,,,,,,
36449,145,,0.000232864,,,,,,,,,,,,,,,,,,,,,,,,,,,,,,,,,,,,,,,,,,
36499,145,145,0.000232864,3.63347,0,0.318327,0.0577403,2.77235e-05,0.0962748,0.00660587,0.0057071,0.00569158,0.00958816,2.37653e-05,0.005705,0.00575247,0,0.042973,0.100713,0,5.57344,10.1259,1.32432,0.0990198,0.0785315,0.199604,0.193175,0.0816392,0.0944563,0.0635277,0.0425751,0.00433736,0.0263355,0.0796643,0,0.158751,0,5.58486,16.3028,2.43859,0.32305,0,0,0.382155,0
36549,146,,0.000230536,,,,,,,,,,,,,,,,,,,,,,,,,,,,,,,,,,,,,,,,,,
36599,146,,0.000230536,,,,,,,,,,,,,,,,,,,,,,,,,,,,,,,,,,,,,,,,,,
36649,146,,0.000230536,,,,,,,,,,,,,,,,,,,,,,,,,,,,,,,,,,,,,,,,,,
36699,146,,0.000230536,,,,,,,,,,,,,,,,,,,,,,,,,,,,,,,,,,,,,,,,,,
36749,146,146,0.000230536,3.5668,0,0.32166,0.0557617,2.7255e-05,0.0953084,0.00652326,0.00560309,0.00558587,0.00953994,2.34062e-05,0.00559894,0.00563858,0,0.043767,0.0995287,0,5.45518,9.71208,1.2991,0.0984736,0.0781827,0.199235,0.193373,0.0818918,0.094615,0.0618803,0.0421438,0.00337266,0.0263257,0.0789907,0,0.155913,0,5.58398,16.4663,2.45222,0.33416,0,0,0.392417,0
36799,147,,0.00022823,,,,,,,,,,,,,,,,,,,,,,,,,,,,,,,,,,,,,,,,,,
36849,147,,0.00022823,,,,,,,,,,,,,,,,,,,,,,,,,,,,,,,,,,,,,,,,,,
36899,147,,0.00022823,,,,,,,,,,,,,,,,,,,,,,,,,,,,,,,,,,,,,,,,,,
36949,147,,0.00022823,,,,,,,,,,,,,,,,,,,,,,,,,,,,,,,,,,,,,,,,,,
36999,147,147,0.00022823,3.50013,0,0.324993,0.0553053,2.70309e-05,0.0986224,0.00646274,0.00550097,0.00548318,0.00942693,2.30337e-05,0.00549857,0.00553909,0,0.0436459,0.0989512,0,5.44536,9.74621,1.30688,0.0982547,0.0785047,0.201179,0.194764,0.0814201,0.0941918,0.0617399,0.0426175,0.00357918,0.0261375,0.0794178,0,0.155333,0,5.63093,16.3575,2.44625,0.328332,0,0,0.387777,0
37049,148,,0.000225948,,,,,,,,,,,,,,,,,,,,,,,,,,,,,,,,,,,,,,,,,,
37099,148,,0.000225948,,,,,,,,,,,,,,,,,,,,,,,,,,,,,,,,,,,,,,,,,,
37149,148,,0.000225948,,,,,,,,,,,,,,,,,,,,,,,,,,,,,,,,,,,,,,,,,,
37199,148,,0.000225948,,,,,,,,,,,,,,,,,,,,,,,,,,,,,,,,,,,,,,,,,,
37249,148,148,0.000225948,3.43347,0,0.328327,0.0528165,2.67633e-05,0.101816,0.006412,0.00539624,0.00538021,0.00953867,2.27116e-05,0.00539604,0.00543107,0,0.0437563,0.0965728,0,5.54136,9.74683,1.31431,0.0979333,0.078347,0.199788,0.19379,0.0811434,0.0936885,0.0624018,0.0428456,0.00385577,0.0262384,0.0797189,0,0.155103,0,5.63099,16.4168,2.456,0.331156,0,0,0.388183,0
37299,149,,0.000223689,,,,,,,,,,,,,,,,,,,,,,,,,,,,,,,,,,,,,,,,,,
37349,149,,0.000223689,,,,,,,,,,,,,,,,,,,,,,,,,,,,,,,,,,,,,,,,,,
37399,149,,0.000223689,,,,,,,,,,,,,,,,,,,,,,,,,,,,,,,,,,,,,,,,,,
37449,149,,0.000223689,,,,,,,,,,,,,,,,,,,,,,,,,,,,,,,,,,,,,,,,,,
37499,149,149,0.000223689,3.3668,0,0.33166,0.052394,2.63996e-05,0.0989739,0.00626536,0.00528322,0.00528108,0.00937262,2.23163e-05,0.00529363,0.00532991,0,0.044459,0.096853,0,5.47963,9.78478,1.31064,0.0983607,0.0787878,0.200519,0.194614,0.0816605,0.0951454,0.0632649,0.0429208,0.00368687,0.0261198,0.0799462,0,0.156713,0,5.58483,16.4201,2.4464,0.329571,0,0,0.386802,0
37549,150,,0.000221452,,,,,,,,,,,,,,,,,,,,,,,,,,,,,,,,,,,,,,,,,,
37599,150,,0.000221452,,,,,,,,,,,,,,,,,,,,,,,,,,,,,,,,,,,,,,,,,,
37649,150,,0.000221452,,,,,,,,,,,,,,,,,,,,,,,,,,,,,,,,,,,,,,,,,,
37699,150,,0.000221452,,,,,,,,,,,,,,,,,,,,,,,,,,,,,,,,,,,,,,,,,,
37749,150,150,0.000221452,3.30013,0,0.334993,0.0518213,2.61127e-05,0.100359,0.00621632,0.00518584,0.00517328,0.00935623,2.20076e-05,0.00518431,0.00523557,0,0.0445078,0.0963291,0,5.45457,9.41718,1.3016,0.0974586,0.0787359,0.200701,0.19289,0.0812224,0.0954513,0.0634416,0.0430114,0.00320104,0.0262917,0.0811494,0,0.150409,0,5.59678,16.3975,2.44891,0.328637,0,0,0.384262,0
37799,151,,0.000219237,,,,,,,,,,,,,,,,,,,,,,,,,,,,,,,,,,,,,,,,,,
37849,151,,0.000219237,,,,,,,,,,,,,,,,,,,,,,,,,,,,,,,,,,,,,,,,,,
37899,151,,0.000219237,,,,,,,,,,,,,,,,,,,,,,,,,,,,,,,,,,,,,,,,,,
37949,151,,0.000219237,,,,,,,,,,,,,,,,,,,,,,,,,,,,,,,,,,,,,,,,,,
37999,151,151,0.000219237,3.23347,0,0.338327,0.0506977,2.5693e-05,0.101356,0.00605636,0.00507686,0.00506636,0.00919151,2.16261e-05,0.00508034,0.00511539,0,0.0456118,0.0963094,0,5.44746,9.69969,1.30329,0.0989779,0.0790942,0.201288,0.193921,0.0815674,0.0963619,0.0650857,0.0423649,0.00366496,0.0265384,0.0801498,0,0.153636,0,5.59792,16.388,2.44214,0.326044,0,0,0.382004,0
38049,152,,0.000217045,,,,,,,,,,,,,,,,,,,,,,,,,,,,,,,,,,,,,,,,,,
38099,152,,0.000217045,,,,,,,,,,,,,,,,,,,,,,,,,,,,,,,,,,,,,,,,,,
38149,152,,0.000217045,,,,,,,,,,,,,,,,,,,,,,,,,,,,,,,,,,,,,,,,,,
38199,152,,0.000217045,,,,,,,,,,,,,,,,,,,,,,,,,,,,,,,,,,,,,,,,,,
38249,152,152,0.000217045,3.1668,0,0.34166,0.0491139,2.53791e-05,0.101456,0.00606736,0.00497723,0.00496327,0.00908255,2.11891e-05,0.00497915,0.00502551,0,0.0459223,0.0950362,0,5.45306,9.70564,1.3097,0.0978955,0.078209,0.199598,0.19259,0.080832,0.0946972,0.0621313,0.0423943,0.00361805,0.0264738,0.0797549,0,0.153402,0,5.62266,16.4798,2.46704,0.333431,0,0,0.389573,0
38299,153,,0.000214874,,,,,,,,,,,,,,,,,,,,,,,,,,,,,,,,,,,,,,,,,,
38349,153,,0.000214874,,,,,,,,,,,,,,,,,,,,,,,,,,,,,,,,,,,,,,,,,,
38399,153,,0.000214874,,,,,,,,,,,,,,,,,,,,,,,,,,,,,,,,,,,,,,,,,,
38449,153,,0.000214874,,,,,,,,,,,,,,,,,,,,,,,,,,,,,,,,,,,,,,,,,,
38499,153,153,0.000214874,3.10013,0,0.344993,0.0477458,2.50795e-05,0.106473,0.00598011,0.00487776,0.0048611,0.00913802,2.09691e-05,0.00487967,0.00491455,0,0.0457678,0.0935135,0,5.45579,9.56005,1.29864,0.0967256,0.0788451,0.199935,0.194257,0.0827526,0.095992,0.0630456,0.042338,0.00325561,0.0268597,0.0800143,0,0.1501,0,5.58814,16.4398,2.43788,0.3277,0,0,0.387324,0
38549,154,,0.000212726,,,,,,,,,,,,,,,,,,,,,,,,,,,,,,,,,,,,,,,,,,
38599,154,,0.000212726,,,,,,,,,,,,,,,,,,,,,,,,,,,,,,,,,,,,,,,,,,
38649,154,,0.000212726,,,,,,,,,,,,,,,,,,,,,,,,,,,,,,,,,,,,,,,,,,
38699,154,,0.000212726,,,,,,,,,,,,,,,,,,,,,,,,,,,,,,,,,,,,,,,,,,
38749,154,154,0.000212726,3.03347,0,0.348327,0.0470507,2.47824e-05,0.104021,0.00585531,0.00477149,0.00475369,0.00885221,2.05718e-05,0.00477032,0.00481153,0,0.0464849,0.0935356,0,5.54644,9.88029,1.3139,0.0996711,0.0784637,0.199771,0.192811,0.0822916,0.0952088,0.062538,0.0425822,0.00368576,0.0261813,0.0795662,0,0.156897,0,5.56336,16.4091,2.45149,0.332494,0,0,0.388321,0
38799,155,,0.000210598,,,,,,,,,,,,,,,,,,,,,,,,,,,,,,,,,,,,,,,,,,
38849,155,,0.000210598,,,,,,,,,,,,,,,,,,,,,,,,,,,,,,,,,,,,,,,,,,
38899,155,,0.000210598,,,,,,,,,,,,,,,,,,,,,,,,,,,,,,,,,,,,,,,,,,
38949,155,,0.000210598,,,,,,,,,,,,,,,,,,,,,,,,,,,,,,,,,,,,,,,,,,
38999,155,155,0.000210598,2.9668,0,0.35166,0.0466294,2.44295e-05,0.105292,0.00574836,0.00466214,0.00464962,0.00886577,2.01708e-05,0.00466494,0.00470624,0,0.0471592,0.0937886,0,5.53047,9.76318,1.30824,0.0976935,0.0783074,0.199458,0.193125,0.0810286,0.0946937,0.0625773,0.042455,0.00356736,0.0259495,0.0802198,0,0.153666,0,5.48145,16.3923,2.43597,0.326459,0,0,0.382591,0
39049,156,,0.000208492,,,,,,,,,,,,,,,,,,,,,,,,,,,,,,,,,,,,,,,,,,
39099,156,,0.000208492,,,,,,,,,,,,,,,,,,,,,,,,,,,,,,,,,,,,,,,,,,
39149,156,,0.000208492,,,,,,,,,,,,,,,,,,,,,,,,,,,,,,,,,,,,,,,,,,
39199,156,,0.000208492,,,,,,,,,,,,,,,,,,,,,,,,,,,,,,,,,,,,,,,,,,
39249,156,156,0.000208492,2.90013,0,0.354993,0.044708,2.40013e-05,0.105219,0.00573797,0.00456028,0.00454247,0.00872243,1.98059e-05,0.0045587,0.00460574,0,0.0477517,0.0924598,0,5.46516,9.61014,1.30273,0.0977149,0.078606,0.200241,0.194082,0.0813351,0.0944447,0.0646864,0.0422807,0.00323511,0.0258783,0.0798754,0,0.151622,0,5.54322,16.3419,2.43128,0.324806,0,0,0.380709,0
39299,157,,0.000206408,,,,,,,,,,,,,,,,,,,,,,,,,,,,,,,,,,,,,,,,,,
39349,157,,0.000206408,,,,,,,,,,,,,,,,,,,,,,,,,,,,,,,,,,,,,,,,,,
39399,157,,0.000206408,,,,,,,,,,,,,,,,,,,,,,,,,,,,,,,,,,,,,,,,,,
39449,157,,0.000206408,,,,,,,,,,,,,,,,,,,,,,,,,,,,,,,,,,,,,,,,,,
39499,157,157,0.000206408,2.83347,0,0.358327,0.0441131,2.36827e-05,0.107072,0.00565033,0.00445638,0.00443544,0.00862754,1.95277e-05,0.00446048,0.00449143,0,0.0480692,0.0921824,0,5.47967,9.77208,1.30353,0.0989601,0.0782619,0.199508,0.192138,0.081397,0.0944297,0.0614105,0.0422465,0.00349834,0.0268003,0.0811904,0,0.154721,0,5.58311,16.3838,2.43875,0.329422,0,0,0.385914,0
39549,158,,0.000204343,,,,,,,,,,,,,,,,,,,,,,,,,,,,,,,,,,,,,,,,,,
39599,158,,0.000204343,,,,,,,,,,,,,,,,,,,,,,,,,,,,,,,,,,,,,,,,,,
39649,158,,0.000204343,,,,,,,,,,,,,,,,,,,,,,,,,,,,,,,,,,,,,,,,,,
39699,158,,0.000204343,,,,,,,,,,,,,,,,,,,,,,,,,,,,,,,,,,,,,,,,,,
39749,158,158,0.000204343,2.7668,0,0.36166,0.042529,2.35609e-05,0.108162,0.00556012,0.00435833,0.00433245,0.00876146,1.92071e-05,0.00434961,0.00439398,0,0.0477549,0.090284,0,5.45455,9.49757,1.30089,0.096872,0.0780283,0.19979,0.192344,0.0808676,0.0950406,0.0616775,0.0421554,0.00314596,0.0255454,0.0797167,0,0.150712,0,5.57808,16.3841,2.43171,0.326544,0,0,0.385687,0
39799,159,,0.0002023,,,,,,,,,,,,,,,,,,,,,,,,,,,,,,,,,,,,,,,,,,
39849,159,,0.0002023,,,,,,,,,,,,,,,,,,,,,,,,,,,,,,,,,,,,,,,,,,
39899,159,,0.0002023,,,,,,,,,,,,,,,,,,,,,,,,,,,,,,,,,,,,,,,,,,
39949,159,,0.0002023,,,,,,,,,,,,,,,,,,,,,,,,,,,,,,,,,,,,,,,,,,
39999,159,159,0.0002023,2.70013,0,0.364994,0.0405081,2.32672e-05,0.110257,0.00547436,0.00425431,0.00422952,0.00885019,1.88857e-05,0.00424837,0.00428608,0,0.0475905,0.0880986,0,5.44331,9.49026,1.29762,0.0973469,0.0784369,0.199751,0.192276,0.0825954,0.0951038,0.0630684,0.0421142,0.00316025,0.0262508,0.0800498,0,0.150165,0,5.5342,16.3472,2.44132,0.325344,0,0,0.383644,0
40049,160,,0.000200277,,,,,,,,,,,,,,,,,,,,,,,,,,,,,,,,,,,,,,,,,,
40099,160,,0.000200277,,,,,,,,,,,,,,,,,,,,,,,,,,,,,,,,,,,,,,,,,,
40149,160,,0.000200277,,,,,,,,,,,,,,,,,,,,,,,,,,,,,,,,,,,,,,,,,,
40199,160,,0.000200277,,,,,,,,,,,,,,,,,,,,,,,,,,,,,,,,,,,,,,,,,,
40249,160,160,0.000200277,2.63347,0,0.368327,0.0397757,2.28683e-05,0.110226,0.00539223,0.00414677,0.00412216,0.00848366,1.85312e-05,0.00414828,0.00418348,0,0.0485757,0.0883514,0,5.41927,9.40942,1.29717,0.0963929,0.0787291,0.199729,0.193828,0.0824266,0.0952237,0.0647127,0.0423962,0.00303547,0.0260894,0.07985,0,0.147097,0,5.49897,16.3557,2.43205,0.324283,0,0,0.381392,0
40299,161,,0.000198274,,,,,,,,,,,,,,,,,,,,,,,,,,,,,,,,,,,,,,,,,,
40349,161,,0.000198274,,,,,,,,,,,,,,,,,,,,,,,,,,,,,,,,,,,,,,,,,,
40399,161,,0.000198274,,,,,,,,,,,,,,,,,,,,,,,,,,,,,,,,,,,,,,,,,,
40449,161,,0.000198274,,,,,,,,,,,,,,,,,,,,,,,,,,,,,,,,,,,,,,,,,,
40499,161,161,0.000198274,2.5668,0,0.37166,0.0385712,2.26408e-05,0.112948,0.00530974,0.00403882,0.004024,0.00855399,1.81447e-05,0.00404481,0.0040842,0,0.0488559,0.0874271,0,5.47861,9.41587,1.29245,0.0955382,0.0782316,0.199392,0.193782,0.0808236,0.0954333,0.0624331,0.042345,0.00305701,0.0260101,0.0790403,0,0.146596,0,5.575,16.3429,2.431,0.327214,0,0,0.384636,0
40549,162,,0.000196292,,,,,,,,,,,,,,,,,,,,,,,,,,,,,,,,,,,,,,,,,,
40599,162,,0.000196292,,,,,,,,,,,,,,,,,,,,,,,,,,,,,,,,,,,,,,,,,,
40649,162,,0.000196292,,,,,,,,,,,,,,,,,,,,,,,,,,,,,,,,,,,,,,,,,,
40699,162,,0.000196292,,,,,,,,,,,,,,,,,,,,,,,,,,,,,,,,,,,,,,,,,,
40749,162,162,0.000196292,2.50013,0,0.374993,0.0380807,2.25598e-05,0.115223,0.00524188,0.00394436,0.00391715,0.00869511,1.79748e-05,0.00393956,0.00399266,0,0.0484096,0.0864903,0,5.41942,9.35632,1.29809,0.0956781,0.0786096,0.200764,0.193802,0.0813162,0.0951357,0.0636588,0.042648,0.00294232,0.0264301,0.0793988,0,0.14745,0,5.54348,16.4542,2.44037,0.328988,0,0,0.385065,0
40799,163,,0.000194329,,,,,,,,,,,,,,,,,,,,,,,,,,,,,,,,,,,,,,,,,,
40849,163,,0.000194329,,,,,,,,,,,,,,,,,,,,,,,,,,,,,,,,,,,,,,,,,,
40899,163,,0.000194329,,,,,,,,,,,,,,,,,,,,,,,,,,,,,,,,,,,,,,,,,,
40949,163,,0.000194329,,,,,,,,,,,,,,,,,,,,,,,,,,,,,,,,,,,,,,,,,,
40999,163,163,0.000194329,2.43347,0,0.378327,0.0373386,2.22022e-05,0.114833,0.00512132,0.00383988,0.00380266,0.00844626,1.7595e-05,0.00383894,0.00388568,0,0.0488417,0.0861803,0,5.41653,9.56768,1.29259,0.0969863,0.0783988,0.199699,0.193337,0.0814971,0.0944831,0.0637875,0.0425598,0.00326698,0.0260961,0.0792617,0,0.150209,0,5.54441,16.3261,2.42345,0.323405,0,0,0.382215,0
41049,164,,0.000192385,,,,,,,,,,,,,,,,,,,,,,,,,,,,,,,,,,,,,,,,,,
41099,164,,0.000192385,,,,,,,,,,,,,,,,,,,,,,,,,,,,,,,,,,,,,,,,,,
41149,164,,0.000192385,,,,,,,,,,,,,,,,,,,,,,,,,,,,,,,,,,,,,,,,,,
41199,164,,0.000192385,,,,,,,,,,,,,,,,,,,,,,,,,,,,,,,,,,,,,,,,,,
41249,164,164,0.000192385,2.3668,0,0.38166,0.0365048,2.192e-05,0.115727,0.00511825,0.00373852,0.00370875,0.00834621,1.72099e-05,0.00373084,0.00378854,0,0.0497239,0.0862286,0,5.41501,9.63042,1.29655,0.0970503,0.0782881,0.198857,0.193094,0.0810377,0.0943613,0.0641243,0.0427339,0.00337682,0.0259334,0.0793619,0,0.15084,0,5.5497,16.3478,2.43007,0.322304,0,0,0.378088,0
41299,165,,0.000190461,,,,,,,,,,,,,,,,,,,,,,,,,,,,,,,,,,,,,,,,,,
41349,165,,0.000190461,,,,,,,,,,,,,,,,,,,,,,,,,,,,,,,,,,,,,,,,,,
41399,165,,0.000190461,,,,,,,,,,,,,,,,,,,,,,,,,,,,,,,,,,,,,,,,,,
41449,165,,0.000190461,,,,,,,,,,,,,,,,,,,,,,,,,,,,,,,,,,,,,,,,,,
41499,165,165,0.000190461,2.30013,0,0.384993,0.0344939,2.16385e-05,0.11817,0.00513774,0.00363421,0.00360258,0.00839899,1.69184e-05,0.00362332,0.00367194,0,0.0497346,0.0842285,0,5.47378,9.54046,1.30279,0.0968825,0.0782977,0.199891,0.193103,0.0818575,0.0937067,0.0628321,0.0424894,0.0033219,0.0265113,0.079265,0,0.150476,0,5.54256,16.2907,2.42906,0.325169,0,0,0.382636,0
41549,166,,0.000188557,,,,,,,,,,,,,,,,,,,,,,,,,,,,,,,,,,,,,,,,,,
41599,166,,0.000188557,,,,,,,,,,,,,,,,,,,,,,,,,,,,,,,,,,,,,,,,,,
41649,166,,0.000188557,,,,,,,,,,,,,,,,,,,,,,,,,,,,,,,,,,,,,,,,,,
41699,166,,0.000188557,,,,,,,,,,,,,,,,,,,,,,,,,,,,,,,,,,,,,,,,,,
41749,166,166,0.000188557,2.23347,0,0.388327,0.0339165,2.14758e-05,0.119073,0.00497592,0.00352193,0.00349247,0.00835368,1.66459e-05,0.0035256,0.0035882,0,0.0495052,0.0834216,0,5.47218,9.41377,1.30574,0.0973105,0.0788369,0.19996,0.19505,0.0820579,0.0938613,0.0657242,0.0424719,0.00332623,0.0259984,0.0799194,0,0.14826,0,5.49529,16.2674,2.41727,0.323209,0,0,0.377918,0
41799,167,,0.000186671,,,,,,,,,,,,,,,,,,,,,,,,,,,,,,,,,,,,,,,,,,
41849,167,,0.000186671,,,,,,,,,,,,,,,,,,,,,,,,,,,,,,,,,,,,,,,,,,
41899,167,,0.000186671,,,,,,,,,,,,,,,,,,,,,,,,,,,,,,,,,,,,,,,,,,
41949,167,,0.000186671,,,,,,,,,,,,,,,,,,,,,,,,,,,,,,,,,,,,,,,,,,
41999,167,167,0.000186671,2.1668,0,0.39166,0.0323674,2.09695e-05,0.11898,0.00490699,0.00341917,0.00339237,0.00826043,1.62578e-05,0.00342328,0.00346032,0,0.0505413,0.0829088,0,5.50675,9.60021,1.29476,0.0959936,0.0787304,0.200931,0.194448,0.0825612,0.0939483,0.0638268,0.0426959,0.00341845,0.0260187,0.0794551,0,0.150638,0,5.55257,16.2922,2.42479,0.325682,0,0,0.38239,0
42049,168,,0.000184805,,,,,,,,,,,,,,,,,,,,,,,,,,,,,,,,,,,,,,,,,,
42099,168,,0.000184805,,,,,,,,,,,,,,,,,,,,,,,,,,,,,,,,,,,,,,,,,,
42149,168,,0.000184805,,,,,,,,,,,,,,,,,,,,,,,,,,,,,,,,,,,,,,,,,,
42199,168,,0.000184805,,,,,,,,,,,,,,,,,,,,,,,,,,,,,,,,,,,,,,,,,,
42249,168,168,0.000184805,2.10013,0,0.394993,0.0313019,2.0816e-05,0.12166,0.00482753,0.00332397,0.00328603,0.00844062,1.5982e-05,0.00331665,0.00337189,0,0.0500632,0.0813651,0,5.40376,9.34022,1.28424,0.0952911,0.0783786,0.200681,0.192808,0.0823059,0.0946617,0.0628754,0.0421282,0.00293566,0.0256988,0.0796917,0,0.146212,0,5.52786,16.2843,2.41759,0.324204,0,0,0.380864,0
42299,169,,0.000182957,,,,,,,,,,,,,,,,,,,,,,,,,,,,,,,,,,,,,,,,,,
42349,169,,0.000182957,,,,,,,,,,,,,,,,,,,,,,,,,,,,,,,,,,,,,,,,,,
42399,169,,0.000182957,,,,,,,,,,,,,,,,,,,,,,,,,,,,,,,,,,,,,,,,,,
42449,169,,0.000182957,,,,,,,,,,,,,,,,,,,,,,,,,,,,,,,,,,,,,,,,,,
42499,169,169,0.000182957,2.03347,0,0.398327,0.0306393,2.04712e-05,0.119298,0.0046982,0.00321747,0.00318267,0.00806011,1.55624e-05,0.00321311,0.00327336,0,0.0517075,0.0823468,0,5.4266,9.36132,1.29053,0.098225,0.078659,0.200266,0.193427,0.0828238,0.0948924,0.0631988,0.0434239,0.00309955,0.0257282,0.0797303,0,0.149171,0,5.50453,16.2625,2.42365,0.325253,0,0,0.378795,0
42549,170,,0.000181127,,,,,,,,,,,,,,,,,,,,,,,,,,,,,,,,,,,,,,,,,,
42599,170,,0.000181127,,,,,,,,,,,,,,,,,,,,,,,,,,,,,,,,,,,,,,,,,,
42649,170,,0.000181127,,,,,,,,,,,,,,,,,,,,,,,,,,,,,,,,,,,,,,,,,,
42699,170,,0.000181127,,,,,,,,,,,,,,,,,,,,,,,,,,,,,,,,,,,,,,,,,,
42749,170,170,0.000181127,1.9668,0,0.40166,0.0296799,2.02804e-05,0.123028,0.00470388,0.00311051,0.00308079,0.00811169,1.5312e-05,0.00310385,0.00315465,0,0.0510926,0.0807725,0,5.37976,9.2381,1.28208,0.0960713,0.0781405,0.199399,0.193366,0.0811834,0.0943998,0.0633682,0.042219,0.00294803,0.0254834,0.0790378,0,0.147133,0,5.53019,16.2297,2.41816,0.322202,0,0,0.376752,0
42799,171,,0.000179316,,,,,,,,,,,,,,,,,,,,,,,,,,,,,,,,,,,,,,,,,,
42849,171,,0.000179316,,,,,,,,,,,,,,,,,,,,,,,,,,,,,,,,,,,,,,,,,,
42899,171,,0.000179316,,,,,,,,,,,,,,,,,,,,,,,,,,,,,,,,,,,,,,,,,,
42949,171,,0.000179316,,,,,,,,,,,,,,,,,,,,,,,,,,,,,,,,,,,,,,,,,,
42999,171,171,0.000179316,1.90013,0,0.404993,0.0287908,2.00128e-05,0.124863,0.00460979,0.00301229,0.00297355,0.00820914,1.4986e-05,0.00300716,0.00306747,0,0.0515433,0.0803341,0,5.45847,9.52756,1.29599,0.0963374,0.0780961,0.199021,0.191885,0.0815622,0.0941538,0.0628417,0.0425376,0.00332018,0.0257076,0.0799322,0,0.149452,0,5.52785,16.2361,2.41717,0.324734,0,0,0.380929,0
43049,172,,0.000177523,,,,,,,,,,,,,,,,,,,,,,,,,,,,,,,,,,,,,,,,,,
43099,172,,0.000177523,,,,,,,,,,,,,,,,,,,,,,,,,,,,,,,,,,,,,,,,,,
43149,172,,0.000177523,,,,,,,,,,,,,,,,,,,,,,,,,,,,,,,,,,,,,,,,,,
43199,172,,0.000177523,,,,,,,,,,,,,,,,,,,,,,,,,,,,,,,,,,,,,,,,,,
43249,172,172,0.000177523,1.83347,0,0.408327,0.0276563,1.97444e-05,0.122173,0.00456519,0.0029063,0.00286238,0.0078956,1.46976e-05,0.00290331,0.00295596,0,0.0516243,0.0792806,0,5.44781,9.57843,1.29685,0.0956967,0.0784834,0.199925,0.193789,0.0810805,0.0940612,0.0633698,0.0424824,0.00349532,0.026336,0.0802948,0,0.149674,0,5.52172,16.2047,2.41126,0.320875,0,0,0.375573,0
43299,173,,0.000175747,,,,,,,,,,,,,,,,,,,,,,,,,,,,,,,,,,,,,,,,,,
43349,173,,0.000175747,,,,,,,,,,,,,,,,,,,,,,,,,,,,,,,,,,,,,,,,,,
43399,173,,0.000175747,,,,,,,,,,,,,,,,,,,,,,,,,,,,,,,,,,,,,,,,,,
43449,173,,0.000175747,,,,,,,,,,,,,,,,,,,,,,,,,,,,,,,,,,,,,,,,,,
43499,173,173,0.000175747,1.7668,0,0.41166,0.0272736,1.95856e-05,0.123192,0.00444759,0.00280182,0.00276255,0.00800427,1.42447e-05,0.00280046,0.00284927,0,0.0526556,0.0799291,0,5.39422,9.42624,1.29554,0.0964905,0.0782963,0.198952,0.192835,0.0817633,0.0949479,0.0631224,0.0425254,0.00314026,0.0257512,0.0799252,0,0.147267,0,5.53529,16.2638,2.42178,0.322978,0,0,0.378046,0
43549,174,,0.00017399,,,,,,,,,,,,,,,,,,,,,,,,,,,,,,,,,,,,,,,,,,
43599,174,,0.00017399,,,,,,,,,,,,,,,,,,,,,,,,,,,,,,,,,,,,,,,,,,
43649,174,,0.00017399,,,,,,,,,,,,,,,,,,,,,,,,,,,,,,,,,,,,,,,,,,
43699,174,,0.00017399,,,,,,,,,,,,,,,,,,,,,,,,,,,,,,,,,,,,,,,,,,
43749,174,174,0.00017399,1.70013,0,0.414993,0.0262042,1.91124e-05,0.122807,0.0043434,0.00270743,0.00265869,0.0076172,1.39676e-05,0.00269316,0.00274625,0,0.0534156,0.0796197,0,5.41582,9.12308,1.28075,0.0949541,0.0780647,0.199083,0.193639,0.0810472,0.0936299,0.0635104,0.0425048,0.0027566,0.0254454,0.0790311,0,0.14198,0,5.52294,16.2089,2.41912,0.321693,0,0,0.375025,0
43799,175,,0.00017225,,,,,,,,,,,,,,,,,,,,,,,,,,,,,,,,,,,,,,,,,,
43849,175,,0.00017225,,,,,,,,,,,,,,,,,,,,,,,,,,,,,,,,,,,,,,,,,,
43899,175,,0.00017225,,,,,,,,,,,,,,,,,,,,,,,,,,,,,,,,,,,,,,,,,,
43949,175,,0.00017225,,,,,,,,,,,,,,,,,,,,,,,,,,,,,,,,,,,,,,,,,,
43999,175,175,0.00017225,1.63347,0,0.418327,0.0247142,1.89277e-05,0.126058,0.00432771,0.00260142,0.00254979,0.00773993,1.36846e-05,0.00258727,0.00263384,0,0.0529749,0.0776891,0,5.39157,9.14656,1.28519,0.0955745,0.0783743,0.199312,0.192553,0.0818277,0.0933961,0.0656185,0.0425713,0.00281391,0.0257793,0.0798715,0,0.14314,0,5.45651,16.2427,2.41695,0.321136,0,0,0.373164,0
44049,176,,0.000170527,,,,,,,,,,,,,,,,,,,,,,,,,,,,,,,,,,,,,,,,,,
44099,176,,0.000170527,,,,,,,,,,,,,,,,,,,,,,,,,,,,,,,,,,,,,,,,,,
44149,176,,0.000170527,,,,,,,,,,,,,,,,,,,,,,,,,,,,,,,,,,,,,,,,,,
44199,176,,0.000170527,,,,,,,,,,,,,,,,,,,,,,,,,,,,,,,,,,,,,,,,,,
44249,176,176,0.000170527,1.5668,0,0.42166,0.0237839,1.89559e-05,0.127191,0.00419619,0.00250047,0.00243973,0.00759958,1.34522e-05,0.00248551,0.00253931,0,0.0529758,0.0767597,0,5.40766,9.28053,1.28918,0.0953539,0.0787405,0.199691,0.194192,0.0815798,0.0932773,0.0668422,0.0426101,0.00295146,0.0256452,0.0806161,0,0.143346,0,5.47595,16.2656,2.43036,0.320289,0,0,0.371154,0
44299,177,,0.000168822,,,,,,,,,,,,,,,,,,,,,,,,,,,,,,,,,,,,,,,,,,
44349,177,,0.000168822,,,,,,,,,,,,,,,,,,,,,,,,,,,,,,,,,,,,,,,,,,
44399,177,,0.000168822,,,,,,,,,,,,,,,,,,,,,,,,,,,,,,,,,,,,,,,,,,
44449,177,,0.000168822,,,,,,,,,,,,,,,,,,,,,,,,,,,,,,,,,,,,,,,,,,
44499,177,177,0.000168822,1.50013,0,0.424993,0.0231614,1.87979e-05,0.130431,0.00414846,0.00239585,0.00233848,0.00751633,1.32272e-05,0.0023808,0.00243963,0,0.0531918,0.0763531,0,5.40399,9.40461,1.28754,0.0945117,0.0785298,0.199139,0.194038,0.0822924,0.0943132,0.0639498,0.0427986,0.00302945,0.025985,0.0797528,0,0.145447,0,5.48417,16.2799,2.41161,0.322037,0,0,0.376369,0
44549,178,,0.000167134,,,,,,,,,,,,,,,,,,,,,,,,,,,,,,,,,,,,,,,,,,
44599,178,,0.000167134,,,,,,,,,,,,,,,,,,,,,,,,,,,,,,,,,,,,,,,,,,
44649,178,,0.000167134,,,,,,,,,,,,,,,,,,,,,,,,,,,,,,,,,,,,,,,,,,
44699,178,,0.000167134,,,,,,,,,,,,,,,,,,,,,,,,,,,,,,,,,,,,,,,,,,
44749,178,178,0.000167134,1.43347,0,0.428327,0.0218199,1.84694e-05,0.130156,0.0040579,0.00228647,0.00223051,0.00761018,1.29393e-05,0.00227379,0.0023389,0,0.0533996,0.0752195,0,5.3805,9.29493,1.27895,0.0949963,0.0783144,0.19937,0.193527,0.0818848,0.0944759,0.0629577,0.0426313,0.00300034,0.0257652,0.0795317,0,0.145399,0,5.52927,16.2087,2.41624,0.323203,0,0,0.375811,0
44799,179,,0.000165463,,,,,,,,,,,,,,,,,,,,,,,,,,,,,,,,,,,,,,,,,,
44849,179,,0.000165463,,,,,,,,,,,,,,,,,,,,,,,,,,,,,,,,,,,,,,,,,,
44899,179,,0.000165463,,,,,,,,,,,,,,,,,,,,,,,,,,,,,,,,,,,,,,,,,,
44949,179,,0.000165463,,,,,,,,,,,,,,,,,,,,,,,,,,,,,,,,,,,,,,,,,,
44999,179,179,0.000165463,1.3668,0,0.43166,0.0208269,1.79547e-05,0.127577,0.00399015,0.00218509,0.00212628,0.00729169,1.24919e-05,0.00216725,0.00223088,0,0.0549744,0.0758014,0,5.49895,9.68075,1.29866,0.0973449,0.0787135,0.200118,0.193916,0.081356,0.0953002,0.0654571,0.0425169,0.00325181,0.0257758,0.0794436,0,0.149582,0,5.52084,16.224,2.41795,0.320327,0,0,0.369825,0
45049,180,,0.000163808,,,,,,,,,,,,,,,,,,,,,,,,,,,,,,,,,,,,,,,,,,
45099,180,,0.000163808,,,,,,,,,,,,,,,,,,,,,,,,,,,,,,,,,,,,,,,,,,
45149,180,,0.000163808,,,,,,,,,,,,,,,,,,,,,,,,,,,,,,,,,,,,,,,,,,
45199,180,,0.000163808,,,,,,,,,,,,,,,,,,,,,,,,,,,,,,,,,,,,,,,,,,
45249,180,180,0.000163808,1.30013,0,0.434993,0.0203358,1.80437e-05,0.129466,0.00393094,0.00209529,0.00201607,0.00727676,1.23525e-05,0.00207095,0.00213525,0,0.054773,0.0751087,0,5.45241,9.34906,1.28733,0.0958731,0.0785499,0.199655,0.193862,0.0815053,0.0944598,0.0638655,0.0433338,0.00300289,0.0261814,0.0796331,0,0.145896,0,5.51882,16.2061,2.41617,0.321296,0,0,0.371945,0
45299,181,,0.00016217,,,,,,,,,,,,,,,,,,,,,,,,,,,,,,,,,,,,,,,,,,
45349,181,,0.00016217,,,,,,,,,,,,,,,,,,,,,,,,,,,,,,,,,,,,,,,,,,
45399,181,,0.00016217,,,,,,,,,,,,,,,,,,,,,,,,,,,,,,,,,,,,,,,,,,
45449,181,,0.00016217,,,,,,,,,,,,,,,,,,,,,,,,,,,,,,,,,,,,,,,,,,
45499,181,181,0.00016217,1.23347,0,0.438327,0.01914,1.77413e-05,0.134347,0.00387069,0.00197795,0.00191023,0.00739398,1.20124e-05,0.00195768,0.00202929,0,0.0542889,0.0734289,0,5.40955,9.35092,1.28961,0.0951943,0.0785272,0.199509,0.193499,0.0820703,0.09496,0.0639104,0.0424814,0.00310043,0.0259498,0.0797917,0,0.144399,0,5.43946,16.2195,2.41882,0.321745,0,0,0.371537,0
45549,182,,0.000160548,,,,,,,,,,,,,,,,,,,,,,,,,,,,,,,,,,,,,,,,,,
45599,182,,0.000160548,,,,,,,,,,,,,,,,,,,,,,,,,,,,,,,,,,,,,,,,,,
45649,182,,0.000160548,,,,,,,,,,,,,,,,,,,,,,,,,,,,,,,,,,,,,,,,,,
45699,182,,0.000160548,,,,,,,,,,,,,,,,,,,,,,,,,,,,,,,,,,,,,,,,,,
45749,182,182,0.000160548,1.1668,0,0.44166,0.0181134,1.75594e-05,0.130183,0.00375317,0.00188135,0.00180662,0.00706202,1.16424e-05,0.00186119,0.00193101,0,0.0560789,0.0741923,0,5.42014,9.19643,1.28494,0.0963301,0.0785872,0.198992,0.193445,0.0820631,0.0942667,0.0657725,0.043454,0.00289202,0.0256781,0.0793082,0,0.14365,0,5.44799,16.1271,2.40793,0.315936,0,0,0.366614,0
45799,183,,0.000158943,,,,,,,,,,,,,,,,,,,,,,,,,,,,,,,,,,,,,,,,,,
45849,183,,0.000158943,,,,,,,,,,,,,,,,,,,,,,,,,,,,,,,,,,,,,,,,,,
45899,183,,0.000158943,,,,,,,,,,,,,,,,,,,,,,,,,,,,,,,,,,,,,,,,,,
45949,183,,0.000158943,,,,,,,,,,,,,,,,,,,,,,,,,,,,,,,,,,,,,,,,,,
45999,183,183,0.000158943,1.10013,0,0.444993,0.0172596,1.74117e-05,0.135338,0.00381535,0.00178729,0.00169956,0.00710442,1.15486e-05,0.00175851,0.00183091,0,0.0546312,0.0718908,0,5.48092,9.37072,1.29214,0.0944948,0.0783466,0.19777,0.193883,0.0820916,0.0946986,0.0640349,0.042573,0.0030481,0.0258094,0.0795571,0,0.144995,0,5.49746,16.2507,2.41797,0.321287,0,0,0.372748,0
46049,184,,0.000157353,,,,,,,,,,,,,,,,,,,,,,,,,,,,,,,,,,,,,,,,,,
46099,184,,0.000157353,,,,,,,,,,,,,,,,,,,,,,,,,,,,,,,,,,,,,,,,,,
46149,184,,0.000157353,,,,,,,,,,,,,,,,,,,,,,,,,,,,,,,,,,,,,,,,,,
46199,184,,0.000157353,,,,,,,,,,,,,,,,,,,,,,,,,,,,,,,,,,,,,,,,,,
46249,184,184,0.000157353,1.03347,0,0.448327,0.0164864,1.70316e-05,0.134515,0.00359404,0.00167357,0.00159396,0.00682926,1.1147e-05,0.00164803,0.00172686,0,0.0557722,0.0722586,0,5.43394,9.50853,1.29893,0.0973802,0.0783906,0.198258,0.193598,0.0812223,0.094466,0.0651884,0.0429326,0.00335843,0.0255899,0.0792924,0,0.149414,0,5.47337,16.1338,2.40238,0.316824,0,0,0.36834,0
46299,185,,0.00015578,,,,,,,,,,,,,,,,,,,,,,,,,,,,,,,,,,,,,,,,,,
46349,185,,0.00015578,,,,,,,,,,,,,,,,,,,,,,,,,,,,,,,,,,,,,,,,,,
46399,185,,0.00015578,,,,,,,,,,,,,,,,,,,,,,,,,,,,,,,,,,,,,,,,,,
46449,185,,0.00015578,,,,,,,,,,,,,,,,,,,,,,,,,,,,,,,,,,,,,,,,,,
46499,185,185,0.00015578,0.9668,0,0.45166,0.0154353,1.69383e-05,0.133594,0.0035981,0.00157086,0.00149021,0.0068436,1.08764e-05,0.00154974,0.00163285,0,0.0565149,0.0719502,0,5.39725,9.14133,1.28045,0.0938931,0.0782252,0.198519,0.193043,0.0820598,0.0935242,0.064527,0.0425829,0.00280962,0.025748,0.0794389,0,0.142284,0,5.49239,16.1821,2.41005,0.317332,0,0,0.367715,0
46549,186,,0.000154222,,,,,,,,,,,,,,,,,,,,,,,,,,,,,,,,,,,,,,,,,,
46599,186,,0.000154222,,,,,,,,,,,,,,,,,,,,,,,,,,,,,,,,,,,,,,,,,,
46649,186,,0.000154222,,,,,,,,,,,,,,,,,,,,,,,,,,,,,,,,,,,,,,,,,,
46699,186,,0.000154222,,,,,,,,,,,,,,,,,,,,,,,,,,,,,,,,,,,,,,,,,,
46749,186,186,0.000154222,0.900133,0,0.454993,0.0142296,1.67491e-05,0.135231,0.00356518,0.00147814,0.0013807,0.00672701,1.05617e-05,0.00143756,0.00152635,0,0.0558575,0.070087,0,5.39907,9.14594,1.28079,0.0933436,0.0782621,0.198242,0.192905,0.0818996,0.0947066,0.0643668,0.0423971,0.00285551,0.0258769,0.0793718,0,0.141604,0,5.42114,16.1771,2.40569,0.317233,0,0,0.368085,0
46799,187,,0.00015268,,,,,,,,,,,,,,,,,,,,,,,,,,,,,,,,,,,,,,,,,,
46849,187,,0.00015268,,,,,,,,,,,,,,,,,,,,,,,,,,,,,,,,,,,,,,,,,,
46899,187,,0.00015268,,,,,,,,,,,,,,,,,,,,,,,,,,,,,,,,,,,,,,,,,,
46949,187,,0.00015268,,,,,,,,,,,,,,,,,,,,,,,,,,,,,,,,,,,,,,,,,,
46999,187,187,0.00015268,0.833467,0,0.458327,0.0134345,1.66755e-05,0.140036,0.0034673,0.00137623,0.0012712,0.00673058,1.04656e-05,0.00134606,0.00143409,0,0.0557453,0.0691798,0,5.47627,9.11864,1.28005,0.0937683,0.0783948,0.199209,0.193354,0.0816628,0.0934407,0.0665624,0.0427099,0.00281071,0.0254551,0.0787431,0,0.141725,0,5.45591,16.1227,2.40981,0.315816,0,0,0.362954,0
47049,188,,0.000151153,,,,,,,,,,,,,,,,,,,,,,,,,,,,,,,,,,,,,,,,,,
47099,188,,0.000151153,,,,,,,,,,,,,,,,,,,,,,,,,,,,,,,,,,,,,,,,,,
47149,188,,0.000151153,,,,,,,,,,,,,,,,,,,,,,,,,,,,,,,,,,,,,,,,,,
47199,188,,0.000151153,,,,,,,,,,,,,,,,,,,,,,,,,,,,,,,,,,,,,,,,,,
47249,188,188,0.000151153,0.7668,0,0.46166,0.0123429,1.64591e-05,0.139398,0.00337653,0.00128038,0.00116747,0.00658003,1.01391e-05,0.00123618,0.00133054,0,0.0566033,0.0689462,0,5.43317,9.08142,1.27725,0.0955446,0.0788431,0.199282,0.194153,0.0825425,0.0939084,0.067753,0.0426303,0.00271511,0.0260024,0.0794448,0,0.140207,0,5.44037,16.1546,2.40899,0.314691,0,0,0.363311,0
47299,189,,0.000149641,,,,,,,,,,,,,,,,,,,,,,,,,,,,,,,,,,,,,,,,,,
47349,189,,0.000149641,,,,,,,,,,,,,,,,,,,,,,,,,,,,,,,,,,,,,,,,,,
47399,189,,0.000149641,,,,,,,,,,,,,,,,,,,,,,,,,,,,,,,,,,,,,,,,,,
47449,189,,0.000149641,,,,,,,,,,,,,,,,,,,,,,,,,,,,,,,,,,,,,,,,,,
47499,189,189,0.000149641,0.700133,0,0.464993,0.0116655,1.62413e-05,0.138832,0.00334656,0.0011747,0.00105831,0.0065069,9.89212e-06,0.00113127,0.00123393,0,0.0571426,0.0688081,0,5.47221,9.13786,1.29051,0.09429,0.078882,0.199149,0.193548,0.0828065,0.093973,0.0676002,0.0428731,0.00282437,0.0260249,0.0800216,0,0.139549,0,5.42656,16.0861,2.40275,0.31092,0,0,0.36029,0
47549,190,,0.000148145,,,,,,,,,,,,,,,,,,,,,,,,,,,,,,,,,,,,,,,,,,
47599,190,,0.000148145,,,,,,,,,,,,,,,,,,,,,,,,,,,,,,,,,,,,,,,,,,
47649,190,,0.000148145,,,,,,,,,,,,,,,,,,,,,,,,,,,,,,,,,,,,,,,,,,
47699,190,,0.000148145,,,,,,,,,,,,,,,,,,,,,,,,,,,,,,,,,,,,,,,,,,
47749,190,190,0.000148145,0.633467,0,0.468327,0.0106944,1.60285e-05,0.138529,0.00324769,0.00107225,0.000959384,0.00626483,9.61192e-06,0.00102894,0.00113,0,0.0580108,0.0687052,0,5.48324,9.45361,1.29226,0.0939317,0.078473,0.200297,0.19382,0.0819202,0.0942272,0.0640238,0.0429476,0.00305416,0.0257666,0.0786734,0,0.144888,0,5.47633,16.0962,2.40036,0.313082,0,0,0.363255,0
47799,191,,0.000146664,,,,,,,,,,,,,,,,,,,,,,,,,,,,,,,,,,,,,,,,,,
47849,191,,0.000146664,,,,,,,,,,,,,,,,,,,,,,,,,,,,,,,,,,,,,,,,,,
47899,191,,0.000146664,,,,,,,,,,,,,,,,,,,,,,,,,,,,,,,,,,,,,,,,,,
47949,191,,0.000146664,,,,,,,,,,,,,,,,,,,,,,,,,,,,,,,,,,,,,,,,,,
47999,191,191,0.000146664,0.5668,0,0.47166,0.00984967,1.5951e-05,0.139712,0.00320917,0.000979375,0.000845529,0.00613469,9.39298e-06,0.000929083,0.00104758,0,0.0579752,0.0678249,0,5.46714,9.19851,1.2865,0.095953,0.0790471,0.19792,0.194287,0.0815585,0.0962884,0.0686325,0.0432139,0.00283218,0.0257056,0.0800334,0,0.140983,0,5.4387,16.1236,2.40031,0.312256,0,0,0.358494,0
48049,192,,0.000145197,,,,,,,,,,,,,,,,,,,,,,,,,,,,,,,,,,,,,,,,,,
48099,192,,0.000145197,,,,,,,,,,,,,,,,,,,,,,,,,,,,,,,,,,,,,,,,,,
48149,192,,0.000145197,,,,,,,,,,,,,,,,,,,,,,,,,,,,,,,,,,,,,,,,,,
48199,192,,0.000145197,,,,,,,,,,,,,,,,,,,,,,,,,,,,,,,,,,,,,,,,,,
48249,192,192,0.000145197,0.500133,0,0.474993,0.00884255,1.59281e-05,0.14212,0.00314908,0.000878022,0.000751822,0.00603044,9.22785e-06,0.000825109,0.000955566,0,0.0575981,0.0664406,0,5.44091,9.67406,1.29594,0.0940342,0.0789389,0.199622,0.195184,0.0827376,0.0946159,0.0650221,0.0431791,0.00335264,0.0261796,0.079496,0,0.151373,0,5.43146,16.2058,2.39849,0.314565,0,0,0.366249,0
48299,193,,0.000143745,,,,,,,,,,,,,,,,,,,,,,,,,,,,,,,,,,,,,,,,,,
48349,193,,0.000143745,,,,,,,,,,,,,,,,,,,,,,,,,,,,,,,,,,,,,,,,,,
48399,193,,0.000143745,,,,,,,,,,,,,,,,,,,,,,,,,,,,,,,,,,,,,,,,,,
48449,193,,0.000143745,,,,,,,,,,,,,,,,,,,,,,,,,,,,,,,,,,,,,,,,,,
48499,193,193,0.000143745,0.433467,0,0.478327,0.00851166,1.57709e-05,0.141521,0.00308742,0.000779397,0.000655826,0.00561707,8.87086e-06,0.000735507,0.000860184,0,0.0588865,0.0673982,0,5.42799,9.13961,1.2828,0.0945966,0.0789908,0.199193,0.1945,0.0817699,0.0946692,0.0674161,0.0435611,0.00286049,0.0261597,0.0797778,0,0.141363,0,5.47031,16.1426,2.40986,0.312989,0,0,0.360235,0
48549,194,,0.000142307,,,,,,,,,,,,,,,,,,,,,,,,,,,,,,,,,,,,,,,,,,
48599,194,,0.000142307,,,,,,,,,,,,,,,,,,,,,,,,,,,,,,,,,,,,,,,,,,
48649,194,,0.000142307,,,,,,,,,,,,,,,,,,,,,,,,,,,,,,,,,,,,,,,,,,
48699,194,,0.000142307,,,,,,,,,,,,,,,,,,,,,,,,,,,,,,,,,,,,,,,,,,
48749,194,194,0.000142307,0.3668,0,0.48166,0.00701683,1.57251e-05,0.14383,0.00299664,0.000684266,0.000559331,0.00574989,8.76859e-06,0.00062862,0.000778297,0,0.0581276,0.0651445,0,5.38863,8.92758,1.27527,0.0916503,0.0791037,0.199653,0.19513,0.0833638,0.0954724,0.0653222,0.0439536,0.00262097,0.0261102,0.0794112,0,0.136218,0,5.43154,16.1548,2.41966,0.313394,0,0,0.363134,0
48799,195,,0.000140884,,,,,,,,,,,,,,,,,,,,,,,,,,,,,,,,,,,,,,,,,,
48849,195,,0.000140884,,,,,,,,,,,,,,,,,,,,,,,,,,,,,,,,,,,,,,,,,,
48899,195,,0.000140884,,,,,,,,,,,,,,,,,,,,,,,,,,,,,,,,,,,,,,,,,,
48949,195,,0.000140884,,,,,,,,,,,,,,,,,,,,,,,,,,,,,,,,,,,,,,,,,,
48999,195,195,0.000140884,0.300133,0,0.484993,0.00596395,1.56824e-05,0.149483,0.00284659,0.000585454,0.000462524,0.00548591,8.56959e-06,0.000539694,0.000689088,0,0.0577333,0.0636972,0,5.40816,8.97403,1.28179,0.091969,0.0793508,0.198999,0.195296,0.0851311,0.094994,0.0672651,0.0430142,0.00261321,0.0263537,0.0798423,0,0.137026,0,5.4146,16.1264,2.41072,0.308863,0,0,0.356855,0
49049,196,,0.000139476,,,,,,,,,,,,,,,,,,,,,,,,,,,,,,,,,,,,,,,,,,
49099,196,,0.000139476,,,,,,,,,,,,,,,,,,,,,,,,,,,,,,,,,,,,,,,,,,
49149,196,,0.000139476,,,,,,,,,,,,,,,,,,,,,,,,,,,,,,,,,,,,,,,,,,
49199,196,,0.000139476,,,,,,,,,,,,,,,,,,,,,,,,,,,,,,,,,,,,,,,,,,
49249,196,196,0.000139476,0.233467,0,0.488327,0.00488778,1.54991e-05,0.143552,0.00270366,0.000485636,0.000380637,0.00509605,8.37801e-06,0.000440994,0.00060458,0,0.0588706,0.0637585,0,5.43347,9.11646,1.287,0.0924969,0.08061,0.200492,0.196977,0.0895233,0.0963702,0.0695626,0.0436888,0.00266908,0.0266721,0.0801452,0,0.136473,0,5.42711,16.0496,2.39592,0.309125,0,0,0.355291,0
49299,197,,0.000138081,,,,,,,,,,,,,,,,,,,,,,,,,,,,,,,,,,,,,,,,,,
49349,197,,0.000138081,,,,,,,,,,,,,,,,,,,,,,,,,,,,,,,,,,,,,,,,,,
49399,197,,0.000138081,,,,,,,,,,,,,,,,,,,,,,,,,,,,,,,,,,,,,,,,,,
49449,197,,0.000138081,,,,,,,,,,,,,,,,,,,,,,,,,,,,,,,,,,,,,,,,,,
49499,197,197,0.000138081,0.1668,0,0.49166,0.0038134,1.55252e-05,0.149458,0.00249999,0.000395466,0.000317565,0.00511137,8.13767e-06,0.000355559,0.00053385,0,0.058241,0.0620544,0,5.48773,9.39466,1.29768,0.0897856,0.0819597,0.201605,0.196457,0.104869,0.0940238,0.0679453,0.0443428,0.00320923,0.0267993,0.080346,0,0.141377,0,5.39996,16.1299,2.41195,0.311412,0,0,0.356946,0
49549,198,,0.0001367,,,,,,,,,,,,,,,,,,,,,,,,,,,,,,,,,,,,,,,,,,
49599,198,,0.0001367,,,,,,,,,,,,,,,,,,,,,,,,,,,,,,,,,,,,,,,,,,
49649,198,,0.0001367,,,,,,,,,,,,,,,,,,,,,,,,,,,,,,,,,,,,,,,,,,
49699,198,,0.0001367,,,,,,,,,,,,,,,,,,,,,,,,,,,,,,,,,,,,,,,,,,
49749,198,198,0.0001367,0.100133,0,0.494993,0.00267437,1.55397e-05,0.14749,0.00225916,0.000294247,0.000270063,0.00443863,7.98357e-06,0.000284334,0.000468673,0,0.0590887,0.0617631,0,5.38119,8.90202,1.24821,0.0866771,0.0849719,0.20486,0.19761,0.12641,0.0959631,0.0708086,0.0440968,0.00269801,0.0273053,0.0799665,0,0.133287,0,5.37842,15.9411,2.36292,0.301987,0,0,0.34944,0
49799,199,,0.000135333,,,,,,,,,,,,,,,,,,,,,,,,,,,,,,,,,,,,,,,,,,
49849,199,,0.000135333,,,,,,,,,,,,,,,,,,,,,,,,,,,,,,,,,,,,,,,,,,
49899,199,,0.000135333,,,,,,,,,,,,,,,,,,,,,,,,,,,,,,,,,,,,,,,,,,
49949,199,,0.000135333,,,,,,,,,,,,,,,,,,,,,,,,,,,,,,,,,,,,,,,,,,
49999,199,199,0.000135333,0.0334667,0,0.498327,0.00111975,1.59019e-05,0.152249,0.0017996,0.000192705,0.000250806,0.00371131,7.91936e-06,0.000236902,0.000437517,0,0.0578281,0.0589479,0,5.55365,9.43774,1.28873,0.0845456,0.093314,0.205371,0.195819,0.202962,0.0945674,0.0767284,0.0450911,0.00326951,0.0272639,0.0820669,0,0.133682,0,5.43467,15.8703,2.37385,0.297014,0,0,0.344054,0
