step,epoch,epoch,lr-Adam,lw/param_w,lw/perc_w,lw/sw_w,train/param_grad/AMP_0,train/param_grad/AMP_1,train/param_grad/CUTOFF_0,train/param_grad/MULT_0,train/param_grad/M_OSC_0,train/param_grad/M_OSC_1,train/param_grad/Q_FILT_0,train/total,val_id/loud,val_id/lsd,val_id/mfcc,val_id/mfcc03,val_id/mfccdb,val_id/param,val_id/param_group/harmor_amplitudes,val_id/param_group/harmor_cutoff,val_id/param_group/harmor_f0_mult,val_id/param_group/harmor_osc_mix,val_id/param_group/harmor_q,val_id/perc,val_id/spec,val_id/wave,val_ood/lsd
0,0,,,,,,,,,,,,,,,40,,,,,,,,,,,,,40
49,0,,0.001,,,,,,,,,,,,,,,,,,,,,,,,,,
99,0,,0.001,,,,,,,,,,,,,,,,,,,,,,,,,,
149,0,,0.001,,,,,,,,,,,,,,,,,,,,,,,,,,
199,0,,0.001,,,,,,,,,,,,,,,,,,,,,,,,,,
249,0,0,0.001,10,0,0,5.05872e-05,5.07457e-05,9.89534e-05,0.0260416,0.0130208,0.0130208,0.0260416,1.16323,5.54744,12.8849,1.47102,0.280944,8.95561,0.100716,0.0977323,0.053924,0.0593904,0.239263,0.153986,0,5.85278,0,
299,1,,0.00099,,,,,,,,,,,,,,,,,,,,,,,,,,
349,1,,0.00099,,,,,,,,,,,,,,,,,,,,,,,,,,
399,1,,0.00099,,,,,,,,,,,,,,,,,,,,,,,,,,
449,1,,0.00099,,,,,,,,,,,,,,,,,,,,,,,,,,
499,1,1,0.00099,10,0,0,5.03438e-05,5.05484e-05,9.7589e-05,0.0260416,0.0130208,0.0130208,0.0260416,0.926646,5.53278,13.418,1.41772,0.233337,8.04534,0.0865418,0.083785,0.0477582,0.0410363,0.219518,0.127153,0,6.60218,0,
549,2,,0.0009801,,,,,,,,,,,,,,,,,,,,,,,,,,
599,2,,0.0009801,,,,,,,,,,,,,,,,,,,,,,,,,,
649,2,,0.0009801,,,,,,,,,,,,,,,,,,,,,,,,,,
699,2,,0.0009801,,,,,,,,,,,,,,,,,,,,,,,,,,
749,2,2,0.0009801,10,0,0,5.0116e-05,5.03669e-05,9.6474e-05,0.0260416,0.0130208,0.0130208,0.0260416,0.824605,4.93672,12.4623,1.20576,0.187015,6.78458,0.0780398,0.0735817,0.04322,0.0326491,0.203363,0.115425,0,5.90997,0,
799,3,,0.000970299,,,,,,,,,,,,,,,,,,,,,,,,,,
849,3,,0.000970299,,,,,,,,,,,,,,,,,,,,,,,,,,
899,3,,0.000970299,,,,,,,,,,,,,,,,,,,,,,,,,,
949,3,,0.000970299,,,,,,,,,,,,,,,,,,,,,,,,,,
999,3,3,0.000970299,10,0,0,4.98909e-05,5.02184e-05,9.6226e-05,0.0260416,0.0130208,0.0130208,0.0260416,0.759688,5.35217,12.7968,1.28688,0.2306,7.24932,0.0759535,0.080687,0.0454747,0.0301764,0.190856,0.108526,0,6.22501,0,
1049,4,,0.000960596,,,,,,,,,,,,,,,,,,,,,,,,,,
1099,4,,0.000960596,,,,,,,,,,,,,,,,,,,,,,,,,,
1149,4,,0.000960596,,,,,,,,,,,,,,,,,,,,,,,,,,
1199,4,,0.000960596,,,,,,,,,,,,,,,,,,,,,,,,,,
1249,4,4,0.000960596,10,0,0,4.97383e-05,5.01386e-05,9.62472e-05,0.0260416,0.0130208,0.0130208,0.0260416,0.701218,4.79218,11.6445,1.12937,0.171781,6.2271,0.0695978,0.0649616,0.0445826,0.0258535,0.174485,0.107703,0,4.76564,0,
1299,5,,0.00095099,,,,,,,,,,,,,,,,,,,,,,,,,,
1349,5,,0.00095099,,,,,,,,,,,,,,,,,,,,,,,,,,
1399,5,,0.00095099,,,,,,,,,,,,,,,,,,,,,,,,,,
1449,5,,0.00095099,,,,,,,,,,,,,,,,,,,,,,,,,,
1499,5,5,0.00095099,10,0,0,4.96259e-05,4.99665e-05,9.57685e-05,0.0260416,0.0130208,0.0130208,0.0260416,0.660846,4.85111,11.5751,1.106,0.172376,5.98229,0.0695045,0.0700128,0.0415835,0.023965,0.182468,0.0989973,0,4.66159,0,
1549,6,,0.00094148,,,,,,,,,,,,,,,,,,,,,,,,,,
1599,6,,0.00094148,,,,,,,,,,,,,,,,,,,,,,,,,,
1649,6,,0.00094148,,,,,,,,,,,,,,,,,,,,,,,,,,
1699,6,,0.00094148,,,,,,,,,,,,,,,,,,,,,,,,,,
1749,6,6,0.00094148,10,0,0,4.95406e-05,4.98904e-05,9.53516e-05,0.0260416,0.0130208,0.0130208,0.0260416,0.629014,4.5229,11.6134,1.05142,0.155222,5.51378,0.0643491,0.0640584,0.0388648,0.0232809,0.156734,0.103157,0,5.28449,0,
1799,7,,0.000932065,,,,,,,,,,,,,,,,,,,,,,,,,,
1849,7,,0.000932065,,,,,,,,,,,,,,,,,,,,,,,,,,
1899,7,,0.000932065,,,,,,,,,,,,,,,,,,,,,,,,,,
1949,7,,0.000932065,,,,,,,,,,,,,,,,,,,,,,,,,,
1999,7,7,0.000932065,10,0,0,4.93959e-05,4.97876e-05,9.52957e-05,0.0260416,0.0130208,0.0130208,0.0260416,0.593697,4.7176,11.7851,1.08005,0.152039,5.53566,0.0629172,0.0618917,0.0391422,0.0214494,0.152946,0.102074,0,5.33327,0,
2049,8,,0.000922745,,,,,,,,,,,,,,,,,,,,,,,,,,
2099,8,,0.000922745,,,,,,,,,,,,,,,,,,,,,,,,,,
2149,8,,0.000922745,,,,,,,,,,,,,,,,,,,,,,,,,,
2199,8,,0.000922745,,,,,,,,,,,,,,,,,,,,,,,,,,
2249,8,8,0.000922745,10,0,0,4.93778e-05,4.97094e-05,9.51237e-05,0.0260416,0.0130208,0.0130208,0.0260416,0.570452,4.83188,11.5494,1.04341,0.150106,5.24231,0.0612774,0.0589716,0.0379901,0.0204393,0.150959,0.099304,0,5.09139,0,
2299,9,,0.000913517,,,,,,,,,,,,,,,,,,,,,,,,,,
2349,9,,0.000913517,,,,,,,,,,,,,,,,,,,,,,,,,,
2399,9,,0.000913517,,,,,,,,,,,,,,,,,,,,,,,,,,
2449,9,,0.000913517,,,,,,,,,,,,,,,,,,,,,,,,,,
2499,9,9,0.000913517,10,0,0,4.92436e-05,4.95921e-05,9.48278e-05,0.0260416,0.0130208,0.0130208,0.0260416,0.549258,4.60629,11.5916,1.03802,0.140591,5.14276,0.0582062,0.0581454,0.0370892,0.0197392,0.141668,0.0925948,0,4.80219,0,
2549,10,,0.000904382,,,,,,,,,,,,,,,,,,,,,,,,,,
2599,10,,0.000904382,,,,,,,,,,,,,,,,,,,,,,,,,,
2649,10,,0.000904382,,,,,,,,,,,,,,,,,,,,,,,,,,
2699,10,,0.000904382,,,,,,,,,,,,,,,,,,,,,,,,,,
2749,10,10,0.000904382,10,0,0,4.92553e-05,4.94991e-05,9.47096e-05,0.0260416,0.0130208,0.0130208,0.0260416,0.52689,4.69524,11.4571,1.02461,0.135253,4.99584,0.0553385,0.0588962,0.0369892,0.0174606,0.135274,0.0834108,0,4.94121,0,
2799,11,,0.000895338,,,,,,,,,,,,,,,,,,,,,,,,,,
2849,11,,0.000895338,,,,,,,,,,,,,,,,,,,,,,,,,,
2899,11,,0.000895338,,,,,,,,,,,,,,,,,,,,,,,,,,
2949,11,,0.000895338,,,,,,,,,,,,,,,,,,,,,,,,,,
2999,11,11,0.000895338,10,0,0,4.92094e-05,4.94483e-05,9.43614e-05,0.0260416,0.0130208,0.0130208,0.0260416,0.507726,4.55393,11.0859,0.986884,0.132783,4.7847,0.0567007,0.0552753,0.03531,0.0166966,0.146958,0.0859647,0,4.46226,0,
3049,12,,0.000886385,,,,,,,,,,,,,,,,,,,,,,,,,,
3099,12,,0.000886385,,,,,,,,,,,,,,,,,,,,,,,,,,
3149,12,,0.000886385,,,,,,,,,,,,,,,,,,,,,,,,,,
3199,12,,0.000886385,,,,,,,,,,,,,,,,,,,,,,,,,,
3249,12,12,0.000886385,10,0,0,4.90423e-05,4.94673e-05,9.4598e-05,0.0260416,0.0130208,0.0130208,0.0260416,0.494954,4.54295,10.9421,0.974788,0.122609,4.58003,0.0538553,0.0552179,0.0346234,0.0155056,0.131535,0.08625,0,4.32991,0,
3299,13,,0.000877521,,,,,,,,,,,,,,,,,,,,,,,,,,
3349,13,,0.000877521,,,,,,,,,,,,,,,,,,,,,,,,,,
3399,13,,0.000877521,,,,,,,,,,,,,,,,,,,,,,,,,,
3449,13,,0.000877521,,,,,,,,,,,,,,,,,,,,,,,,,,
3499,13,13,0.000877521,10,0,0,4.8925e-05,4.93696e-05,9.42438e-05,0.0260416,0.0130208,0.0130208,0.0260416,0.484404,4.51271,10.785,0.966915,0.132437,4.57627,0.053105,0.0542218,0.0352272,0.0154694,0.130354,0.0833577,0,4.25564,0,
3549,14,,0.000868746,,,,,,,,,,,,,,,,,,,,,,,,,,
3599,14,,0.000868746,,,,,,,,,,,,,,,,,,,,,,,,,,
3649,14,,0.000868746,,,,,,,,,,,,,,,,,,,,,,,,,,
3699,14,,0.000868746,,,,,,,,,,,,,,,,,,,,,,,,,,
3749,14,14,0.000868746,10,0,0,4.90754e-05,4.93054e-05,9.41714e-05,0.0260416,0.0130208,0.0130208,0.0260416,0.469264,4.95111,10.8695,1.03331,0.158551,5.07241,0.0568097,0.0589303,0.0365743,0.0148778,0.138432,0.0920441,0,4.33798,0,
3799,15,,0.000860058,,,,,,,,,,,,,,,,,,,,,,,,,,
3849,15,,0.000860058,,,,,,,,,,,,,,,,,,,,,,,,,,
3899,15,,0.000860058,,,,,,,,,,,,,,,,,,,,,,,,,,
3949,15,,0.000860058,,,,,,,,,,,,,,,,,,,,,,,,,,
3999,15,15,0.000860058,10,0,0,4.88948e-05,4.91593e-05,9.3942e-05,0.0260416,0.0130208,0.0130208,0.0260416,0.460611,4.5753,10.7118,0.947263,0.133431,4.27867,0.0517007,0.0577186,0.0336882,0.0140138,0.123014,0.0817702,0,5.01996,0,
4049,16,,0.000851458,,,,,,,,,,,,,,,,,,,,,,,,,,
4099,16,,0.000851458,,,,,,,,,,,,,,,,,,,,,,,,,,
4149,16,,0.000851458,,,,,,,,,,,,,,,,,,,,,,,,,,
4199,16,,0.000851458,,,,,,,,,,,,,,,,,,,,,,,,,,
4249,16,16,0.000851458,10,0,0,4.87942e-05,4.91363e-05,9.37657e-05,0.0260416,0.0130208,0.0130208,0.0260416,0.447681,4.39712,10.3122,0.940798,0.133213,4.32859,0.0530509,0.0565609,0.0357803,0.013242,0.13041,0.0823125,0,4.71298,0,
4299,17,,0.000842943,,,,,,,,,,,,,,,,,,,,,,,,,,
4349,17,,0.000842943,,,,,,,,,,,,,,,,,,,,,,,,,,
4399,17,,0.000842943,,,,,,,,,,,,,,,,,,,,,,,,,,
4449,17,,0.000842943,,,,,,,,,,,,,,,,,,,,,,,,,,
4499,17,17,0.000842943,10,0,0,4.86917e-05,4.9081e-05,9.36193e-05,0.0260416,0.0130208,0.0130208,0.0260416,0.435983,4.53098,10.2061,0.944091,0.124403,4.2212,0.0497864,0.0527535,0.0337099,0.012138,0.123672,0.0764454,0,3.89582,0,
4549,18,,0.000834514,,,,,,,,,,,,,,,,,,,,,,,,,,
4599,18,,0.000834514,,,,,,,,,,,,,,,,,,,,,,,,,,
4649,18,,0.000834514,,,,,,,,,,,,,,,,,,,,,,,,,,
4699,18,,0.000834514,,,,,,,,,,,,,,,,,,,,,,,,,,
4749,18,18,0.000834514,10,0,0,4.88173e-05,4.90441e-05,9.38113e-05,0.0260416,0.0130208,0.0130208,0.0260416,0.423196,4.51493,10.251,0.939792,0.116825,4.19265,0.0510679,0.053437,0.0356246,0.0119338,0.125875,0.0795377,0,3.88929,0,
4799,19,,0.000826169,,,,,,,,,,,,,,,,,,,,,,,,,,
4849,19,,0.000826169,,,,,,,,,,,,,,,,,,,,,,,,,,
4899,19,,0.000826169,,,,,,,,,,,,,,,,,,,,,,,,,,
4949,19,,0.000826169,,,,,,,,,,,,,,,,,,,,,,,,,,
4999,19,19,0.000826169,10,0,0,4.86658e-05,4.90166e-05,9.33704e-05,0.0260416,0.0130208,0.0130208,0.0260416,0.413529,4.3283,10.0599,0.920493,0.120837,4.1848,0.051543,0.0511156,0.0362348,0.0117374,0.133593,0.0765769,0,3.923,0,
5049,20,,0.000817907,,,,,,,,,,,,,,,,,,,,,,,,,,
5099,20,,0.000817907,,,,,,,,,,,,,,,,,,,,,,,,,,
5149,20,,0.000817907,,,,,,,,,,,,,,,,,,,,,,,,,,
5199,20,,0.000817907,,,,,,,,,,,,,,,,,,,,,,,,,,
5249,20,20,0.000817907,10,0,0,4.85898e-05,4.89658e-05,9.31797e-05,0.0260416,0.0130208,0.0130208,0.0260416,0.402973,4.464,10.6918,0.935098,0.114365,4.10673,0.0484241,0.0495764,0.0330472,0.012047,0.121275,0.0745991,0,4.04481,0,
5299,21,,0.000809728,,,,,,,,,,,,,,,,,,,,,,,,,,
5349,21,,0.000809728,,,,,,,,,,,,,,,,,,,,,,,,,,
5399,21,,0.000809728,,,,,,,,,,,,,,,,,,,,,,,,,,
5449,21,,0.000809728,,,,,,,,,,,,,,,,,,,,,,,,,,
5499,21,21,0.000809728,10,0,0,4.86038e-05,4.88703e-05,9.31667e-05,0.0260416,0.0130208,0.0130208,0.0260416,0.395613,4.49804,10.5688,0.93535,0.112214,4.12392,0.0482829,0.0513522,0.0321899,0.0123598,0.119169,0.0746261,0,4.01878,0,
5549,22,,0.000801631,,,,,,,,,,,,,,,,,,,,,,,,,,
5599,22,,0.000801631,,,,,,,,,,,,,,,,,,,,,,,,,,
5649,22,,0.000801631,,,,,,,,,,,,,,,,,,,,,,,,,,
5699,22,,0.000801631,,,,,,,,,,,,,,,,,,,,,,,,,,
5749,22,22,0.000801631,10,0,0,4.85037e-05,4.8844e-05,9.28655e-05,0.0260416,0.0130208,0.0130208,0.0260416,0.384027,4.31444,9.95977,0.918921,0.116089,3.96495,0.0495104,0.0523115,0.0346546,0.011284,0.122873,0.0759393,0,4.17868,0,
5799,23,,0.000793614,,,,,,,,,,,,,,,,,,,,,,,,,,
5849,23,,0.000793614,,,,,,,,,,,,,,,,,,,,,,,,,,
5899,23,,0.000793614,,,,,,,,,,,,,,,,,,,,,,,,,,
5949,23,,0.000793614,,,,,,,,,,,,,,,,,,,,,,,,,,
5999,23,23,0.000793614,10,0,0,4.86313e-05,4.87546e-05,9.3046e-05,0.0260416,0.0130208,0.0130208,0.0260416,0.377954,4.58601,9.64003,0.930708,0.121781,4.17519,0.0481367,0.0520813,0.0331641,0.0101697,0.11613,0.077275,0,3.63728,0,
6049,24,,0.000785678,,,,,,,,,,,,,,,,,,,,,,,,,,
6099,24,,0.000785678,,,,,,,,,,,,,,,,,,,,,,,,,,
6149,24,,0.000785678,,,,,,,,,,,,,,,,,,,,,,,,,,
6199,24,,0.000785678,,,,,,,,,,,,,,,,,,,,,,,,,,
6249,24,24,0.000785678,10,0,0,4.83994e-05,4.88468e-05,9.26207e-05,0.0260416,0.0130208,0.0130208,0.0260416,0.367547,4.59715,9.32058,0.927009,0.131971,4.15916,0.0483367,0.0547226,0.0331329,0.00994881,0.117673,0.0745422,0,3.55198,0,
6299,25,,0.000777821,,,,,,,,,,,,,,,,,,,,,,,,,,
6349,25,,0.000777821,,,,,,,,,,,,,,,,,,,,,,,,,,
6399,25,,0.000777821,,,,,,,,,,,,,,,,,,,,,,,,,,
6449,25,,0.000777821,,,,,,,,,,,,,,,,,,,,,,,,,,
6499,25,25,0.000777821,10,0,0,4.84079e-05,4.8776e-05,9.25783e-05,0.0260416,0.0130208,0.0130208,0.0260416,0.362104,4.29151,9.90231,0.886945,0.109361,3.78403,0.0479029,0.0501502,0.0319256,0.0108042,0.117489,0.0770486,0,3.75464,0,
6549,26,,0.000770043,,,,,,,,,,,,,,,,,,,,,,,,,,
6599,26,,0.000770043,,,,,,,,,,,,,,,,,,,,,,,,,,
6649,26,,0.000770043,,,,,,,,,,,,,,,,,,,,,,,,,,
6699,26,,0.000770043,,,,,,,,,,,,,,,,,,,,,,,,,,
6749,26,26,0.000770043,10,0,0,4.83874e-05,4.87388e-05,9.26118e-05,0.0260416,0.0130208,0.0130208,0.0260416,0.359656,4.35367,9.36679,0.894536,0.105632,3.80457,0.0473933,0.0495508,0.0319179,0.00962456,0.116493,0.0767735,0,3.50829,0,
6799,27,,0.000762343,,,,,,,,,,,,,,,,,,,,,,,,,,
6849,27,,0.000762343,,,,,,,,,,,,,,,,,,,,,,,,,,
6899,27,,0.000762343,,,,,,,,,,,,,,,,,,,,,,,,,,
6949,27,,0.000762343,,,,,,,,,,,,,,,,,,,,,,,,,,
6999,27,27,0.000762343,10,0,0,4.83292e-05,4.86117e-05,9.26657e-05,0.0260416,0.0130208,0.0130208,0.0260416,0.350564,4.23498,9.31019,0.872221,0.11203,3.74705,0.0460427,0.0489891,0.0316997,0.0100413,0.113472,0.0720544,0,3.50736,0,
7049,28,,0.000754719,,,,,,,,,,,,,,,,,,,,,,,,,,
7099,28,,0.000754719,,,,,,,,,,,,,,,,,,,,,,,,,,
7149,28,,0.000754719,,,,,,,,,,,,,,,,,,,,,,,,,,
7199,28,,0.000754719,,,,,,,,,,,,,,,,,,,,,,,,,,
7249,28,28,0.000754719,10,0,0,4.82043e-05,4.85916e-05,9.23141e-05,0.0260416,0.0130208,0.0130208,0.0260416,0.340111,4.32825,9.7766,0.881671,0.106092,3.7034,0.0466762,0.0480656,0.032339,0.00985864,0.115585,0.074209,0,3.65788,0,
7299,29,,0.000747172,,,,,,,,,,,,,,,,,,,,,,,,,,
7349,29,,0.000747172,,,,,,,,,,,,,,,,,,,,,,,,,,
7399,29,,0.000747172,,,,,,,,,,,,,,,,,,,,,,,,,,
7449,29,,0.000747172,,,,,,,,,,,,,,,,,,,,,,,,,,
7499,29,29,0.000747172,10,0,0,4.82707e-05,4.85701e-05,9.26331e-05,0.0260416,0.0130208,0.0130208,0.0260416,0.334732,4.29243,9.12826,0.880489,0.10845,3.69537,0.0469628,0.0502739,0.0334075,0.00886715,0.114376,0.074852,0,3.89294,0,
7549,30,,0.0007397,,,,,,,,,,,,,,,,,,,,,,,,,,
7599,30,,0.0007397,,,,,,,,,,,,,,,,,,,,,,,,,,
7649,30,,0.0007397,,,,,,,,,,,,,,,,,,,,,,,,,,
7699,30,,0.0007397,,,,,,,,,,,,,,,,,,,,,,,,,,
7749,30,30,0.0007397,10,0,0,4.82453e-05,4.85162e-05,9.2435e-05,0.0260416,0.0130208,0.0130208,0.0260416,0.329285,4.24535,8.93751,0.87166,0.115045,3.69682,0.0477159,0.0490859,0.0317715,0.00892823,0.11431,0.0822001,0,3.29761,0,
7799,31,,0.000732303,,,,,,,,,,,,,,,,,,,,,,,,,,
7849,31,,0.000732303,,,,,,,,,,,,,,,,,,,,,,,,,,
7899,31,,0.000732303,,,,,,,,,,,,,,,,,,,,,,,,,,
7949,31,,0.000732303,,,,,,,,,,,,,,,,,,,,,,,,,,
7999,31,31,0.000732303,10,0,0,4.80961e-05,4.84312e-05,9.21246e-05,0.0260416,0.0130208,0.0130208,0.0260416,0.321917,4.28126,8.71853,0.876227,0.108163,3.76529,0.0460482,0.0457042,0.0350617,0.00841808,0.11223,0.0748754,0,3.18706,0,
8049,32,,0.00072498,,,,,,,,,,,,,,,,,,,,,,,,,,
8099,32,,0.00072498,,,,,,,,,,,,,,,,,,,,,,,,,,
8149,32,,0.00072498,,,,,,,,,,,,,,,,,,,,,,,,,,
8199,32,,0.00072498,,,,,,,,,,,,,,,,,,,,,,,,,,
8249,32,32,0.00072498,10,0,0,4.80901e-05,4.84493e-05,9.20437e-05,0.0260416,0.0130208,0.0130208,0.0260416,0.318717,4.21847,8.66424,0.858164,0.101771,3.50931,0.0475712,0.047397,0.0348227,0.00777489,0.114677,0.0807552,0,3.38852,0,
8299,33,,0.000717731,,,,,,,,,,,,,,,,,,,,,,,,,,
8349,33,,0.000717731,,,,,,,,,,,,,,,,,,,,,,,,,,
8399,33,,0.000717731,,,,,,,,,,,,,,,,,,,,,,,,,,
8449,33,,0.000717731,,,,,,,,,,,,,,,,,,,,,,,,,,
8499,33,33,0.000717731,10,0,0,4.81683e-05,4.8386e-05,9.18444e-05,0.0260416,0.0130208,0.0130208,0.0260416,0.313851,4.54826,9.5457,0.899382,0.111131,3.66032,0.0476025,0.0490021,0.0321397,0.00926239,0.118,0.0772105,0,3.99488,0,
8549,34,,0.000710553,,,,,,,,,,,,,,,,,,,,,,,,,,
8599,34,,0.000710553,,,,,,,,,,,,,,,,,,,,,,,,,,
8649,34,,0.000710553,,,,,,,,,,,,,,,,,,,,,,,,,,
8699,34,,0.000710553,,,,,,,,,,,,,,,,,,,,,,,,,,
8749,34,34,0.000710553,10,0,0,4.79895e-05,4.84097e-05,9.19986e-05,0.0260416,0.0130208,0.0130208,0.0260416,0.307148,4.30657,8.55469,0.880167,0.10645,3.73829,0.0461772,0.0460294,0.0355786,0.00801803,0.114203,0.0732348,0,3.09321,0,
8799,35,,0.000703448,,,,,,,,,,,,,,,,,,,,,,,,,,
8849,35,,0.000703448,,,,,,,,,,,,,,,,,,,,,,,,,,
8899,35,,0.000703448,,,,,,,,,,,,,,,,,,,,,,,,,,
8949,35,,0.000703448,,,,,,,,,,,,,,,,,,,,,,,,,,
8999,35,35,0.000703448,10,0,0,4.80495e-05,4.83322e-05,9.17546e-05,0.0260416,0.0130208,0.0130208,0.0260416,0.302365,4.19412,8.91207,0.855792,0.102457,3.50336,0.0465413,0.0460608,0.0312523,0.00885261,0.116449,0.0766328,0,3.37041,0,
9049,36,,0.000696413,,,,,,,,,,,,,,,,,,,,,,,,,,
9099,36,,0.000696413,,,,,,,,,,,,,,,,,,,,,,,,,,
9149,36,,0.000696413,,,,,,,,,,,,,,,,,,,,,,,,,,
9199,36,,0.000696413,,,,,,,,,,,,,,,,,,,,,,,,,,
9249,36,36,0.000696413,10,0,0,4.78807e-05,4.83577e-05,9.17444e-05,0.0260416,0.0130208,0.0130208,0.0260416,0.295952,4.2891,8.63825,0.868298,0.103672,3.45852,0.0458036,0.0493653,0.0312325,0.00811175,0.112854,0.0732581,0,3.64674,0,
9299,37,,0.000689449,,,,,,,,,,,,,,,,,,,,,,,,,,
9349,37,,0.000689449,,,,,,,,,,,,,,,,,,,,,,,,,,
9399,37,,0.000689449,,,,,,,,,,,,,,,,,,,,,,,,,,
9449,37,,0.000689449,,,,,,,,,,,,,,,,,,,,,,,,,,
9499,37,37,0.000689449,10,0,0,4.79097e-05,4.8336e-05,9.13398e-05,0.0260416,0.0130208,0.0130208,0.0260416,0.291891,4.15707,8.44171,0.849579,0.0993757,3.42492,0.0446409,0.0452588,0.0309192,0.00781157,0.111992,0.0718637,0,3.07122,0,
9549,38,,0.000682555,,,,,,,,,,,,,,,,,,,,,,,,,,
9599,38,,0.000682555,,,,,,,,,,,,,,,,,,,,,,,,,,
9649,38,,0.000682555,,,,,,,,,,,,,,,,,,,,,,,,,,
9699,38,,0.000682555,,,,,,,,,,,,,,,,,,,,,,,,,,
9749,38,38,0.000682555,10,0,0,4.81177e-05,4.82875e-05,9.17159e-05,0.02604,0.0130208,0.0130208,0.0260416,0.291369,4.4056,9.68321,0.890953,0.113639,3.74976,0.0462313,0.048956,0.0313957,0.00999493,0.114005,0.0730368,0,3.38462,0,
9799,39,,0.000675729,,,,,,,,,,,,,,,,,,,,,,,,,,
9849,39,,0.000675729,,,,,,,,,,,,,,,,,,,,,,,,,,
9899,39,,0.000675729,,,,,,,,,,,,,,,,,,,,,,,,,,
9949,39,,0.000675729,,,,,,,,,,,,,,,,,,,,,,,,,,
9999,39,39,0.000675729,10,0,0,4.79154e-05,4.82478e-05,9.11973e-05,0.0260416,0.0130208,0.0130208,0.0260416,0.279606,4.22576,8.29447,0.874454,0.111526,3.69178,0.0462279,0.0470956,0.0338319,0.00770559,0.113205,0.0755295,0,3.13231,0,
10049,40,,0.000668972,,,,,,,,,,,,,,,,,,,,,,,,,,
10099,40,,0.000668972,,,,,,,,,,,,,,,,,,,,,,,,,,
10149,40,,0.000668972,,,,,,,,,,,,,,,,,,,,,,,,,,
10199,40,,0.000668972,,,,,,,,,,,,,,,,,,,,,,,,,,
10249,40,40,0.000668972,10,0,0,4.80343e-05,4.82334e-05,9.12586e-05,0.0260416,0.0130208,0.0130208,0.0260416,0.280329,4.2194,8.43343,0.858633,0.102244,3.47823,0.0454751,0.0451488,0.0344221,0.00775087,0.112613,0.0729153,0,3.27402,0,
10299,41,,0.000662282,,,,,,,,,,,,,,,,,,,,,,,,,,
10349,41,,0.000662282,,,,,,,,,,,,,,,,,,,,,,,,,,
10399,41,,0.000662282,,,,,,,,,,,,,,,,,,,,,,,,,,
10449,41,,0.000662282,,,,,,,,,,,,,,,,,,,,,,,,,,
10499,41,41,0.000662282,10,0,0,4.7889e-05,4.82198e-05,9.14424e-05,0.0260416,0.0130208,0.0130208,0.0260416,0.275937,4.19486,8.27322,0.855107,0.0999305,3.45048,0.0448987,0.045101,0.0311513,0.00737107,0.111359,0.0744103,0,3.05896,0,
10549,42,,0.000655659,,,,,,,,,,,,,,,,,,,,,,,,,,
10599,42,,0.000655659,,,,,,,,,,,,,,,,,,,,,,,,,,
10649,42,,0.000655659,,,,,,,,,,,,,,,,,,,,,,,,,,
10699,42,,0.000655659,,,,,,,,,,,,,,,,,,,,,,,,,,
10749,42,42,0.000655659,10,0,0,4.78915e-05,4.81455e-05,9.10694e-05,0.0260416,0.0130208,0.0130208,0.0260416,0.271334,4.16501,9.09296,0.861078,0.102528,3.58688,0.0445025,0.0447132,0.0305552,0.00874348,0.112357,0.0706459,0,3.25355,0,
10799,43,,0.000649103,,,,,,,,,,,,,,,,,,,,,,,,,,
10849,43,,0.000649103,,,,,,,,,,,,,,,,,,,,,,,,,,
10899,43,,0.000649103,,,,,,,,,,,,,,,,,,,,,,,,,,
10949,43,,0.000649103,,,,,,,,,,,,,,,,,,,,,,,,,,
10999,43,43,0.000649103,10,0,0,4.76563e-05,4.79973e-05,9.10638e-05,0.0260416,0.0130208,0.0130208,0.0260416,0.265346,4.1696,8.23215,0.848949,0.0943304,3.36608,0.0446436,0.0449476,0.0311418,0.00727067,0.110882,0.0736201,0,3.04263,0,
11049,44,,0.000642612,,,,,,,,,,,,,,,,,,,,,,,,,,
11099,44,,0.000642612,,,,,,,,,,,,,,,,,,,,,,,,,,
11149,44,,0.000642612,,,,,,,,,,,,,,,,,,,,,,,,,,
11199,44,,0.000642612,,,,,,,,,,,,,,,,,,,,,,,,,,
11249,44,44,0.000642612,10,0,0,4.78097e-05,4.80979e-05,9.10103e-05,0.0260416,0.0130208,0.0130208,0.0260416,0.263384,4.15777,8.75215,0.853914,0.101867,3.48411,0.0444014,0.0445104,0.0304718,0.0074363,0.111816,0.0721742,0,3.08756,0,
11299,45,,0.000636185,,,,,,,,,,,,,,,,,,,,,,,,,,
11349,45,,0.000636185,,,,,,,,,,,,,,,,,,,,,,,,,,
11399,45,,0.000636185,,,,,,,,,,,,,,,,,,,,,,,,,,
11449,45,,0.000636185,,,,,,,,,,,,,,,,,,,,,,,,,,
11499,45,45,0.000636185,10,0,0,4.77187e-05,4.79882e-05,9.08482e-05,0.0260416,0.0130208,0.0130208,0.0260416,0.255746,4.38121,9.49722,0.872243,0.105642,3.49785,0.0453335,0.0467813,0.0310037,0.00904044,0.113528,0.0716477,0,3.37361,0,
11549,46,,0.000629824,,,,,,,,,,,,,,,,,,,,,,,,,,
11599,46,,0.000629824,,,,,,,,,,,,,,,,,,,,,,,,,,
11649,46,,0.000629824,,,,,,,,,,,,,,,,,,,,,,,,,,
11699,46,,0.000629824,,,,,,,,,,,,,,,,,,,,,,,,,,
11749,46,46,0.000629824,10,0,0,4.76513e-05,4.80192e-05,9.08791e-05,0.0260416,0.0130208,0.0130208,0.0260416,0.256909,4.18682,8.49168,0.854627,0.100362,3.51151,0.0441209,0.0441323,0.0331384,0.00698319,0.108628,0.0718435,0,3.1085,0,
11799,47,,0.000623525,,,,,,,,,,,,,,,,,,,,,,,,,,
11849,47,,0.000623525,,,,,,,,,,,,,,,,,,,,,,,,,,
11899,47,,0.000623525,,,,,,,,,,,,,,,,,,,,,,,,,,
11949,47,,0.000623525,,,,,,,,,,,,,,,,,,,,,,,,,,
11999,47,47,0.000623525,10,0,0,4.75856e-05,4.79915e-05,9.08207e-05,0.0260416,0.0130208,0.0130208,0.0260416,0.252354,4.25452,8.12555,0.853086,0.105086,3.43038,0.0446225,0.0474614,0.0300533,0.00719742,0.110594,0.0724287,0,3.15322,0,
12049,48,,0.00061729,,,,,,,,,,,,,,,,,,,,,,,,,,
12099,48,,0.00061729,,,,,,,,,,,,,,,,,,,,,,,,,,
12149,48,,0.00061729,,,,,,,,,,,,,,,,,,,,,,,,,,
12199,48,,0.00061729,,,,,,,,,,,,,,,,,,,,,,,,,,
12249,48,48,0.00061729,10,0,0,4.76408e-05,4.79486e-05,9.07224e-05,0.0260416,0.0130208,0.0130208,0.0260416,0.250002,4.08323,8.16221,0.833661,0.0966885,3.32912,0.0445643,0.0465497,0.0307234,0.00705608,0.11119,0.0718665,0,3.2379,0,
12299,49,,0.000611117,,,,,,,,,,,,,,,,,,,,,,,,,,
12349,49,,0.000611117,,,,,,,,,,,,,,,,,,,,,,,,,,
12399,49,,0.000611117,,,,,,,,,,,,,,,,,,,,,,,,,,
12449,49,,0.000611117,,,,,,,,,,,,,,,,,,,,,,,,,,
12499,49,49,0.000611117,10,0,0,4.76418e-05,4.79938e-05,9.06346e-05,0.0260416,0.0130208,0.0130208,0.0260416,0.247841,4.26317,8.37876,0.862155,0.105232,3.56002,0.0454286,0.0448329,0.0332872,0.00701226,0.112483,0.0749563,0,2.98759,0,
