step,epoch,epoch,lr-Adam,lw/param_w,lw/perc_w,lw/sw_w,train/param,train/param_grad/AMP_0,train/param_grad/AMP_1,train/param_grad/CUTOFF_0,train/param_grad/M_OSC_0,train/param_grad/M_OSC_1,train/param_grad/Q_FILT_0,train/perc,train/spec,train/total,train/wave,val_id/loud,val_id/lsd,val_id/mfcc,val_id/mfcc03,val_id/mfccdb,val_id/param,val_id/param_group/harmor_amplitudes,val_id/param_group/harmor_cutoff,val_id/param_group/harmor_osc_mix,val_id/param_group/harmor_q,val_id/perc,val_id/spec,val_id/wave,val_ood/lsd
0,0,,,,,,,,,,,,,,,,,,40,,,,,,,,,,,,40
12549,50,,0.000605006,,,,,,,,,,,,,,,,,,,,,,,,,,,,
12599,50,,0.000605006,,,,,,,,,,,,,,,,,,,,,,,,,,,,
12649,50,,0.000605006,,,,,,,,,,,,,,,,,,,,,,,,,,,,
12699,50,,0.000605006,,,,,,,,,,,,,,,,,,,,,,,,,,,,
12749,50,50,0.000605006,9.9668,0,0.00166,0.235424,4.73507e-05,4.79924e-05,9.00684e-05,0.0129784,0.0129779,0.0259569,0,0.000137609,0.23553,0,3.99275,5.22681,0.795929,0.0769033,2.74547,0.0460568,0.0496492,0.0314806,0.112447,0.082764,0,0.0874191,0,
12799,51,,0.000598956,,,,,,,,,,,,,,,,,,,,,,,,,,,,
12849,51,,0.000598956,,,,,,,,,,,,,,,,,,,,,,,,,,,,
12899,51,,0.000598956,,,,,,,,,,,,,,,,,,,,,,,,,,,,
12949,51,,0.000598956,,,,,,,,,,,,,,,,,,,,,,,,,,,,
12999,51,51,0.000598956,9.90013,0,0.00499333,0.230963,4.72611e-05,4.77362e-05,8.97335e-05,0.0128931,0.0128919,0.0257855,0,0.000417557,0.23138,0,4.01042,5.2364,0.803308,0.0804583,2.79311,0.0458565,0.0512462,0.0311229,0.113259,0.0795109,0,0.0916731,0,
13049,52,,0.000592966,,,,,,,,,,,,,,,,,,,,,,,,,,,,
13099,52,,0.000592966,,,,,,,,,,,,,,,,,,,,,,,,,,,,
13149,52,,0.000592966,,,,,,,,,,,,,,,,,,,,,,,,,,,,
13199,52,,0.000592966,,,,,,,,,,,,,,,,,,,,,,,,,,,,
13249,52,52,0.000592966,9.83347,0,0.00832667,0.225786,4.70788e-05,4.74161e-05,8.89401e-05,0.0128074,0.0128058,0.0256147,0,0.000684914,0.226471,0,3.95453,5.03999,0.78548,0.0711802,2.63122,0.0456883,0.0480084,0.0318614,0.112398,0.0818617,0,0.0847668,0,
13299,53,,0.000587037,,,,,,,,,,,,,,,,,,,,,,,,,,,,
13349,53,,0.000587037,,,,,,,,,,,,,,,,,,,,,,,,,,,,
13399,53,,0.000587037,,,,,,,,,,,,,,,,,,,,,,,,,,,,
13449,53,,0.000587037,,,,,,,,,,,,,,,,,,,,,,,,,,,,
13499,53,53,0.000587037,9.7668,0,0.01166,0.22466,4.69503e-05,4.7194e-05,8.86754e-05,0.0127223,0.0127196,0.0254437,0,0.000964967,0.225625,0,3.92712,5.05792,0.783745,0.0712817,2.62847,0.0454071,0.0487283,0.0305315,0.113309,0.0798741,0,0.085926,0,
13549,54,,0.000581166,,,,,,,,,,,,,,,,,,,,,,,,,,,,
13599,54,,0.000581166,,,,,,,,,,,,,,,,,,,,,,,,,,,,
13649,54,,0.000581166,,,,,,,,,,,,,,,,,,,,,,,,,,,,
13699,54,,0.000581166,,,,,,,,,,,,,,,,,,,,,,,,,,,,
13749,54,54,0.000581166,9.70013,0,0.0149933,0.211585,4.65369e-05,4.68394e-05,8.807e-05,0.0126364,0.0126336,0.025271,0,0.00120643,0.212791,0,3.96736,5.05867,0.788256,0.0727041,2.62826,0.0462814,0.0479735,0.0313961,0.114187,0.0841316,0,0.0872804,0,
13799,55,,0.000575355,,,,,,,,,,,,,,,,,,,,,,,,,,,,
13849,55,,0.000575355,,,,,,,,,,,,,,,,,,,,,,,,,,,,
13899,55,,0.000575355,,,,,,,,,,,,,,,,,,,,,,,,,,,,
13949,55,,0.000575355,,,,,,,,,,,,,,,,,,,,,,,,,,,,
13999,55,55,0.000575355,9.63347,0,0.0183267,0.214722,4.64909e-05,4.66369e-05,8.70679e-05,0.0125519,0.0125475,0.0251036,0,0.00149954,0.216222,0,4.01368,5.0346,0.794596,0.0766978,2.65112,0.0450605,0.0490585,0.0308878,0.111126,0.0792909,0,0.0896397,0,
14049,56,,0.000569601,,,,,,,,,,,,,,,,,,,,,,,,,,,,
14099,56,,0.000569601,,,,,,,,,,,,,,,,,,,,,,,,,,,,
14149,56,,0.000569601,,,,,,,,,,,,,,,,,,,,,,,,,,,,
14199,56,,0.000569601,,,,,,,,,,,,,,,,,,,,,,,,,,,,
14249,56,56,0.000569601,9.5668,0,0.02166,0.210573,4.61648e-05,4.63929e-05,8.65698e-05,0.0124667,0.0124613,0.0249299,0,0.00174784,0.212321,0,4.00639,5.03298,0.791123,0.0753719,2.62041,0.0463966,0.0492843,0.0312703,0.115076,0.0827487,0,0.0901513,0,
14299,57,,0.000563905,,,,,,,,,,,,,,,,,,,,,,,,,,,,
14349,57,,0.000563905,,,,,,,,,,,,,,,,,,,,,,,,,,,,
14399,57,,0.000563905,,,,,,,,,,,,,,,,,,,,,,,,,,,,
14449,57,,0.000563905,,,,,,,,,,,,,,,,,,,,,,,,,,,,
14499,57,57,0.000563905,9.50013,0,0.0249933,0.207823,4.60368e-05,4.61136e-05,8.57657e-05,0.0123804,0.0123752,0.0247607,0,0.00200782,0.209831,0,3.92912,5.07804,0.783593,0.0692513,2.6086,0.0465922,0.0476846,0.0306848,0.117574,0.08361,0,0.084107,0,
14549,58,,0.000558266,,,,,,,,,,,,,,,,,,,,,,,,,,,,
14599,58,,0.000558266,,,,,,,,,,,,,,,,,,,,,,,,,,,,
14649,58,,0.000558266,,,,,,,,,,,,,,,,,,,,,,,,,,,,
14699,58,,0.000558266,,,,,,,,,,,,,,,,,,,,,,,,,,,,
14749,58,58,0.000558266,9.43347,0,0.0283267,0.205483,4.59175e-05,4.57654e-05,8.51376e-05,0.0122952,0.0122892,0.0245918,0,0.00227354,0.207756,0,3.95753,5.05285,0.785983,0.0709089,2.61012,0.0454932,0.0480857,0.0308109,0.113424,0.0806383,0,0.0845334,0,
14799,59,,0.000552683,,,,,,,,,,,,,,,,,,,,,,,,,,,,
14849,59,,0.000552683,,,,,,,,,,,,,,,,,,,,,,,,,,,,
14899,59,,0.000552683,,,,,,,,,,,,,,,,,,,,,,,,,,,,
14949,59,,0.000552683,,,,,,,,,,,,,,,,,,,,,,,,,,,,
14999,59,59,0.000552683,9.3668,0,0.03166,0.199459,4.56178e-05,4.54372e-05,8.46616e-05,0.0122094,0.0122034,0.0244192,0,0.00251201,0.201971,0,3.9345,5.10654,0.783567,0.0683741,2.61749,0.0454074,0.0478396,0.0311139,0.112911,0.0805799,0,0.081663,0,
15049,60,,0.000547157,,,,,,,,,,,,,,,,,,,,,,,,,,,,
15099,60,,0.000547157,,,,,,,,,,,,,,,,,,,,,,,,,,,,
15149,60,,0.000547157,,,,,,,,,,,,,,,,,,,,,,,,,,,,
15199,60,,0.000547157,,,,,,,,,,,,,,,,,,,,,,,,,,,,
15249,60,60,0.000547157,9.30013,0,0.0349933,0.196934,4.5524e-05,4.52419e-05,8.41781e-05,0.0121242,0.0121169,0.0242494,0,0.0028012,0.199735,0,3.91727,5.04766,0.78002,0.0684991,2.58126,0.045241,0.0482629,0.0312205,0.11317,0.0787923,0,0.0826026,0,
15299,61,,0.000541685,,,,,,,,,,,,,,,,,,,,,,,,,,,,
15349,61,,0.000541685,,,,,,,,,,,,,,,,,,,,,,,,,,,,
15399,61,,0.000541685,,,,,,,,,,,,,,,,,,,,,,,,,,,,
15449,61,,0.000541685,,,,,,,,,,,,,,,,,,,,,,,,,,,,
15499,61,61,0.000541685,9.23347,0,0.0383267,0.190808,4.53183e-05,4.49528e-05,8.34741e-05,0.0120391,0.0120303,0.0240767,0,0.00304521,0.193853,0,4.04523,5.19519,0.798003,0.0807104,2.73464,0.0463401,0.0530707,0.0307068,0.112464,0.0817997,0,0.0910347,0,
15549,62,,0.000536268,,,,,,,,,,,,,,,,,,,,,,,,,,,,
15599,62,,0.000536268,,,,,,,,,,,,,,,,,,,,,,,,,,,,
15649,62,,0.000536268,,,,,,,,,,,,,,,,,,,,,,,,,,,,
15699,62,,0.000536268,,,,,,,,,,,,,,,,,,,,,,,,,,,,
15749,62,62,0.000536268,9.1668,0,0.04166,0.189147,4.51623e-05,4.47226e-05,8.28935e-05,0.0119515,0.011945,0.0239094,0,0.00331642,0.192464,0,3.9239,5.04282,0.78128,0.0687952,2.57852,0.0456552,0.0472444,0.0303512,0.114557,0.0817794,0,0.0826493,0,
15799,63,,0.000530906,,,,,,,,,,,,,,,,,,,,,,,,,,,,
15849,63,,0.000530906,,,,,,,,,,,,,,,,,,,,,,,,,,,,
15899,63,,0.000530906,,,,,,,,,,,,,,,,,,,,,,,,,,,,
15949,63,,0.000530906,,,,,,,,,,,,,,,,,,,,,,,,,,,,
15999,63,63,0.000530906,9.10013,0,0.0449934,0.185461,4.48452e-05,4.44474e-05,8.22628e-05,0.011868,0.0118588,0.0237341,0,0.00353862,0.189,0,3.92415,5.1164,0.787909,0.0717252,2.67333,0.0454928,0.0477001,0.0324614,0.113825,0.0789706,0,0.084586,0,
16049,64,,0.000525596,,,,,,,,,,,,,,,,,,,,,,,,,,,,
16099,64,,0.000525596,,,,,,,,,,,,,,,,,,,,,,,,,,,,
16149,64,,0.000525596,,,,,,,,,,,,,,,,,,,,,,,,,,,,
16199,64,,0.000525596,,,,,,,,,,,,,,,,,,,,,,,,,,,,
16249,64,64,0.000525596,9.03347,0,0.0483267,0.181515,4.47885e-05,4.41206e-05,8.18752e-05,0.0117824,0.0117721,0.0235644,0,0.00380809,0.185323,0,3.96228,5.05357,0.786108,0.0709943,2.62353,0.0450984,0.0476781,0.0305642,0.113203,0.0791456,0,0.0847567,0,
16299,65,,0.000520341,,,,,,,,,,,,,,,,,,,,,,,,,,,,
16349,65,,0.000520341,,,,,,,,,,,,,,,,,,,,,,,,,,,,
16399,65,,0.000520341,,,,,,,,,,,,,,,,,,,,,,,,,,,,
16449,65,,0.000520341,,,,,,,,,,,,,,,,,,,,,,,,,,,,
16499,65,65,0.000520341,8.9668,0,0.05166,0.180629,4.4675e-05,4.3972e-05,8.11438e-05,0.011695,0.0116857,0.0233854,0,0.0040879,0.184717,0,3.97217,5.00549,0.785799,0.0731656,2.57273,0.0453563,0.0480913,0.0306472,0.112842,0.0805571,0,0.086545,0,
16549,66,,0.000515137,,,,,,,,,,,,,,,,,,,,,,,,,,,,
16599,66,,0.000515137,,,,,,,,,,,,,,,,,,,,,,,,,,,,
16649,66,,0.000515137,,,,,,,,,,,,,,,,,,,,,,,,,,,,
16699,66,,0.000515137,,,,,,,,,,,,,,,,,,,,,,,,,,,,
16749,66,66,0.000515137,8.90013,0,0.0549933,0.175817,4.43178e-05,4.36156e-05,8.02943e-05,0.011612,0.0115993,0.0232202,0,0.00428225,0.180099,0,3.90956,5.01022,0.777949,0.0677488,2.55908,0.0450522,0.0469915,0.0304746,0.112567,0.0802803,0,0.0819571,0,
16799,67,,0.000509986,,,,,,,,,,,,,,,,,,,,,,,,,,,,
16849,67,,0.000509986,,,,,,,,,,,,,,,,,,,,,,,,,,,,
16899,67,,0.000509986,,,,,,,,,,,,,,,,,,,,,,,,,,,,
16949,67,,0.000509986,,,,,,,,,,,,,,,,,,,,,,,,,,,,
16999,67,67,0.000509986,8.83346,0,0.0583267,0.171117,4.40145e-05,4.32758e-05,7.98865e-05,0.0115255,0.0115136,0.0230466,0,0.00446936,0.175586,0,3.94576,5.02678,0.782412,0.0694772,2.57315,0.0452533,0.0472251,0.0305895,0.112905,0.0808005,0,0.0831613,0,
17049,68,,0.000504886,,,,,,,,,,,,,,,,,,,,,,,,,,,,
17099,68,,0.000504886,,,,,,,,,,,,,,,,,,,,,,,,,,,,
17149,68,,0.000504886,,,,,,,,,,,,,,,,,,,,,,,,,,,,
17199,68,,0.000504886,,,,,,,,,,,,,,,,,,,,,,,,,,,,
17249,68,68,0.000504886,8.7668,0,0.06166,0.171128,4.38724e-05,4.31687e-05,7.92589e-05,0.0114396,0.0114275,0.0228789,0,0.0047684,0.175897,0,4.07858,5.06321,0.798116,0.0799455,2.7085,0.0454704,0.0480466,0.0323429,0.112751,0.0796818,0,0.0909806,0,
17299,69,,0.000499837,,,,,,,,,,,,,,,,,,,,,,,,,,,,
17349,69,,0.000499837,,,,,,,,,,,,,,,,,,,,,,,,,,,,
17399,69,,0.000499837,,,,,,,,,,,,,,,,,,,,,,,,,,,,
17449,69,,0.000499837,,,,,,,,,,,,,,,,,,,,,,,,,,,,
17499,69,69,0.000499837,8.70013,0,0.0649933,0.168573,4.36614e-05,4.29031e-05,7.8694e-05,0.0113582,0.0113416,0.0227074,0,0.00501218,0.173585,0,3.95584,5.01967,0.787276,0.0723684,2.62713,0.045503,0.0473669,0.0322096,0.113832,0.0796093,0,0.085974,0,
17549,70,,0.000494839,,,,,,,,,,,,,,,,,,,,,,,,,,,,
17599,70,,0.000494839,,,,,,,,,,,,,,,,,,,,,,,,,,,,
17649,70,,0.000494839,,,,,,,,,,,,,,,,,,,,,,,,,,,,
17699,70,,0.000494839,,,,,,,,,,,,,,,,,,,,,,,,,,,,
17749,70,70,0.000494839,8.63347,0,0.0683267,0.166429,4.36142e-05,4.27448e-05,7.83812e-05,0.0112676,0.0112551,0.0225368,0,0.00532183,0.171751,0,3.91629,5.02626,0.779477,0.0682638,2.57606,0.0448849,0.0469966,0.0303527,0.112425,0.0795358,0,0.0828747,0,
17799,71,,0.00048989,,,,,,,,,,,,,,,,,,,,,,,,,,,,
17849,71,,0.00048989,,,,,,,,,,,,,,,,,,,,,,,,,,,,
17899,71,,0.00048989,,,,,,,,,,,,,,,,,,,,,,,,,,,,
17949,71,,0.00048989,,,,,,,,,,,,,,,,,,,,,,,,,,,,
17999,71,71,0.00048989,8.5668,0,0.07166,0.161299,4.33146e-05,4.22471e-05,7.74136e-05,0.0111847,0.0111681,0.0223696,0,0.0054657,0.166765,0,3.90684,5.04875,0.778244,0.0686239,2.57531,0.0448802,0.0472817,0.0302921,0.112735,0.0789724,0,0.0818939,0,
18049,72,,0.000484991,,,,,,,,,,,,,,,,,,,,,,,,,,,,
18099,72,,0.000484991,,,,,,,,,,,,,,,,,,,,,,,,,,,,
18149,72,,0.000484991,,,,,,,,,,,,,,,,,,,,,,,,,,,,
18199,72,,0.000484991,,,,,,,,,,,,,,,,,,,,,,,,,,,,
18249,72,72,0.000484991,8.50013,0,0.0749934,0.16162,4.32413e-05,4.20728e-05,7.68588e-05,0.0110989,0.011083,0.0221977,0,0.0057633,0.167384,0,3.90266,5.03902,0.779127,0.0671765,2.57523,0.0451374,0.0471791,0.0306893,0.113305,0.0796508,0,0.0812355,0,
18299,73,,0.000480141,,,,,,,,,,,,,,,,,,,,,,,,,,,,
18349,73,,0.000480141,,,,,,,,,,,,,,,,,,,,,,,,,,,,
18399,73,,0.000480141,,,,,,,,,,,,,,,,,,,,,,,,,,,,
18449,73,,0.000480141,,,,,,,,,,,,,,,,,,,,,,,,,,,,
18499,73,73,0.000480141,8.43347,0,0.0783266,0.158448,4.33495e-05,4.1925e-05,7.61479e-05,0.0110121,0.0109968,0.0220213,0,0.00612824,0.164576,0,3.94145,5.0072,0.781992,0.0704642,2.56925,0.0456722,0.046997,0.0316732,0.111827,0.0835363,0,0.083623,0,
18549,74,,0.00047534,,,,,,,,,,,,,,,,,,,,,,,,,,,,
18599,74,,0.00047534,,,,,,,,,,,,,,,,,,,,,,,,,,,,
18649,74,,0.00047534,,,,,,,,,,,,,,,,,,,,,,,,,,,,
18699,74,,0.00047534,,,,,,,,,,,,,,,,,,,,,,,,,,,,
18749,74,74,0.00047534,8.3668,0,0.08166,0.153336,4.27503e-05,4.14432e-05,7.58348e-05,0.0109297,0.0109095,0.021853,0,0.00617934,0.159516,0,3.96203,4.99439,0.785353,0.0730779,2.59311,0.0451048,0.0484248,0.0305203,0.111293,0.0803905,0,0.0867417,0,
18799,75,,0.000470587,,,,,,,,,,,,,,,,,,,,,,,,,,,,
18849,75,,0.000470587,,,,,,,,,,,,,,,,,,,,,,,,,,,,
18899,75,,0.000470587,,,,,,,,,,,,,,,,,,,,,,,,,,,,
18949,75,,0.000470587,,,,,,,,,,,,,,,,,,,,,,,,,,,,
18999,75,75,0.000470587,8.30013,0,0.0849933,0.154699,4.26413e-05,4.13592e-05,7.50875e-05,0.0108455,0.0108252,0.0216817,0,0.00649672,0.161195,0,3.94661,5.1004,0.78292,0.0750959,2.63549,0.0459505,0.0497492,0.0306741,0.115595,0.0796849,0,0.0856261,0,
19049,76,,0.000465881,,,,,,,,,,,,,,,,,,,,,,,,,,,,
19099,76,,0.000465881,,,,,,,,,,,,,,,,,,,,,,,,,,,,
19149,76,,0.000465881,,,,,,,,,,,,,,,,,,,,,,,,,,,,
19199,76,,0.000465881,,,,,,,,,,,,,,,,,,,,,,,,,,,,
19249,76,76,0.000465881,8.23347,0,0.0883266,0.151421,4.24494e-05,4.09969e-05,7.47275e-05,0.0107581,0.0107392,0.0215014,0,0.00669804,0.158119,0,3.90661,5.0549,0.777278,0.0683153,2.56263,0.0452223,0.0475416,0.0305631,0.113752,0.0794769,0,0.0815318,0,
19299,77,,0.000461222,,,,,,,,,,,,,,,,,,,,,,,,,,,,
19349,77,,0.000461222,,,,,,,,,,,,,,,,,,,,,,,,,,,,
19399,77,,0.000461222,,,,,,,,,,,,,,,,,,,,,,,,,,,,
19449,77,,0.000461222,,,,,,,,,,,,,,,,,,,,,,,,,,,,
19499,77,77,0.000461222,8.1668,0,0.0916601,0.147898,4.22427e-05,4.07907e-05,7.40975e-05,0.0106744,0.0106525,0.0213423,0,0.00696553,0.154863,0,3.90283,5.01393,0.777215,0.0671466,2.53839,0.0452517,0.0470629,0.0300382,0.112456,0.0819528,0,0.0810218,0,
19549,78,,0.00045661,,,,,,,,,,,,,,,,,,,,,,,,,,,,
19599,78,,0.00045661,,,,,,,,,,,,,,,,,,,,,,,,,,,,
19649,78,,0.00045661,,,,,,,,,,,,,,,,,,,,,,,,,,,,
19699,78,,0.00045661,,,,,,,,,,,,,,,,,,,,,,,,,,,,
19749,78,78,0.00045661,8.10013,0,0.0949933,0.145313,4.2212e-05,4.05643e-05,7.34339e-05,0.0105841,0.0105656,0.0211653,0,0.00724653,0.15256,0,3.9046,5.02199,0.776404,0.0664355,2.549,0.0450625,0.0467651,0.030435,0.11241,0.0807651,0,0.0806249,0,
19799,79,,0.000452044,,,,,,,,,,,,,,,,,,,,,,,,,,,,
19849,79,,0.000452044,,,,,,,,,,,,,,,,,,,,,,,,,,,,
19899,79,,0.000452044,,,,,,,,,,,,,,,,,,,,,,,,,,,,
19949,79,,0.000452044,,,,,,,,,,,,,,,,,,,,,,,,,,,,
19999,79,79,0.000452044,8.03347,0,0.0983266,0.143448,4.20085e-05,4.02319e-05,7.28143e-05,0.0104988,0.0104778,0.0209966,0,0.00744195,0.15089,0,3.94568,5.1033,0.782222,0.0754554,2.64899,0.0462183,0.049176,0.0302949,0.116452,0.0813864,0,0.0859523,0,
20049,80,,0.000447523,,,,,,,,,,,,,,,,,,,,,,,,,,,,
20099,80,,0.000447523,,,,,,,,,,,,,,,,,,,,,,,,,,,,
20149,80,,0.000447523,,,,,,,,,,,,,,,,,,,,,,,,,,,,
20199,80,,0.000447523,,,,,,,,,,,,,,,,,,,,,,,,,,,,
20249,80,80,0.000447523,7.9668,0,0.10166,0.142265,4.17977e-05,3.99915e-05,7.22269e-05,0.0104134,0.0103932,0.0208209,0,0.00769847,0.149964,0,3.92272,5.10039,0.781919,0.0695381,2.60227,0.0450037,0.0478792,0.030411,0.111844,0.0798877,0,0.0823123,0,
20299,81,,0.000443048,,,,,,,,,,,,,,,,,,,,,,,,,,,,
20349,81,,0.000443048,,,,,,,,,,,,,,,,,,,,,,,,,,,,
20399,81,,0.000443048,,,,,,,,,,,,,,,,,,,,,,,,,,,,
20449,81,,0.000443048,,,,,,,,,,,,,,,,,,,,,,,,,,,,
20499,81,81,0.000443048,7.90013,0,0.104993,0.139246,4.15048e-05,3.96197e-05,7.1699e-05,0.0103296,0.0103064,0.0206554,0,0.00782136,0.147068,0,3.90312,5.04623,0.778254,0.0667687,2.57246,0.0449673,0.0466527,0.0310134,0.112179,0.079959,0,0.0805061,0,
20549,82,,0.000438618,,,,,,,,,,,,,,,,,,,,,,,,,,,,
20599,82,,0.000438618,,,,,,,,,,,,,,,,,,,,,,,,,,,,
20649,82,,0.000438618,,,,,,,,,,,,,,,,,,,,,,,,,,,,
20699,82,,0.000438618,,,,,,,,,,,,,,,,,,,,,,,,,,,,
20749,82,82,0.000438618,7.83347,0,0.108327,0.136172,4.13303e-05,3.94582e-05,7.12143e-05,0.0102429,0.0102179,0.0204857,0,0.00810114,0.144273,0,3.903,5.00167,0.775481,0.0674357,2.53482,0.0450091,0.0467712,0.0299766,0.112796,0.0805107,0,0.0810875,0,
20799,83,,0.000434231,,,,,,,,,,,,,,,,,,,,,,,,,,,,
20849,83,,0.000434231,,,,,,,,,,,,,,,,,,,,,,,,,,,,
20899,83,,0.000434231,,,,,,,,,,,,,,,,,,,,,,,,,,,,
20949,83,,0.000434231,,,,,,,,,,,,,,,,,,,,,,,,,,,,
20999,83,83,0.000434231,7.7668,0,0.11166,0.134152,4.11348e-05,3.91423e-05,7.05625e-05,0.0101558,0.0101347,0.0203188,0,0.0082887,0.142441,0,3.91068,5.01229,0.776072,0.0673939,2.55127,0.0450251,0.0466169,0.0304906,0.112768,0.0802753,0,0.0814845,0,
21049,84,,0.000429889,,,,,,,,,,,,,,,,,,,,,,,,,,,,
21099,84,,0.000429889,,,,,,,,,,,,,,,,,,,,,,,,,,,,
21149,84,,0.000429889,,,,,,,,,,,,,,,,,,,,,,,,,,,,
21199,84,,0.000429889,,,,,,,,,,,,,,,,,,,,,,,,,,,,
21249,84,84,0.000429889,7.70013,0,0.114993,0.132105,4.10862e-05,3.88269e-05,6.99535e-05,0.0100702,0.0100465,0.0201463,0,0.00853443,0.14064,0,3.89887,4.9744,0.773274,0.0670536,2.51227,0.0444875,0.0469247,0.029844,0.111325,0.078831,0,0.0816224,0,
21299,85,,0.00042559,,,,,,,,,,,,,,,,,,,,,,,,,,,,
21349,85,,0.00042559,,,,,,,,,,,,,,,,,,,,,,,,,,,,
21399,85,,0.00042559,,,,,,,,,,,,,,,,,,,,,,,,,,,,
21449,85,,0.00042559,,,,,,,,,,,,,,,,,,,,,,,,,,,,
21499,85,85,0.00042559,7.63347,0,0.118327,0.128823,4.0644e-05,3.85787e-05,6.93071e-05,0.00998393,0.00996171,0.0199738,0,0.00867059,0.137493,0,3.90838,4.99501,0.776093,0.0684306,2.55167,0.0449972,0.0470944,0.0306043,0.112912,0.0793728,0,0.0829581,0,
21549,86,,0.000421334,,,,,,,,,,,,,,,,,,,,,,,,,,,,
21599,86,,0.000421334,,,,,,,,,,,,,,,,,,,,,,,,,,,,
21649,86,,0.000421334,,,,,,,,,,,,,,,,,,,,,,,,,,,,
21699,86,,0.000421334,,,,,,,,,,,,,,,,,,,,,,,,,,,,
21749,86,86,0.000421334,7.5668,0,0.12166,0.12685,4.04964e-05,3.83069e-05,6.87467e-05,0.00989694,0.00987395,0.0198042,0,0.00891436,0.135764,0,3.90113,5.07127,0.776815,0.0680374,2.55877,0.0451409,0.0476107,0.0302232,0.112957,0.0800542,0,0.0813166,0,
21799,87,,0.000417121,,,,,,,,,,,,,,,,,,,,,,,,,,,,
21849,87,,0.000417121,,,,,,,,,,,,,,,,,,,,,,,,,,,,
21899,87,,0.000417121,,,,,,,,,,,,,,,,,,,,,,,,,,,,
21949,87,,0.000417121,,,,,,,,,,,,,,,,,,,,,,,,,,,,
21999,87,87,0.000417121,7.50013,0,0.124993,0.125839,4.03242e-05,3.80333e-05,6.81969e-05,0.00981537,0.00978798,0.0196308,0,0.00913203,0.134971,0,3.90342,4.98225,0.775156,0.0675818,2.50578,0.0449595,0.0467212,0.030439,0.112559,0.0800371,0,0.081797,0,
22049,88,,0.00041295,,,,,,,,,,,,,,,,,,,,,,,,,,,,
22099,88,,0.00041295,,,,,,,,,,,,,,,,,,,,,,,,,,,,
22149,88,,0.00041295,,,,,,,,,,,,,,,,,,,,,,,,,,,,
22199,88,,0.00041295,,,,,,,,,,,,,,,,,,,,,,,,,,,,
22249,88,88,0.00041295,7.43347,0,0.128327,0.12402,4.01728e-05,3.78788e-05,6.74106e-05,0.00972972,0.00970187,0.0194571,0,0.00939123,0.133411,0,3.91246,4.95965,0.774973,0.0681801,2.5232,0.0452041,0.0468382,0.0300176,0.113011,0.0813583,0,0.0835361,0,
22299,89,,0.00040882,,,,,,,,,,,,,,,,,,,,,,,,,,,,
22349,89,,0.00040882,,,,,,,,,,,,,,,,,,,,,,,,,,,,
22399,89,,0.00040882,,,,,,,,,,,,,,,,,,,,,,,,,,,,
22449,89,,0.00040882,,,,,,,,,,,,,,,,,,,,,,,,,,,,
22499,89,89,0.00040882,7.3668,0,0.13166,0.123137,4.05096e-05,3.77084e-05,6.70151e-05,0.00964193,0.00961483,0.0192952,0,0.00994121,0.133079,0,3.93399,4.96866,0.776878,0.0707641,2.53179,0.0447646,0.0477794,0.029782,0.11214,0.0788856,0,0.0855911,0,
22549,90,,0.000404732,,,,,,,,,,,,,,,,,,,,,,,,,,,,
22599,90,,0.000404732,,,,,,,,,,,,,,,,,,,,,,,,,,,,
22649,90,,0.000404732,,,,,,,,,,,,,,,,,,,,,,,,,,,,
22699,90,,0.000404732,,,,,,,,,,,,,,,,,,,,,,,,,,,,
22749,90,90,0.000404732,7.30013,0,0.134993,0.118873,3.9821e-05,3.72782e-05,6.64013e-05,0.00955759,0.00952871,0.019121,0,0.009834,0.128707,0,3.89177,5.01595,0.774646,0.0666272,2.54712,0.0454028,0.0471378,0.0305471,0.114047,0.0806846,0,0.0808969,0,
22799,91,,0.000400685,,,,,,,,,,,,,,,,,,,,,,,,,,,,
22849,91,,0.000400685,,,,,,,,,,,,,,,,,,,,,,,,,,,,
22899,91,,0.000400685,,,,,,,,,,,,,,,,,,,,,,,,,,,,
22949,91,,0.000400685,,,,,,,,,,,,,,,,,,,,,,,,,,,,
22999,91,91,0.000400685,7.23347,0,0.138327,0.118212,3.99098e-05,3.70989e-05,6.608e-05,0.00947071,0.0094437,0.0189442,0,0.0102139,0.128426,0,3.91889,5.10084,0.779894,0.0708047,2.61308,0.045615,0.0475974,0.0300425,0.113689,0.0823606,0,0.082742,0,
23049,92,,0.000396678,,,,,,,,,,,,,,,,,,,,,,,,,,,,
23099,92,,0.000396678,,,,,,,,,,,,,,,,,,,,,,,,,,,,
23149,92,,0.000396678,,,,,,,,,,,,,,,,,,,,,,,,,,,,
23199,92,,0.000396678,,,,,,,,,,,,,,,,,,,,,,,,,,,,
23249,92,92,0.000396678,7.1668,0,0.14166,0.114544,3.9472e-05,3.68516e-05,6.53117e-05,0.0093814,0.00935619,0.0187679,0,0.0102524,0.124797,0,3.8883,5.01473,0.772365,0.0659165,2.5406,0.0449631,0.0468001,0.0301751,0.113205,0.0795978,0,0.0798493,0,
23299,93,,0.000392711,,,,,,,,,,,,,,,,,,,,,,,,,,,,
23349,93,,0.000392711,,,,,,,,,,,,,,,,,,,,,,,,,,,,
23399,93,,0.000392711,,,,,,,,,,,,,,,,,,,,,,,,,,,,
23449,93,,0.000392711,,,,,,,,,,,,,,,,,,,,,,,,,,,,
23499,93,93,0.000392711,7.10013,0,0.144993,0.114296,3.9588e-05,3.6735e-05,6.46771e-05,0.00930302,0.00926946,0.0186053,0,0.010704,0.125,0,3.92647,4.99897,0.779647,0.0701953,2.56337,0.045901,0.0470519,0.0320766,0.113457,0.0828209,0,0.0839622,0,
23549,94,,0.000388784,,,,,,,,,,,,,,,,,,,,,,,,,,,,
23599,94,,0.000388784,,,,,,,,,,,,,,,,,,,,,,,,,,,,
23649,94,,0.000388784,,,,,,,,,,,,,,,,,,,,,,,,,,,,
23699,94,,0.000388784,,,,,,,,,,,,,,,,,,,,,,,,,,,,
23749,94,94,0.000388784,7.03347,0,0.148327,0.113181,3.96425e-05,3.64064e-05,6.42421e-05,0.00922051,0.00918631,0.01843,0,0.0110463,0.124228,0,3.89207,5.01596,0.774051,0.0675611,2.5227,0.0449823,0.0467315,0.0297025,0.112835,0.0806247,0,0.0812566,0,
23799,95,,0.000384896,,,,,,,,,,,,,,,,,,,,,,,,,,,,
23849,95,,0.000384896,,,,,,,,,,,,,,,,,,,,,,,,,,,,
23899,95,,0.000384896,,,,,,,,,,,,,,,,,,,,,,,,,,,,
23949,95,,0.000384896,,,,,,,,,,,,,,,,,,,,,,,,,,,,
23999,95,95,0.000384896,6.9668,0,0.15166,0.11058,3.90466e-05,3.59923e-05,6.34226e-05,0.009127,0.0090999,0.0182692,0,0.0109314,0.121511,0,3.90126,5.01516,0.773339,0.0685504,2.53353,0.0451993,0.0478885,0.0304276,0.11274,0.0801399,0,0.0813469,0,
24049,96,,0.000381047,,,,,,,,,,,,,,,,,,,,,,,,,,,,
24099,96,,0.000381047,,,,,,,,,,,,,,,,,,,,,,,,,,,,
24149,96,,0.000381047,,,,,,,,,,,,,,,,,,,,,,,,,,,,
24199,96,,0.000381047,,,,,,,,,,,,,,,,,,,,,,,,,,,,
24249,96,96,0.000381047,6.90013,0,0.154993,0.109062,3.87355e-05,3.57915e-05,6.28161e-05,0.00904016,0.009016,0.0180957,0,0.0111125,0.120175,0,3.89392,5.03212,0.774136,0.0668177,2.53343,0.0451034,0.0473918,0.029916,0.112371,0.0809415,0,0.0804608,0,
24299,97,,0.000377237,,,,,,,,,,,,,,,,,,,,,,,,,,,,
24349,97,,0.000377237,,,,,,,,,,,,,,,,,,,,,,,,,,,,
24399,97,,0.000377237,,,,,,,,,,,,,,,,,,,,,,,,,,,,
24449,97,,0.000377237,,,,,,,,,,,,,,,,,,,,,,,,,,,,
24499,97,97,0.000377237,6.83347,0,0.158327,0.107011,3.86575e-05,3.54318e-05,6.2363e-05,0.00895147,0.00892548,0.017926,0,0.0113426,0.118354,0,3.87183,4.99612,0.769125,0.0658183,2.50162,0.044598,0.046561,0.0296216,0.112084,0.0793216,0,0.0798167,0,
24549,98,,0.000373464,,,,,,,,,,,,,,,,,,,,,,,,,,,,
24599,98,,0.000373464,,,,,,,,,,,,,,,,,,,,,,,,,,,,
24649,98,,0.000373464,,,,,,,,,,,,,,,,,,,,,,,,,,,,
24699,98,,0.000373464,,,,,,,,,,,,,,,,,,,,,,,,,,,,
24749,98,98,0.000373464,6.7668,0,0.16166,0.103878,3.8432e-05,3.52581e-05,6.18156e-05,0.00887384,0.0088402,0.017747,0,0.0115571,0.115435,0,3.89765,5.01443,0.772976,0.0670986,2.5372,0.0450458,0.0477135,0.0299273,0.112071,0.0805632,0,0.080541,0,
24799,99,,0.00036973,,,,,,,,,,,,,,,,,,,,,,,,,,,,
24849,99,,0.00036973,,,,,,,,,,,,,,,,,,,,,,,,,,,,
24899,99,,0.00036973,,,,,,,,,,,,,,,,,,,,,,,,,,,,
24949,99,,0.00036973,,,,,,,,,,,,,,,,,,,,,,,,,,,,
24999,99,99,0.00036973,6.70013,0,0.164993,0.102467,3.80103e-05,3.49177e-05,6.14743e-05,0.00878624,0.00875262,0.0175773,0,0.011653,0.11412,0,3.91464,5.06538,0.775781,0.0717964,2.56623,0.04528,0.0494388,0.0300532,0.11251,0.0796784,0,0.0834261,0,
25049,100,,0.000366032,,,,,,,,,,,,,,,,,,,,,,,,,,,,
25099,100,,0.000366032,,,,,,,,,,,,,,,,,,,,,,,,,,,,
25149,100,,0.000366032,,,,,,,,,,,,,,,,,,,,,,,,,,,,
25199,100,,0.000366032,,,,,,,,,,,,,,,,,,,,,,,,,,,,
25249,100,100,0.000366032,6.63347,0,0.168327,0.102366,3.84105e-05,3.48434e-05,6.08767e-05,0.0087035,0.00866602,0.0174005,0,0.0122624,0.114629,0,3.87295,4.95804,0.76938,0.0656499,2.49612,0.0448056,0.0471248,0.0301933,0.1117,0.0798149,0,0.080783,0,
25299,101,,0.000362372,,,,,,,,,,,,,,,,,,,,,,,,,,,,
25349,101,,0.000362372,,,,,,,,,,,,,,,,,,,,,,,,,,,,
25399,101,,0.000362372,,,,,,,,,,,,,,,,,,,,,,,,,,,,
25449,101,,0.000362372,,,,,,,,,,,,,,,,,,,,,,,,,,,,
25499,101,101,0.000362372,6.5668,0,0.17166,0.100989,3.7978e-05,3.45142e-05,6.00579e-05,0.00861713,0.00857955,0.0172429,0,0.0122358,0.113225,0,3.91007,4.98383,0.776738,0.069266,2.54636,0.0461912,0.0466509,0.0314479,0.113013,0.0860354,0,0.084261,0,
25549,102,,0.000358748,,,,,,,,,,,,,,,,,,,,,,,,,,,,
25599,102,,0.000358748,,,,,,,,,,,,,,,,,,,,,,,,,,,,
25649,102,,0.000358748,,,,,,,,,,,,,,,,,,,,,,,,,,,,
25699,102,,0.000358748,,,,,,,,,,,,,,,,,,,,,,,,,,,,
25749,102,102,0.000358748,6.50013,0,0.174993,0.0991887,3.79123e-05,3.42891e-05,5.97216e-05,0.00852694,0.00849387,0.0170659,0,0.0125568,0.111746,0,3.89015,4.97134,0.7722,0.0657759,2.49458,0.0447335,0.0466447,0.0298716,0.111626,0.0802584,0,0.0802146,0,
25799,103,,0.000355161,,,,,,,,,,,,,,,,,,,,,,,,,,,,
25849,103,,0.000355161,,,,,,,,,,,,,,,,,,,,,,,,,,,,
25899,103,,0.000355161,,,,,,,,,,,,,,,,,,,,,,,,,,,,
25949,103,,0.000355161,,,,,,,,,,,,,,,,,,,,,,,,,,,,
25999,103,103,0.000355161,6.43347,0,0.178327,0.0962452,3.75214e-05,3.39578e-05,5.89605e-05,0.00843792,0.00840599,0.0168873,0,0.0125917,0.108837,0,3.89454,4.96455,0.770114,0.0653152,2.48672,0.0446443,0.0463512,0.0295942,0.111961,0.0799595,0,0.0801468,0,
26049,104,,0.000351609,,,,,,,,,,,,,,,,,,,,,,,,,,,,
26099,104,,0.000351609,,,,,,,,,,,,,,,,,,,,,,,,,,,,
26149,104,,0.000351609,,,,,,,,,,,,,,,,,,,,,,,,,,,,
26199,104,,0.000351609,,,,,,,,,,,,,,,,,,,,,,,,,,,,
26249,104,104,0.000351609,6.3668,0,0.18166,0.0960652,3.74549e-05,3.37853e-05,5.85885e-05,0.00835989,0.00832393,0.0167227,0,0.0129105,0.108976,0,3.8682,5.01282,0.770217,0.0657337,2.52704,0.0452725,0.0465274,0.0300787,0.114276,0.0807522,0,0.0796664,0,
26299,105,,0.000348093,,,,,,,,,,,,,,,,,,,,,,,,,,,,
26349,105,,0.000348093,,,,,,,,,,,,,,,,,,,,,,,,,,,,
26399,105,,0.000348093,,,,,,,,,,,,,,,,,,,,,,,,,,,,
26449,105,,0.000348093,,,,,,,,,,,,,,,,,,,,,,,,,,,,
26499,105,105,0.000348093,6.30013,0,0.184993,0.0947236,3.72517e-05,3.33788e-05,5.7824e-05,0.00827319,0.00823582,0.0165494,0,0.0130699,0.107794,0,3.88873,5.02586,0.773166,0.066854,2.53537,0.0447799,0.0466508,0.0299517,0.112513,0.0795645,0,0.0801829,0,
26549,106,,0.000344612,,,,,,,,,,,,,,,,,,,,,,,,,,,,
26599,106,,0.000344612,,,,,,,,,,,,,,,,,,,,,,,,,,,,
26649,106,,0.000344612,,,,,,,,,,,,,,,,,,,,,,,,,,,,
26699,106,,0.000344612,,,,,,,,,,,,,,,,,,,,,,,,,,,,
26749,106,106,0.000344612,6.23347,0,0.188327,0.0913706,3.7066e-05,3.31347e-05,5.72475e-05,0.00818565,0.00814878,0.016367,0,0.013213,0.104584,0,3.87825,5.01942,0.770603,0.0660134,2.51521,0.0449508,0.0465226,0.0296766,0.111747,0.0817581,0,0.0793356,0,
26799,107,,0.000341166,,,,,,,,,,,,,,,,,,,,,,,,,,,,
26849,107,,0.000341166,,,,,,,,,,,,,,,,,,,,,,,,,,,,
26899,107,,0.000341166,,,,,,,,,,,,,,,,,,,,,,,,,,,,
26949,107,,0.000341166,,,,,,,,,,,,,,,,,,,,,,,,,,,,
26999,107,107,0.000341166,6.1668,0,0.19166,0.0908786,3.69241e-05,3.29518e-05,5.69637e-05,0.00810184,0.00806126,0.0162109,0,0.013519,0.104397,0,3.88746,5.02759,0.774921,0.0660802,2.56252,0.0452707,0.0461881,0.031616,0.112631,0.0811889,0,0.0800072,0,
27049,108,,0.000337754,,,,,,,,,,,,,,,,,,,,,,,,,,,,
27099,108,,0.000337754,,,,,,,,,,,,,,,,,,,,,,,,,,,,
27149,108,,0.000337754,,,,,,,,,,,,,,,,,,,,,,,,,,,,
27199,108,,0.000337754,,,,,,,,,,,,,,,,,,,,,,,,,,,,
27249,108,108,0.000337754,6.10013,0,0.194993,0.0893975,3.66205e-05,3.26245e-05,5.67181e-05,0.00801768,0.00797938,0.0160254,0,0.0136832,0.103081,0,3.89299,5.05322,0.772508,0.067777,2.54498,0.0449348,0.0472822,0.0296915,0.112014,0.0806212,0,0.0806004,0,
