filename,target_npz,runtime,best_loss,n_restarts_run,best_popsize,loss_name,ir_peak_abs,effective_tolfun,effective_tolfunhist,effective_early_stop_loss,gt_loss,nmse,gt_available,mu,D_mu,T0_mu,E,rho,h,Ly,T0,op_x,op_y,gt_E,gt_rho,gt_h,gt_Ly,gt_T0,gt_op_x,gt_op_y
random_IR_0001.npz,random_IR_0001.npz,51.57778286933899,2.214277480989957e-13,3,55,L1_STFT,1.911880637955143e-08,1.911880637955143e-13,1.911880637955143e-13,1.911880637955143e-10,2.554891248649632e-13,1.511299051381058e-15,True,48.93048245948153,13.78047174495373,12.31886513149026,169437293014.8881,13780.03955839088,0.003550823076533695,2.6915591289339,602.768014237103,0.8264880724092518,0.7244177336827338,131819184298.8524,12673.80384034166,0.0038607574654896,2.691559161389242,602.7673484378831,0.8264881154026615,0.7244177335187193
random_IR_0002.npz,random_IR_0002.npz,35.02738356590271,8.45202136360787e-14,1,58,L1_STFT,4.248233524101381e-09,4.248233524101382e-14,4.248233524101382e-14,4.248233524101381e-11,8.711884295561911e-14,4.076293378762215e-13,True,84.0555785779602,17.89718863617589,4.562430341200793,211241236811.8811,19498.06358992104,0.004310970583838403,3.686141698292093,383.497722051273,0.78834189863604,0.9635422679183581,147920922722.1944,17314.43071595409,0.0048546510420041,3.686141702268032,383.4476844105894,0.7883418349360268,0.9635423527634041
random_IR_0003.npz,random_IR_0003.npz,519.9281969070435,1.369202494438948e-12,58,56,L1_STFT,3.339992340210533e-08,3.339992340210534e-13,3.339992340210534e-13,3.339992340210533e-10,1.578497532336853e-12,1.896869543543907e-13,True,24.38546844558039,1.663152856698669,0.8294548075101336,67119954491.1916,12872.89983980591,0.0018943259676561,1.306004638887311,20.22664403557332,0.9363059199619168,0.9895229830032347,186057982895.3271,18083.25309630123,0.0013485171988061,1.306004568773872,20.22819525635132,0.9363059526409414,0.9895229876940544
random_IR_0004.npz,random_IR_0004.npz,21.23861479759216,5.05928903372227e-13,1,39,L1_STFT,2.331654130042583e-08,2.331654130042583e-13,2.331654130042583e-13,2.331654130042583e-10,5.293869726266665e-13,1.580198436692874e-13,True,13.24366606056847,25.51221890649962,58.93668227039181,75894339024.97079,3592.871544964039,0.00368609506207688,3.417559779032144,780.5377387068957,0.5802431095391699,0.972887709092303,164907916263.1111,4653.559206335945,0.0028459174490117,3.417559836228498,780.5313709946926,0.5802431108304328,0.972887769354296
random_IR_0005.npz,random_IR_0005.npz,41.92362213134766,4.020466414216689e-13,1,60,L1_STFT,4.599132155530629e-08,4.59913215553063e-13,4.59913215553063e-13,4.59913215553063e-10,3.930838131122744e-13,4.670523941101871e-14,True,45.15876381711164,5.059945943255102,5.858490067100997,146923961561.6375,17395.06703532814,0.002596067248570955,2.613359994719959,264.5621692651085,0.7885326446011585,0.5192070249776527,136791000829.1319,16985.59336136327,0.002658647759962,2.613360133075208,264.5629665485059,0.7885326349456379,0.519207002213814
random_IR_0006.npz,random_IR_0006.npz,33.74587225914001,2.052382244190076e-13,1,60,L1_STFT,1.887092903368477e-08,1.887092903368477e-13,1.887092903368477e-13,1.887092903368477e-10,2.110101373145601e-13,4.647385360459937e-14,True,69.56232575048398,8.97684320728094,8.868886425886153,67214095718.76614,14767.62974598992,0.004710459765513373,2.891142905821245,616.9403666015381,0.6861588788571138,0.7241456698845301,171318505762.8329,20172.46387607493,0.0034483828908896,2.891142941520044,616.9378275347882,0.6861588712811552,0.7241456573616774
random_IR_0007.npz,random_IR_0007.npz,297.7650802135468,1.06185589834884e-12,4,49,L1_STFT,1.139174194390455e-07,1.139174194390455e-12,1.139174194390455e-12,1.139174194390455e-09,1.290084792465729e-12,7.145087604236285e-15,True,18.66068462549737,0.9028051114042199,35.73129090834799,189344702182.8723,18654.65654647272,0.0010003231407134,3.123130293602375,666.7703509025835,0.5731738563014006,0.6645598195316177,99188531844.29764,15037.9919488214,0.001240901886517,3.123130468189068,666.7700477785132,0.5731738858508781,0.6645598919528501
random_IR_0008.npz,random_IR_0008.npz,34.74522995948792,3.42873055251755e-13,1,50,L1_STFT,4.958400695208643e-08,4.958400695208643e-13,4.958400695208643e-13,4.958400695208643e-10,3.398837743369409e-13,1.652101994682261e-14,True,68.93404866940466,3.761798610801635,6.362714453537545,67003979117.63586,19594.76387599134,0.003517983125781206,2.154761209105811,438.6076678096816,0.6123496692351975,0.5890415968247601,82612856044.4483,21011.42815551345,0.0032807870816715,2.154761235733606,438.6071274471857,0.612349610486469,0.5890416637636482
random_IR_0009.npz,random_IR_0009.npz,31.8437705039978,8.997322743613256e-13,1,32,L1_STFT,1.051232810218074e-07,1.051232810218074e-12,1.051232810218074e-12,1.051232810218074e-09,9.550228446605913e-13,1.296430286873575e-15,True,14.14289890362977,4.683009591635951,32.97174331747659,140729881360.0462,8114.50206740249,0.001742916421260709,2.994014094257061,466.3160324155019,0.5640838207776711,0.8316014570137675,91322346297.76453,7025.201129630132,0.0020131664101591,2.994014143849656,466.3161097485777,0.5640838191705095,0.831601498837984
random_IR_0010.npz,random_IR_0010.npz,201.2631101608276,1.609429928738082e-12,8,56,L1_STFT,1.281277319929606e-07,1.281277319929606e-12,1.281277319929606e-12,1.281277319929606e-09,1.705491433842687e-12,3.583860452387782e-15,True,31.91217693525694,1.299656591227095,11.55454834986268,86285029996.28442,18181.19369308386,0.001755230018114617,1.500730541475533,368.7307913477989,0.9205930072192664,0.5570882003725875,81856495196.33838,17864.67272114118,0.0017863294467202,1.50073055891098,368.7314834092575,0.920593004674414,0.5570882198680419
random_IR_0011.npz,random_IR_0011.npz,33.12714600563049,1.990037502190914e-13,1,47,L1_STFT,1.815936510870568e-08,1.815936510870568e-13,1.815936510870568e-13,1.815936510870568e-10,2.027909903803277e-13,5.757651440477571e-15,True,39.67270381892416,9.585649017255728,24.62051743094924,78383917239.25418,10458.72729935183,0.003793263050407942,3.931732038431512,976.7624959067089,0.5292020526884477,0.6485754002624343,180107327647.9402,13801.09577120686,0.0028746048065908,3.931732448538848,976.7613205794552,0.5292020182046171,0.6485754116624407
random_IR_0012.npz,random_IR_0012.npz,58.15942358970642,1.777281555433163e-12,3,56,L1_STFT,2.001240004668266e-07,2.001240004668266e-12,2.001240004668266e-12,2.001240004668266e-09,1.715482356862141e-12,1.276260724163925e-14,True,18.36796903963289,6.578048879796549,6.464303128291782,94408920263.17892,7550.259813007236,0.002432759864500214,1.448570002605525,118.7361197232655,0.5414323929480634,0.8493113960409154,130382238160.7445,8408.083772606749,0.0021845607900885,1.44857002751819,118.7365316770545,0.5414322732109044,0.8493113384913098
random_IR_0013.npz,random_IR_0013.npz,62.06002330780029,9.193010935826251e-13,7,59,L1_STFT,2.817797914806896e-08,2.817797914806896e-13,2.817797914806896e-13,2.817797914806896e-10,9.205504197459802e-13,2.10290866238375e-14,True,8.650488452522756,13.96567317428929,60.48832611291223,97002315521.47586,3588.252438324067,0.002410780345365853,2.743144229235293,523.253566552178,0.9653550341329482,0.6660987849398188,155119813820.0954,4196.081602258703,0.0020615579637577,2.743144217199068,523.252820986165,0.965355136812345,0.6660987867011486
random_IR_0014.npz,random_IR_0014.npz,92.74415683746338,1.281084071290406e-12,4,45,L1_STFT,1.42487730923096e-07,1.42487730923096e-12,1.42487730923096e-12,1.42487730923096e-09,1.43109547649789e-12,1.788017843552344e-15,True,12.02027060931314,2.503031689032068,59.59354057890857,213383756730.1048,10306.79549067411,0.001166247125034103,3.035490039432612,716.3304843255644,0.7973913345042392,0.5198526843443664,95028278387.08888,7870.83454740738,0.0015271914496175,3.035490101894677,716.3300408465243,0.7973913380569407,0.5198526976318718
random_IR_0015.npz,random_IR_0015.npz,162.7533504962921,1.194392458200855e-12,10,45,L1_STFT,2.959242753009592e-08,2.959242753009592e-13,2.959242753009592e-13,2.959242753009592e-10,1.260956942160385e-12,3.110420962646964e-14,True,7.647158612322717,2.206073707473055,88.63723651943786,72644847304.84096,5552.358380232305,0.001377281163901162,3.503926075391687,677.8230066221049,0.9814722703943813,0.6318890743900528,179484685384.757,7506.149896012699,0.0010187819047701,3.503926084730353,677.8197586308621,0.9814723871075448,0.6318890403247794
random_IR_0016.npz,random_IR_0016.npz,10.8785126209259,3.800620842348001e-13,1,31,L1_STFT,2.511444979235942e-08,2.511444979235943e-13,2.511444979235943e-13,2.511444979235942e-10,3.871835035744453e-13,6.104404038773271e-14,True,22.31053763339692,32.39144974304305,25.64936856245794,180515603421.0817,6270.718476119164,0.003557891766049193,2.770856142153348,572.2512025855856,0.729091430249759,0.9247402214347646,212770598762.0987,6623.934693643624,0.0033681677250873,2.770856269811727,572.2561832718154,0.7290914355226374,0.9247402495108528
random_IR_0017.npz,random_IR_0017.npz,37.81482553482056,5.154224486450532e-13,1,45,L1_STFT,2.943778529017314e-08,2.943778529017314e-13,2.943778529017314e-13,2.943778529017313e-10,5.30282306780705e-13,1.15150395205933e-14,True,21.64412959333166,8.702207586834149,37.59898013432381,67018675165.38247,6844.862199947203,0.003162098660437402,3.128489848535672,813.7971986044072,0.7948237192553333,0.9420503531641553,201808789158.0077,9884.307927923312,0.0021897478034205,3.128489898420763,813.7996817242802,0.7948237075915707,0.9420503273088778
random_IR_0018.npz,random_IR_0018.npz,23.25465536117554,1.2940612936687e-13,1,33,L1_STFT,1.075495833971328e-08,1.075495833971328e-13,1.075495833971328e-13,1.075495833971328e-10,1.294679424432288e-13,1.859922983061469e-14,True,79.59783926416863,10.9738232310218,6.298263099560677,97651785222.95734,17112.91870867767,0.004651330414127772,3.108341544876701,501.3281338422753,0.7176890042283488,0.8071326906487597,165530500482.1345,20404.37233279661,0.0039010171192785,3.108341611225521,501.329368682883,0.717688973793508,0.8071326749226829
random_IR_0019.npz,random_IR_0019.npz,18.42607617378235,2.557179945225641e-12,1,59,L1_STFT,3.54110202360456e-07,3.54110202360456e-12,3.54110202360456e-12,3.54110202360456e-09,2.314403876879645e-12,4.038886370153548e-14,True,17.39328116010532,8.867138922773886,37.95600908315068,70138467167.63219,5969.359801368248,0.002913759890318317,1.155660373039975,660.1795376987509,0.7200964854020035,0.57638225651485,161556360636.8228,7883.459015556348,0.0022062992666981,1.155660275097067,660.1769357573102,0.7200966634634254,0.5763822914690007
random_IR_0020.npz,random_IR_0020.npz,16.56489419937134,4.103291870779374e-13,1,38,L1_STFT,3.8115514001188e-08,3.811551400118801e-13,3.811551400118801e-13,3.8115514001188e-10,4.038609995472148e-13,2.024769918628946e-14,True,43.38376596102553,12.06829617331822,13.61978681482392,84278692836.40491,10532.333491657,0.004119102950489673,1.96501865358324,590.8776436133825,0.8295305340428524,0.7213950931520799,166939725438.1414,13227.31467837208,0.003279859642805,1.965018745272489,590.8768525205608,0.8295306023008275,0.7213950333626472
random_IR_0021.npz,random_IR_0021.npz,43.10004496574402,2.144109000588867e-13,1,44,L1_STFT,1.931819698647403e-08,1.931819698647403e-13,1.931819698647403e-13,1.931819698647403e-10,2.13638853244387e-13,1.896277279688989e-14,True,47.42423128198127,5.377946853835166,9.190886276556702,169152066664.3059,18457.3618525895,0.002569393809404448,3.699984980243857,435.8707164658127,0.8549053104892185,0.5591111423383369,190347680324.0511,19198.15907429464,0.0024702474801915,3.699985127968082,435.8705666163742,0.8549054059347795,0.5591111747830275
random_IR_0022.npz,random_IR_0022.npz,14.9456512928009,2.333757373549489e-13,1,35,L1_STFT,2.135187349097869e-08,2.135187349097869e-13,2.135187349097869e-13,2.135187349097869e-10,2.638469683621109e-13,6.468539634768172e-14,True,20.20906315049931,50.429483547754,49.42594661063026,113845678914.2971,4343.674668567706,0.004652526879312325,3.766499712611436,998.852076327434,0.5896215494245134,0.8116241288154883,199823286777.3368,5239.628127570282,0.0038569651981964,3.766499579859553,998.8470180978009,0.5896215379914237,0.8116241864990836
random_IR_0023.npz,random_IR_0023.npz,96.14184260368347,4.594302911199721e-13,21,57,L1_STFT,4.008085121945285e-08,4.008085121945285e-13,4.008085121945285e-13,4.008085121945285e-10,4.532918907850653e-13,4.028741280821943e-14,True,57.66342583802138,16.88648957447105,14.00044756114368,137000775651.3357,13384.76250314824,0.004308139634487972,1.459078093803663,807.313769641116,0.5438917782531046,0.8517399313299071,129299044475.5779,13129.09388595436,0.0043920329172889,1.45907795026338,807.3208855354235,0.5438918277730177,0.8517400988408361
random_IR_0024.npz,random_IR_0024.npz,22.44394373893738,1.620695087465804e-13,1,46,L1_STFT,1.664525903472635e-08,1.664525903472635e-13,1.664525903472635e-13,1.664525903472635e-10,1.654947473549509e-13,1.034801260574086e-14,True,80.7576165774534,12.80696609926824,10.7282497309066,100294563632.5233,16558.27911186127,0.004877174495724251,2.415273760584893,866.3878783157229,0.5157398123068687,0.68638919659289,197937911386.0695,20769.80429405425,0.0038882223978813,2.4152737797664,866.3836621053699,0.5157399012506509,0.6863892515943983
random_IR_0025.npz,random_IR_0025.npz,55.01403069496155,1.893375647238349e-12,2,60,L1_STFT,1.51651443493822e-07,1.51651443493822e-12,1.51651443493822e-12,1.51651443493822e-09,1.892373627590538e-12,1.395217168927857e-14,True,5.821114353071169,7.149283631921277,89.50881486089317,155426483056.6481,4030.640621039474,0.001444215671991601,3.216972758157902,521.0410469131352,0.5190756761921851,0.8989118598037902,97599468309.14922,3451.554180777968,0.0016865187090457,3.216972631029768,521.0413958380673,0.5190756792857009,0.8989118746451361
random_IR_0026.npz,random_IR_0026.npz,182.1478440761566,9.765687607535267e-13,6,56,L1_STFT,1.378619307133678e-07,1.378619307133678e-12,1.378619307133678e-12,1.378619307133678e-09,1.010388495960302e-12,9.295948780283737e-15,True,37.32376920014512,2.311631410464505,24.86573942663244,154096390636.2774,20209.89772897942,0.00184680643616646,1.749381596546899,928.0831193505778,0.5907001754171944,0.814524314051021,71871356218.2901,15672.99075616242,0.0023814067227876,1.749381595375102,928.0820126526562,0.5907001366839773,0.8145244167348842
random_IR_0027.npz,random_IR_0027.npz,119.4706482887268,5.705220909417441e-13,8,36,L1_STFT,5.41713278837986e-08,5.41713278837986e-13,5.41713278837986e-13,5.41713278837986e-10,6.2304762044052e-13,3.119241548686065e-15,True,27.26844873684562,3.608992615112202,34.25991156294167,205651553187.6862,15558.63338741835,0.00175262492905685,2.773963088028523,934.2146421829395,0.7990558938562511,0.867759735939146,148951818862.8186,13972.55997215884,0.001951571285498,2.773962906952086,934.2146557848146,0.7990558884137398,0.8677597944632172
random_IR_0028.npz,random_IR_0028.npz,17.61951398849487,8.951719573935257e-13,1,51,L1_STFT,6.007357146042046e-08,6.007357146042047e-13,6.007357146042047e-13,6.007357146042046e-10,9.346878739741049e-13,1.483805727139813e-14,True,15.37692680049387,21.31156120501669,13.64725982906967,67186484363.1832,4046.545308368351,0.003800013500082162,2.004640319348226,209.8529154189248,0.8723798092089242,0.7503248740664155,211488975667.5418,5930.42851055032,0.0025928842488643,2.004640486890846,209.8516505376324,0.8723798895741509,0.7503248162226079
random_IR_0029.npz,random_IR_0029.npz,52.60479950904846,1.426123650595523e-12,2,32,L1_STFT,1.449819778981572e-07,1.449819778981572e-12,1.449819778981572e-12,1.449819778981572e-09,1.407472662723341e-12,1.771191739711128e-14,True,21.37873729781895,3.915974569387499,2.714766856388947,107897658098.9872,10383.12091486769,0.002058989534370781,1.759502401125572,58.03828744756508,0.8512082095061231,0.6950982856792645,114704769945.0977,10597.03256049267,0.0020174259270815,1.759502421122638,58.03858003227238,0.8512083095195752,0.6950984012533157
random_IR_0030.npz,random_IR_0030.npz,99.80559825897217,2.986480854283435e-12,3,54,L1_STFT,2.240719107728389e-07,2.240719107728389e-12,2.240719107728389e-12,2.240719107728389e-09,3.017829692739116e-12,7.540489675001074e-15,True,16.70331755515113,0.9628623270339329,4.026674985907675,106913441948.65,14016.52501866186,0.001191687492649713,1.620850727283334,67.25883098099962,0.7729237935382705,0.9493688488576875,136415617217.0749,15202.58414177307,0.0010987149135653,1.620850664922941,67.25895896693396,0.7729238134432739,0.9493689335897676
random_IR_0031.npz,random_IR_0031.npz,224.0097274780273,7.790139518702721e-13,21,34,L1_STFT,5.690212912964713e-08,5.690212912964714e-13,5.690212912964714e-13,5.690212912964713e-10,8.051489162885783e-13,4.01746658141986e-15,True,13.78366444397405,2.947224568876067,48.10637418182866,90591973902.41675,8036.82388774023,0.001715063641620956,3.971983053618884,663.0821193385827,0.8816054885829678,0.666808364876091,70159602918.25648,7380.460682658432,0.0018675879375938,3.971982947450442,663.0815723180698,0.8816055403797093,0.6668084039030092
random_IR_0032.npz,random_IR_0032.npz,20.26991200447083,3.699645299316823e-13,1,49,L1_STFT,2.642018012098173e-08,2.642018012098173e-13,2.642018012098173e-13,2.642018012098173e-10,3.754143805718979e-13,5.992093518774382e-15,True,47.80037926370643,14.05947707386516,17.3857927181866,101224780168.4418,11350.35066085536,0.004211357048955191,2.212045272145307,831.047485729505,0.6440356073237917,0.9010429265730274,200515550283.4515,14254.8586595136,0.0033532684542144,2.212045293098504,831.0501447516381,0.6440355970596615,0.9010429486171564
random_IR_0033.npz,random_IR_0033.npz,33.01836085319519,4.146803072365562e-13,6,52,L1_STFT,2.333144531333763e-08,2.333144531333763e-13,2.333144531333763e-13,2.333144531333763e-10,4.661436709720024e-13,7.726130554944161e-13,True,31.18378528463227,67.28192902703344,22.04731718628919,218848592687.1635,6551.139107510104,0.004760055430495096,1.638344161195658,687.5188052394249,0.8681192513455348,0.6344313856575748,211947700344.8055,6481.544329734899,0.0048111666278877,1.638344238487262,687.4914015050514,0.8681193453173773,0.6344314048715627
random_IR_0034.npz,random_IR_0034.npz,15.71094799041748,1.221047243350759e-12,1,55,L1_STFT,1.356667934310029e-07,1.356667934310029e-12,1.356667934310029e-12,1.356667934310029e-09,1.249005022671557e-12,2.737085624447517e-14,True,19.4521777323925,17.49769758423821,1.319761063643547,161490974206.9988,6770.962802401499,0.002872882084877689,1.718604698521626,25.67222677428565,0.6933434473619814,0.7371518444385621,131976876718.9804,6330.437418292857,0.0030728028557226,1.718604734365698,25.67246142735103,0.6933432903637705,0.7371519579387572
random_IR_0035.npz,random_IR_0035.npz,63.15911984443665,9.119808857746547e-13,16,60,L1_STFT,6.896984975771305e-08,6.896984975771306e-13,6.896984975771306e-13,6.896984975771305e-10,9.939027682467905e-13,1.274889976581456e-14,True,15.52938139952332,31.37181074440049,55.62719623066555,166818955739.3207,4848.646631936869,0.0032028280422077,1.905123093328479,863.8559464521315,0.5747133075840075,0.861261212138948,146159003394.5795,4639.598892086222,0.0033471373858326,1.905123248254723,863.8569673671722,0.5747133721091251,0.861261243784371
random_IR_0036.npz,random_IR_0036.npz,22.82401394844055,9.107154049989297e-13,1,57,L1_STFT,3.541141029902349e-08,3.541141029902349e-13,3.541141029902349e-13,3.54114102990235e-10,9.565682664372521e-13,6.508202810056119e-14,True,16.80793237928419,25.99833827893608,10.90475015027976,195331145739.6784,5735.447688422491,0.002930535381433691,2.248572983745612,183.2863031388913,0.684249999546347,0.9708115620147368,141672610939.29,5153.137875655491,0.003261685247434,2.248573138141152,183.2880034157165,0.6842502415464783,0.9708116531738784
random_IR_0037.npz,random_IR_0037.npz,24.92625617980957,2.985183443753731e-13,1,47,L1_STFT,9.05251340182398e-09,9.052513401823981e-14,9.052513401823981e-14,9.05251340182398e-11,3.126147073411606e-13,6.530645968954318e-13,True,15.97198780151117,53.73989726887572,56.58239559262682,152369761103.903,4006.106193249251,0.003986910738518566,3.319443164735824,903.7333321857151,0.7963933272889658,0.9813488036537763,151485447898.1282,3998.341786309949,0.0039946544794021,3.319443236040199,903.720702548536,0.7963932737883268,0.9813488254881422
random_IR_0038.npz,random_IR_0038.npz,14.0451512336731,2.623869654536093e-12,1,35,L1_STFT,1.626625023410535e-07,1.626625023410535e-12,1.626625023410535e-12,1.626625023410535e-09,2.654057962986345e-12,1.631887999594971e-14,True,5.377279163983268,26.17303058876816,18.65297646936158,146271617563.2684,2430.857862340797,0.002212091149914134,1.947227832921889,100.3022617149682,0.8382591144993594,0.8947249084415263,209217985469.2052,2738.877036319715,0.0019633151196617,1.947227827698392,100.3029393260752,0.8382591078295459,0.8947249268913375
random_IR_0039.npz,random_IR_0039.npz,24.18635678291321,4.026311077078015e-13,1,60,L1_STFT,1.604692633023286e-08,1.604692633023286e-13,1.604692633023286e-13,1.604692633023286e-10,3.996754912704431e-13,1.625439162335857e-14,True,38.67495282343722,18.63920573849777,1.653976911507317,99451545470.90398,8918.60779315545,0.004336433860576105,1.917017169436655,63.9674790235999,0.9394874950698295,0.6756978597404513,216556756380.9004,11559.79880357091,0.0033456406647453,1.917017306686452,63.96462656831992,0.9394875702051296,0.6756978864000543
random_IR_0040.npz,random_IR_0040.npz,81.2444155216217,2.843238611129756e-13,1,58,L1_STFT,1.666529458189084e-08,1.666529458189084e-13,1.666529458189084e-13,1.666529458189084e-10,2.890734526750371e-13,5.217066749283758e-15,True,38.78255345252389,3.103310793122284,24.47796418557877,78187640715.31502,14990.32462704524,0.002587172353996471,3.888553403952914,949.317954436174,0.8189195039690429,0.938401098595768,189277995864.9159,20127.90084848217,0.0019268065058848,3.888553448170346,949.3193292274572,0.8189194890647277,0.938401103646224
random_IR_0041.npz,random_IR_0041.npz,790.8477721214294,2.007243676827031e-11,148,34,L1_STFT,9.235623657404988e-09,9.235623657404988e-14,9.235623657404988e-14,9.235623657404988e-11,2.900747946964904e-13,2.50652267008003e-06,True,12.1722867139023,77.02096196150697,52.54317392665786,86528266317.71049,2454.974371776372,0.004958213354013413,1.949759938626685,639.570577893715,0.5825887996933148,0.9907930081328444,120126728243.6296,2678.85292586731,0.0043957742212516,1.94975882507261,617.8805131506047,0.5825890218646008,0.991096401010944
random_IR_0042.npz,random_IR_0042.npz,23.69924688339233,5.564647592541661e-13,1,34,L1_STFT,3.095984983616086e-08,3.095984983616087e-13,3.095984983616087e-13,3.095984983616087e-10,5.519703075683446e-13,2.894843435629781e-15,True,27.98051086014698,7.465017430796143,22.85438710772011,67502436138.94224,8569.374555481445,0.003265175384620001,2.48727390896632,639.4774266695657,0.9128376823145133,0.6030254448057638,87945741567.89664,9359.39059523681,0.0029895654619946,2.487273890415965,639.4761216735596,0.9128376892651804,0.6030254768323514
random_IR_0043.npz,random_IR_0043.npz,71.67016887664795,3.118100938039048e-13,1,57,L1_STFT,7.828174799045882e-09,7.828174799045883e-14,7.828174799045883e-14,7.828174799045882e-11,3.325979357378384e-13,8.62567797185843e-13,True,35.36332749318282,3.705468277286703,2.766969775375387,197801031764.7296,18104.21612474569,0.001953320002894054,2.582825094604029,97.84925833033832,0.9808090919415151,0.9542122124129659,215856681820.5389,18639.20052752765,0.0018972681158989,2.582825049384723,97.85350604918912,0.98080898245087,0.9542121946183776
random_IR_0044.npz,random_IR_0044.npz,45.97217154502869,6.248215920351408e-13,1,51,L1_STFT,7.894114135685763e-08,7.894114135685764e-13,7.894114135685764e-13,7.894114135685763e-10,6.126486037233425e-13,2.280034740254491e-14,True,23.52673211400319,4.916483055092933,3.447601993879599,139391093293.5464,11173.35824157866,0.002105609755396077,3.344737029381266,81.11080854570859,0.574918777635547,0.5361793578044822,102531823752.1542,10086.13402257958,0.0023325806081145,3.344737264826052,81.1105789740969,0.5749189410314117,0.5361793190755444
random_IR_0045.npz,random_IR_0045.npz,119.7823615074158,3.082445323293603e-12,2,33,L1_STFT,1.973870196682467e-07,1.973870196682467e-12,1.973870196682467e-12,1.973870196682467e-09,3.085014015080656e-12,7.547044394271695e-15,True,5.429949462026931,1.481933730117187,141.9134328665313,87396718693.024,5366.631790383363,0.001011798400582844,3.204223655087743,770.5827684480169,0.5539054175894008,0.8393033687046872,79166878635.77364,5192.596933527051,0.0010457098345001,3.204223656210679,770.5830426952912,0.5539054867769166,0.8393034256034181
random_IR_0046.npz,random_IR_0046.npz,19.11489224433899,5.836764990600762e-13,1,39,L1_STFT,7.771725793846422e-08,7.771725793846423e-13,7.771725793846423e-13,7.771725793846423e-10,6.020882035127906e-13,3.662284829600047e-15,True,49.91057155842859,6.125023272467757,11.16744969520305,110751726247.827,15879.07165041545,0.00314316684609977,1.81156492748462,557.3737971375834,0.6424606796464328,0.5744265081140849,178237772194.8332,18608.36206798132,0.0026821578667203,1.81156490857325,557.3732176360037,0.6424606735669702,0.5744265716526525
random_IR_0047.npz,random_IR_0047.npz,15.11035776138306,1.661183668920374e-12,1,40,L1_STFT,1.68171952221604e-07,1.68171952221604e-12,1.68171952221604e-12,1.68171952221604e-09,1.649544867018959e-12,8.389148794389652e-15,True,24.28234214501627,6.744921503106211,10.79492575686796,129643761238.5241,10024.6168577473,0.00242227134359257,1.260585546140832,262.1260806583166,0.8508563683027199,0.6489242201369768,171542044338.7951,11005.44265584902,0.0022063945379237,1.260585529221474,262.1255280581859,0.85085646836304,0.6489242348252616
random_IR_0048.npz,random_IR_0048.npz,46.23068428039551,2.396234252688423e-12,5,36,L1_STFT,1.374885628791767e-07,1.374885628791767e-12,1.374885628791767e-12,1.374885628791767e-09,2.402305134333038e-12,9.570147947814569e-15,True,6.033949679734435,13.12094700913831,130.6851098499158,161871723606.1154,3417.84385822691,0.001765425785970426,2.2017881448434,788.547376724959,0.8915607478916427,0.8909297103260663,173640577983.9231,3498.743836944917,0.0017246038469476,2.20178817211035,788.5476268513956,0.8915607440111406,0.8909297053058891
random_IR_0049.npz,random_IR_0049.npz,61.29392242431641,1.169140847502581e-12,10,49,L1_STFT,1.334129030526178e-07,1.334129030526179e-12,1.334129030526179e-12,1.334129030526179e-09,1.235018923066711e-12,8.119390456955534e-15,True,18.86174313418471,9.059846714889447,31.15316005274783,162964900042.9071,8285.679270465966,0.002276426894945931,1.852325266868486,587.6029027330736,0.6065565435253123,0.7353294540417732,123740478280.337,7559.05176557998,0.0024952525517302,1.852325436601529,587.6037592000371,0.6065565972909635,0.7353293830404436
random_IR_0050.npz,random_IR_0050.npz,111.7252240180969,3.948761619337188e-13,15,49,L1_STFT,1.190863857852335e-08,1.190863857852335e-13,1.190863857852335e-13,1.190863857852335e-10,4.197461334672775e-13,1.048466937194551e-12,True,51.16353456806101,14.65774689793781,1.504372145793383,197613240197.416,14638.81062316668,0.003495060895664027,1.229375637968295,76.96899628452785,0.7929961121822153,0.9801222806678668,113941945230.415,12184.10079803269,0.0041991835382824,1.229375673636931,76.96567742216287,0.792996044927374,0.9801223370083784
random_IR_0051.npz,random_IR_0051.npz,117.552734375,1.37299590100004e-12,2,60,L1_STFT,1.212912683163008e-07,1.212912683163008e-12,1.212912683163008e-12,1.212912683163008e-09,1.493609597981449e-12,1.270276819460833e-14,True,13.71831205526155,1.436170543200227,31.37472030860514,143321702807.6158,11862.73764855402,0.001156420420115563,2.972153605767391,430.4082038399972,0.8438822372086713,0.6460219988857069,149035156689.6282,12018.3168235831,0.0011414497430219,2.972153708922411,430.4081354836662,0.8438823301958805,0.6460220878885654
random_IR_0052.npz,random_IR_0052.npz,22.73162937164307,1.530107854655349e-12,2,53,L1_STFT,1.437636693482133e-07,1.437636693482133e-12,1.437636693482133e-12,1.437636693482133e-09,1.558824358656452e-12,3.289337846661575e-14,True,15.29070780358252,20.27612101545893,62.54807893440994,168605283368.1731,5570.099933949276,0.00274514065903683,1.47369551358197,956.4043986614774,0.7764649182251127,0.7338865211591286,205309545104.0202,5948.060764915881,0.0025707027061883,1.473695639852329,956.4061587387208,0.77646491553789,0.7338865966064252
random_IR_0053.npz,random_IR_0053.npz,24.18549966812134,2.583895554117421e-13,1,32,L1_STFT,1.666836497961637e-08,1.666836497961637e-13,1.666836497961637e-13,1.666836497961637e-10,2.840753348699876e-13,1.320648352728817e-14,True,28.15050182932408,14.76320577607533,25.72505000849527,75325104838.1886,7109.836449230077,0.003959374034879873,3.657919871269546,724.1730673235995,0.8481122439659576,0.8528147362553007,205318792113.8465,9931.676048018318,0.0028344158470743,3.65792008966668,724.1703949351771,0.8481122598937014,0.8528148065827532
random_IR_0054.npz,random_IR_0054.npz,18.69871783256531,4.608805741559974e-13,1,35,L1_STFT,1.166402137112548e-08,1.166402137112548e-13,1.166402137112548e-13,1.166402137112548e-10,5.376465331968783e-13,4.948892352644265e-13,True,27.95785405697764,19.01272268911048,22.75031577028167,164576799043.0087,8440.985365302255,0.003312155257596104,2.050389216664948,636.0500080556918,0.9002316932182894,0.9799915437772586,91562439840.24425,6942.381139538539,0.0040271145709475,2.050389164515645,636.0646948365868,0.9002318225134925,0.9799916354872592
random_IR_0055.npz,random_IR_0055.npz,38.69261813163757,2.947869812836013e-13,2,56,L1_STFT,1.943184149101416e-08,1.943184149101416e-13,1.943184149101416e-13,1.943184149101416e-10,3.15619817607693e-13,5.889799680044223e-16,True,37.09010045882639,19.39864148570882,23.12541165426734,95524346358.88269,8444.399115094926,0.004392272316040269,2.428602623071547,857.7238414084903,0.7921180720007706,0.9121758740836983,212636794955.4086,11025.80092305251,0.0033639366612947,2.428602599054124,857.7240669671127,0.7921180694019875,0.9121758891436444
random_IR_0056.npz,random_IR_0056.npz,30.56631708145142,1.206871381260674e-13,1,44,L1_STFT,1.222430108766814e-08,1.222430108766814e-13,1.222430108766814e-13,1.222430108766814e-10,1.234409980916534e-13,2.932302583698411e-15,True,60.74887664487441,14.49620912432997,2.624330252102972,123962404358.3055,14103.27070434572,0.004307431794963384,3.735646873798042,159.4251147604157,0.5407293748804746,0.7177758222282067,127960441568.8106,14253.29065435997,0.0042620952750742,3.735646783396941,159.4228693043214,0.5407293464914394,0.7177758034260225
random_IR_0057.npz,random_IR_0057.npz,24.42608332633972,2.922236834023567e-13,1,58,L1_STFT,3.172711159367105e-08,3.172711159367105e-13,3.172711159367105e-13,3.172711159367105e-10,3.319111749767317e-13,8.720631803916355e-15,True,89.940370072832,10.19125717546417,0.3704185495919999,82494663924.75117,17988.08667294362,0.00499999648145535,1.850183672087469,33.31558143214614,0.6847863212996174,0.5180009615990572,121371433816.2052,20458.8751710333,0.004396153233714,1.850183793979282,33.31429350043072,0.684786376297246,0.5180009663150169
random_IR_0058.npz,random_IR_0058.npz,11.51627588272095,1.434602978946098e-12,1,40,L1_STFT,7.584741300554404e-08,7.584741300554404e-13,7.584741300554404e-13,7.584741300554404e-10,1.480607086587482e-12,3.476923172715047e-15,True,11.20885544220615,29.66934149808601,82.90701673936387,187426254252.0193,4132.036769254673,0.002712670788800355,1.637173730925303,929.2927657760948,0.9360493553094494,0.7325395792660212,211631134622.2992,4302.7606881599,0.0026050380032144,1.637173743184933,929.2921243885409,0.9360493799678498,0.7325395744847004
random_IR_0059.npz,random_IR_0059.npz,25.59432435035706,4.1782107287891e-12,1,56,L1_STFT,4.368774968468519e-07,4.368774968468519e-12,4.368774968468519e-12,4.36877496846852e-09,4.069149531216176e-12,2.550334458924789e-14,True,5.892952855732097,7.535769531264044,104.2717679869769,82938621458.07336,3238.775697977584,0.001819500146123699,2.047432465881381,614.4686129310902,0.7201100164197247,0.5433562202798642,69387727860.36472,3051.802319739506,0.0019309765171162,2.047432557127954,614.4685618298096,0.7201099040241365,0.5433562962476129
random_IR_0060.npz,random_IR_0060.npz,220.5276024341583,3.194039867662757e-12,18,51,L1_STFT,3.633872322654016e-07,3.633872322654016e-12,3.633872322654016e-12,3.633872322654016e-09,3.090008500808428e-12,5.028691117290166e-15,True,9.223140222592551,4.441268657535032,27.45247040042343,132803399573.4588,6092.128884293186,0.00151394371290663,1.830628949069641,253.1979839596768,0.5665872971166406,0.8130553252779702,68841542103.34111,4893.838346846846,0.0018846436613843,1.83062886591367,253.1986618109147,0.5665873055979865,0.8130553271612464
random_IR_0061.npz,random_IR_0061.npz,146.4541261196136,5.79318223167119e-14,16,41,L1_STFT,1.497798568927676e-09,1.497798568927676e-14,1.497798568927676e-14,1.497798568927676e-11,7.585372488547876e-14,8.773815107563126e-13,True,27.2557596589346,65.61058786570209,15.00879117656467,162799110064.5316,5472.016341243155,0.004980935355310458,3.925342969929767,409.0760050795848,0.7502495312137992,0.9948107315391779,164730548877.079,5493.543209676182,0.0049613800062435,3.925343017172346,409.0600048321078,0.7502496198088812,0.9948107908693714
random_IR_0062.npz,random_IR_0062.npz,109.2500813007355,8.29396609985239e-13,28,43,L1_STFT,5.711106297856073e-08,5.711106297856074e-13,5.711106297856074e-13,5.711106297856073e-10,8.212198824610051e-13,3.178719582676711e-14,True,28.8010592159384,36.68279140524422,10.01386374159281,140542779759.5649,6561.505847458682,0.004389397782384551,1.289382196650665,288.4098826019531,0.6305709184782382,0.8362709547357472,168363199444.4994,6968.670057439591,0.0041329377532552,1.289382200740163,288.4056133465206,0.6305709606455726,0.836270967604002
random_IR_0063.npz,random_IR_0063.npz,21.92236852645874,5.815084741858656e-13,1,54,L1_STFT,5.178938101053278e-08,5.178938101053278e-13,5.178938101053278e-13,5.178938101053278e-10,5.884848272748322e-13,1.419503610288794e-14,True,21.1032280809469,14.45877142389326,26.28467332983011,135364134244.9168,7182.99934754027,0.002937940971437432,2.600194613746603,554.691456312587,0.7132797928294159,0.6866672428713638,175105930059.7658,7826.568574489039,0.0026963559537433,2.600194699886638,554.6922617833324,0.7132798659734464,0.6866673246380872
random_IR_0064.npz,random_IR_0064.npz,29.64502477645874,9.402747406638684e-14,1,47,L1_STFT,2.017794656302391e-09,2.017794656302391e-14,2.017794656302391e-14,2.017794656302391e-11,9.83618026438593e-14,2.761751037991168e-12,True,31.97535362596377,34.72512685558172,1.440173069910329,103430137335.4028,6468.851032055245,0.004942972634168815,3.503105043402026,46.05004319297262,0.9093336687386011,0.9928906938018602,120323463532.3622,6803.387465199592,0.0046998676478127,3.50310505221164,46.01685081418805,0.9093335748914212,0.992890799545216
random_IR_0065.npz,random_IR_0065.npz,122.4031698703766,7.863525911151747e-14,6,54,L1_STFT,4.012970760798544e-09,4.012970760798545e-14,4.012970760798545e-14,4.012970760798544e-11,9.367670078226989e-14,2.389845264574293e-14,True,97.38441044247078,9.464150479649293,3.045312704019413,83198962125.97821,19496.39025192573,0.004994996980677065,3.910017937177141,296.565982293897,0.5618940439184608,0.975966740441383,105161266281.637,21079.81137619211,0.0046197933821997,3.91001794354402,296.5632995013792,0.5618940158922938,0.9759667794171432
random_IR_0066.npz,random_IR_0066.npz,13.93341302871704,3.875734368857797e-13,1,42,L1_STFT,3.907979252631643e-08,3.907979252631643e-13,3.907979252631643e-13,3.907979252631642e-10,4.091920758394346e-13,1.576139351291842e-14,True,60.77420269585949,15.68605138600131,0.9604358269718036,88729659525.43987,12291.75040864204,0.004944308229129887,1.776918530892932,58.36972162474983,0.6434940893021509,0.6957379250741199,201903192487.0775,16167.33106359655,0.003759073060311,1.776918740857479,58.36577541699886,0.6434940787783217,0.69573787907794
random_IR_0067.npz,random_IR_0067.npz,15.46279978752136,6.018472937900643e-13,1,58,L1_STFT,3.44875119095087e-08,3.44875119095087e-13,3.44875119095087e-13,3.44875119095087e-10,6.184465374710346e-13,4.548668129030614e-14,True,22.61590314261914,34.02095294108221,10.51556861209574,123429299308.0751,5484.230663269336,0.004123805968645569,2.185458974777386,237.8190812207232,0.6591894747382904,0.9212025841564684,135741622249.2239,5660.838262095689,0.0039951530301605,2.185458931630657,237.8148644666134,0.6591895196148866,0.9212026699067396
random_IR_0068.npz,random_IR_0068.npz,25.08442330360413,3.326376175373513e-13,1,45,L1_STFT,9.570434706427382e-09,9.570434706427383e-14,9.570434706427383e-14,9.570434706427382e-11,3.588875344909953e-13,5.737125228766313e-15,True,43.18462780880486,11.20454589683571,21.82683669053036,129147388194.458,12408.87478969666,0.003480140507555282,1.789451110835957,942.5838187241196,0.9707026908265424,0.8778748162202128,199695279035.7571,14349.15671759962,0.003009557829957,1.789451295445352,942.5841738619334,0.970702747783836,0.8778747823243125
random_IR_0069.npz,random_IR_0069.npz,22.67949676513672,2.142530944326815e-13,1,35,L1_STFT,2.017195193098715e-08,2.017195193098715e-13,2.017195193098715e-13,2.017195193098715e-10,2.18686071855323e-13,9.272131589856559e-15,True,53.22143666321971,15.03369638459923,18.68429093097438,119545913999.5382,12603.6560309514,0.004222698281555868,3.128767472350674,994.4048063800233,0.653469015596847,0.5846538119260565,77843076062.18388,10924.24763419148,0.0048718622664169,3.128767674651779,994.4008456397828,0.6534690754058543,0.5846538057869879
random_IR_0070.npz,random_IR_0070.npz,119.2167840003967,6.625574112788246e-13,15,42,L1_STFT,1.840808695439356e-08,1.840808695439356e-13,1.840808695439356e-13,1.840808695439356e-10,7.035197619777167e-13,1.262281796355451e-14,True,14.68236529885496,4.381397530857178,41.14596333239727,206455236729.1764,9665.350120100597,0.001519072264989211,2.310710458140847,604.1200642195482,0.9842193513040233,0.7779735553820663,203994040296.0961,9626.791512167656,0.001525157313893,2.310710486908434,604.1217628428418,0.9842193891812658,0.7779736018180169
random_IR_0071.npz,random_IR_0071.npz,15.44134116172791,7.122747487306458e-13,1,46,L1_STFT,5.8129282854613e-08,5.8129282854613e-13,5.8129282854613e-13,5.8129282854613e-10,6.535603763908882e-13,1.134684111382218e-14,True,33.94720574444386,15.16479490077763,26.41636259930208,110965753493.7609,9083.836791947208,0.003737099919555792,1.896988274116441,896.7616961783393,0.6431098398440448,0.7331676155027789,151467976333.8715,10076.58690171207,0.0033689216750473,1.89698835261603,896.7621906128276,0.6431098561270114,0.7331676332305133
random_IR_0072.npz,random_IR_0072.npz,56.30164241790771,1.30799657129671e-12,3,59,L1_STFT,1.187046174538488e-07,1.187046174538488e-12,1.187046174538488e-12,1.187046174538488e-09,1.372057090338885e-12,3.214513187729151e-14,True,16.4778813626146,5.303682551670295,30.70018740381315,90566524650.91194,7441.836667640237,0.002214222388710345,2.264969125277434,505.8740458500681,0.7672354130991911,0.8777915036154277,124074334173.7544,8265.159528420456,0.0019936538603318,2.264969252600836,505.8713251614701,0.7672355167045894,0.8777915612352039
random_IR_0073.npz,random_IR_0073.npz,10.23044443130493,7.165766461106338e-13,1,47,L1_STFT,6.90271336491581e-08,6.902713364915811e-13,6.902713364915811e-13,6.902713364915811e-10,7.228103207114478e-13,9.623097651183073e-14,True,15.71201739828479,62.01425851048705,54.88252673076159,145519360346.3637,3720.319175240733,0.004223298232810389,2.067171578245193,862.3152148555564,0.7286063307602241,0.5612675875364346,105807306211.2939,3345.377564339937,0.004696635066483,2.067171650794699,862.319923650434,0.7286064012030089,0.5612676654838124
random_IR_0074.npz,random_IR_0074.npz,13.42503499984741,2.856022709996076e-13,1,44,L1_STFT,2.85948189426945e-08,2.85948189426945e-13,2.85948189426945e-13,2.85948189426945e-10,2.97108800235979e-13,2.594319915407516e-14,True,55.96361566699543,17.33621080402064,12.15995566318566,118426237097.2314,12389.41840251463,0.004517049456949225,2.110580132339062,680.5150852622271,0.6104127255973999,0.6774321036694076,175710845616.5189,14130.82725704089,0.0039603901024707,2.110580368197142,680.5176759980144,0.6104126066102539,0.6774320762837187
random_IR_0075.npz,random_IR_0075.npz,27.43650913238525,2.63688593529765e-13,1,58,L1_STFT,2.554915526185842e-08,2.554915526185842e-13,2.554915526185842e-13,2.554915526185842e-10,2.956896609073584e-13,2.482151792194877e-14,True,34.98255350572084,16.77255015890508,15.54146656977695,96246745312.51317,8546.319963224194,0.004093288533106042,3.061103232491267,543.6801858345939,0.8580651711335029,0.5138631890967675,71625994474.91534,7744.753437776088,0.0045169390521253,3.061103198604642,543.682617047557,0.8580650461973646,0.5138632107191358
random_IR_0076.npz,random_IR_0076.npz,188.6470725536346,8.930646478409743e-13,56,49,L1_STFT,9.227998053596999e-08,9.227998053597e-13,9.227998053597e-13,9.227998053596999e-10,9.564370779743814e-13,7.811902403728914e-15,True,12.83983031793156,27.20233040460399,71.81659545556514,151810747386.2744,4340.643827382801,0.002958047429953118,2.180769430001521,922.1128996609913,0.5219133895917688,0.6778794236528414,129109175261.1474,4112.497446618522,0.0031221488582511,2.180769302480887,922.1122406525752,0.5219134678579773,0.6778793823273792
random_IR_0077.npz,random_IR_0077.npz,21.02471399307251,1.030341068540552e-12,1,36,L1_STFT,5.490195254496485e-08,5.490195254496485e-13,5.490195254496485e-13,5.490195254496484e-10,1.050397724529362e-12,4.763358200873041e-15,True,9.745903325702466,13.42512106328016,21.52263590299842,94987145057.02446,3909.123878237181,0.002493117033195014,2.904470041430947,209.7575288249156,0.8506822840555015,0.8392589405499149,155302457335.1123,4605.22078654936,0.0021162717929143,2.904470070635405,209.7578521561385,0.8506823028932962,0.839258998891953
random_IR_0078.npz,random_IR_0078.npz,192.1292052268982,7.767352299542507e-13,10,41,L1_STFT,2.131667286316683e-08,2.131667286316683e-13,2.131667286316683e-13,2.131667286316683e-10,8.146767765601637e-13,2.424703117876536e-14,True,13.86572637184737,1.039994424116101,46.67626619350417,161903423684.8105,13856.46928619956,0.001000668069582273,3.851697123114209,647.2003350986387,0.9817573805005861,0.5182671007404225,157077160325.4541,13717.37405743562,0.001010812855574,3.851696960089472,647.2001819274971,0.9817574567217188,0.5182671199513195
random_IR_0079.npz,random_IR_0079.npz,15.05384469032288,1.858638839623977e-13,1,33,L1_STFT,1.655843033924455e-08,1.655843033924455e-13,1.655843033924455e-13,1.655843033924455e-10,2.065504343083668e-13,1.478078432343548e-14,True,37.05236235709658,34.73740825228663,13.75925845362441,203302974237.1727,8938.71726846027,0.004145154303943993,3.119798793643624,509.8130299886359,0.5576491559494621,0.7265974801340356,187998544973.793,8708.539548420013,0.0042547145988074,3.119799049034205,509.8120985496179,0.557649033559888,0.7265974624876634
random_IR_0080.npz,random_IR_0080.npz,18.84671020507812,3.972771547497422e-13,1,37,L1_STFT,2.452876086701921e-08,2.452876086701921e-13,2.452876086701921e-13,2.452876086701921e-10,3.992576939632758e-13,1.564851644644987e-14,True,25.34288828833672,24.50315365300101,3.586608968628154,217314595928.0892,7970.315929625758,0.003179659189435252,2.607861824302338,90.89503042588987,0.8154145149136134,0.9446107057751254,129776139091.5892,6711.878628911786,0.0037758256437381,2.607861886255431,90.89482317508914,0.815414389779864,0.9446107827965348
random_IR_0081.npz,random_IR_0081.npz,142.0378158092499,6.693313980322968e-13,5,47,L1_STFT,2.760559931693572e-08,2.760559931693572e-13,2.760559931693572e-13,2.760559931693572e-10,6.666486481766987e-13,3.945826611606914e-14,True,28.86636430388059,1.599230654400104,33.96961134756241,127703235934.1355,18084.54070798672,0.00159619007029204,2.894595892991072,980.5791764199727,0.9619504366687022,0.775276548700812,143916276455.2346,18819.57181340327,0.0015338458837397,2.894595887899992,980.5803269859546,0.96195051108035,0.7752765889409965
random_IR_0082.npz,random_IR_0082.npz,34.09082531929016,1.051879869556731e-13,1,32,L1_STFT,1.018347600957647e-08,1.018347600957647e-13,1.018347600957647e-13,1.018347600957647e-10,1.114863071110216e-13,1.587084834556492e-14,True,85.19055805547463,6.098179261094973,11.3661396755384,67332881210.34357,19240.62337526412,0.004427640227342956,3.777587598961606,968.2877818955876,0.595638356308695,0.7006760303542852,72513174066.57114,19721.91684262938,0.0043195894744133,3.777587596878573,968.2867274301944,0.5956382820388606,0.7006759917795811
random_IR_0083.npz,random_IR_0083.npz,91.15902876853943,2.521755319753044e-13,2,50,L1_STFT,1.208078962136574e-08,1.208078962136574e-13,1.208078962136574e-13,1.208078962136574e-10,2.683531023263408e-13,7.920786452751225e-15,True,42.00576899689269,3.049070854922583,3.820270145493797,112172548685.4609,17936.10520542843,0.002341967139230399,3.861213641650593,160.4733852373381,0.9548590890714523,0.5885128781602836,135298345568.93,19092.52772242733,0.0022001156779037,3.86121382215672,160.4760392111622,0.9548590412336198,0.5885129284968702
random_IR_0084.npz,random_IR_0084.npz,40.79301834106445,3.851946160041836e-13,1,44,L1_STFT,4.817150561641393e-08,4.817150561641393e-13,4.817150561641393e-13,4.817150561641393e-10,3.989434921736895e-13,7.33570068302939e-15,True,42.86125622947615,4.577036537330832,1.784729633824812,67412489385.364,13398.13712124199,0.003199045945090534,3.017240655892142,76.49575413570442,0.5294116958053736,0.5393726617186944,104852009597.4905,15523.50711946701,0.0027610550113179,3.017240783373489,76.4960041625951,0.5294116060639636,0.5393727061422909
random_IR_0085.npz,random_IR_0085.npz,18.94615936279297,3.163516269690664e-13,2,33,L1_STFT,3.709841379792032e-08,3.709841379792032e-13,3.709841379792032e-13,3.709841379792032e-10,3.160072572540307e-13,6.482027343187891e-14,True,89.43989974866625,16.76980454030096,8.272416352872833,153299884864.603,18662.70699435568,0.004792439798562786,1.277127721354121,739.8840892801734,0.7691805631449026,0.6591786610561795,169905093628.3678,19313.57231561822,0.0046309318299401,1.277127757493684,739.8865189899227,0.7691805652251327,0.6591787185302154
random_IR_0086.npz,random_IR_0086.npz,76.57146859169006,3.109806791419534e-13,10,40,L1_STFT,2.668382581957661e-08,2.668382581957661e-13,2.668382581957661e-13,2.668382581957661e-10,3.148382704716568e-13,5.498517499445907e-15,True,23.36361714146344,12.11543281605869,20.14475624009426,113947659864.0028,7698.947746749353,0.003034650696431602,3.994090169839403,470.6543722016688,0.5955826373257798,0.6707140955337808,216867620188.3252,9541.009288561079,0.0024487562357575,3.994090528853153,470.6542427244174,0.5955826088435529,0.670714120444959
random_IR_0087.npz,random_IR_0087.npz,55.94094777107239,1.307131811643936e-12,1,37,L1_STFT,1.368078301784551e-07,1.368078301784551e-12,1.368078301784551e-12,1.368078301784551e-09,1.300468738772709e-12,6.917622604297786e-15,True,14.29449609708396,1.350608266665771,42.4816503525263,121278183248.1028,11770.98534854084,0.00121438398518234,3.073010978162899,607.2537851618729,0.626822572154846,0.762111303251,110451996444.6015,11409.75425407662,0.0012528304733545,3.073011131443504,607.2533015178009,0.6268225076527885,0.7621112442163909
random_IR_0088.npz,random_IR_0088.npz,39.28599238395691,4.768479990209518e-13,1,53,L1_STFT,5.848272592574296e-08,5.848272592574297e-13,5.848272592574297e-13,5.848272592574296e-10,4.52824599648724e-13,2.590210324671889e-14,True,58.43002734980372,3.00162832772835,5.775847705089444,94190205211.87294,21196.10984468521,0.002756639203040112,2.166990054902863,337.4829393766773,0.5574339162951741,0.6782620216000516,87416233057.07742,20675.28143960438,0.0028260795650506,2.16698998355742,337.4840069904222,0.5574339370574034,0.6782619471075488
random_IR_0089.npz,random_IR_0089.npz,224.4150578975677,1.734121472720535e-13,37,45,L1_STFT,1.241164635918634e-08,1.241164635918634e-13,1.241164635918634e-13,1.241164635918634e-10,1.788853353640318e-13,3.413300602295806e-13,True,77.15804971060544,6.695777532998294,5.148696134722695,74514842561.1133,18058.59304099193,0.004272650119279019,2.813978069228452,397.2633523077358,0.8634891871959323,0.8224154926233513,120839628417.5355,21216.42628573682,0.0036367058874001,2.813978012524425,397.2627746005704,0.8634892673003767,0.8224155203200885
random_IR_0090.npz,random_IR_0090.npz,21.32072114944458,1.096734736447808e-13,1,45,L1_STFT,9.654436639586757e-09,9.654436639586758e-14,9.654436639586758e-14,9.654436639586757e-11,1.091750388010349e-13,2.021699683131535e-14,True,82.42081570303155,22.12235605464197,10.79573186185281,206602652956.6154,17799.53281087157,0.004630504439571059,3.457856429561116,889.7930261651157,0.674394247201807,0.5823659146432094,173832017106.1985,16803.76511792492,0.0049049026538152,3.457856203417636,889.7947585089757,0.6743941031411909,0.5823659333212866
random_IR_0091.npz,random_IR_0091.npz,63.99724125862122,1.126829315620248e-12,4,52,L1_STFT,3.822359883423924e-08,3.822359883423924e-13,3.822359883423924e-13,3.822359883423924e-10,1.330900233770249e-12,5.640059937747033e-15,True,24.09046981155945,5.207750257623435,17.94434568309001,205135088080.7251,12666.09108088986,0.001901965622835784,1.281644366042719,432.287717966667,0.9797830260276287,0.5674870054514951,185281783770.3954,12243.52994424367,0.0019676068168059,1.281644408873448,432.2871583664868,0.9797830522977306,0.5674870353885574
random_IR_0092.npz,random_IR_0092.npz,80.77819156646729,1.040071349357741e-13,5,51,L1_STFT,3.155404140891271e-09,3.155404140891271e-14,3.155404140891271e-14,3.155404140891271e-11,1.003176084953331e-13,1.284659731188621e-10,True,61.71544658745282,11.47027291259612,12.07735334174654,180123735707.2455,17453.29682102363,0.003536033748828047,1.410312044606482,745.3592550803531,0.9918792117910428,0.7059028414176393,210182308273.1686,18375.22715052331,0.0033587788920542,1.410312006561996,745.4006199665534,0.9918788587077144,0.7059028291900177
random_IR_0093.npz,random_IR_0093.npz,38.77092671394348,1.178773875384898e-12,1,46,L1_STFT,1.037453799916046e-07,1.037453799916046e-12,1.037453799916046e-12,1.037453799916046e-09,1.208540429190053e-12,1.337679198980556e-14,True,23.51389534568057,3.029360282463966,29.1291082180627,116570563289.5647,12366.44496617142,0.001901427242024943,2.202971753601767,684.9388021525302,0.5576563482046117,0.7539106520455072,198895577165.2347,14777.12481868774,0.001591234706789,2.202972032229962,684.9375893391725,0.557656417445944,0.7539106848344175
random_IR_0094.npz,random_IR_0094.npz,496.9508435726166,6.09808644552734e-13,13,30,L1_STFT,8.768718905894441e-08,8.768718905894441e-13,8.768718905894441e-13,8.768718905894441e-10,6.636097921175477e-13,5.920279403987579e-15,True,36.55240193715904,1.404087608444977,4.624420411581536,96717274073.25279,20149.44337453085,0.001814065096376892,2.785137627313816,169.0336736105307,0.7406042936236434,0.5667586301497103,75955843102.0405,18590.11972468888,0.0019662281601596,2.785137596048984,169.0337158751,0.7406042429198557,0.5667586606374337
random_IR_0095.npz,random_IR_0095.npz,22.91448664665222,1.932365671555164e-13,1,42,L1_STFT,1.804591092171516e-08,1.804591092171516e-13,1.804591092171516e-13,1.804591092171516e-10,1.875923732758827e-13,1.742853834970916e-14,True,91.23344155358625,9.85617960876697,4.64424306660779,82958814385.54669,18397.96720146936,0.004958887063691464,2.425470317255948,423.7102783780099,0.6429133706450303,0.707858467109031,84949281320.02866,18543.94844908587,0.0049198493053692,2.425470407860965,423.7121163919383,0.6429135176133134,0.7078584429269938
random_IR_0096.npz,random_IR_0096.npz,17.59542441368103,2.636166838206749e-13,1,40,L1_STFT,2.327743645952558e-08,2.327743645952558e-13,2.327743645952558e-13,2.327743645952558e-10,2.590241389432979e-13,1.216130143224019e-14,True,58.41133273629168,12.5544316507258,5.901672932711377,81073112346.53433,12511.43620386365,0.004668635301697314,2.259455132312912,344.7245813733705,0.7055890148288484,0.721562389768156,164795595581.485,15848.81712610831,0.0036855339146806,2.259455206027059,344.7246801942339,0.7055889611748388,0.7215624625506164
random_IR_0097.npz,random_IR_0097.npz,271.277955532074,1.058570657345992e-12,7,56,L1_STFT,1.005305721680581e-07,1.005305721680581e-12,1.005305721680581e-12,1.005305721680581e-09,1.100119561420199e-12,2.002823109505935e-15,True,18.83680798924884,1.763517292013261,43.65967794880882,112544149094.2328,12626.07698245977,0.00149189712809585,2.882130183905016,822.4089703941536,0.7730923021295526,0.5641337824898219,178130397055.9288,14714.31782893637,0.0012801687605785,2.88213032944993,822.4085142883068,0.7730922705303713,0.564133784385955
random_IR_0098.npz,random_IR_0098.npz,95.52048659324646,1.260858279762689e-12,16,49,L1_STFT,1.101619991138711e-07,1.101619991138711e-12,1.101619991138711e-12,1.101619991138711e-09,1.253547612933836e-12,1.194217513620542e-14,True,7.846309253828671,36.69597205191921,40.91740729750312,146723034954.2461,2796.958839299323,0.002805300222363759,2.274603444074317,321.0506315210755,0.5637944327988018,0.8070909406264594,179799899117.261,2993.066108209288,0.0026214943313942,2.274603278561155,321.0497796133164,0.5637943844506254,0.8070909851920918
random_IR_0099.npz,random_IR_0099.npz,14.2975218296051,3.922342322899147e-13,1,49,L1_STFT,3.332116205496011e-08,3.332116205496011e-13,3.332116205496011e-13,3.332116205496011e-10,4.03730326080376e-13,1.16931979068126e-13,True,15.47316316052231,50.84996391850618,61.98716398565691,153563122546.8922,4005.59765703939,0.003862885013758174,3.139330611420465,959.137502208122,0.5243032869980294,0.7721092327171382,199676575343.0954,4372.005315600606,0.0035391452917347,3.139330739754926,959.1426605554552,0.5243032150759676,0.7721092589142711
random_IR_0100.npz,random_IR_0100.npz,26.12642765045166,8.597976931118412e-13,1,58,L1_STFT,6.156104218642385e-08,6.156104218642386e-13,6.156104218642386e-13,6.156104218642385e-10,8.635452379210373e-13,6.790618969311456e-14,True,18.61961049394547,9.913489527948096,19.60891714458226,127202432226.9291,7339.827299407249,0.002536791362304827,2.272306441567932,365.1103994401711,0.7638932503450249,0.9229606315985455,69925803309.64954,6012.65800087328,0.003096735441575,2.27230649202385,365.1062260612392,0.7638934087576754,0.9229606627155728
