filename,target_npz,runtime,best_loss,n_restarts_run,total_evaluations,cmaes_gen_count,best_popsize,loss_name,gt_loss,terrain_mean,early_threshold,nmse,gt_available,mu,D_mu,T0_mu,E,rho,h,Ly,T0,op_x,op_y,gt_E,gt_rho,gt_h,gt_Ly,gt_T0,gt_op_x,gt_op_y
random_IR_0001.npz,random_IR_0001.npz,157.2844440937042,4.650674782169517e-06,3,11835,199,59,L1_STFT_512,5.519488240679493e-06,0.4344939291477203,0.004133159380005736,0.01522524967346086,True,80.27924119750564,13.78047120242891,12.31884466218369,150181544501.4293,18413.46403710465,0.004359811985172174,2.691559177955708,988.9475019100491,0.8264879970465689,0.7244176893156065,131819184298.8524,12673.80384034166,0.0038607574654896,2.691559161389242,602.7673484378831,0.8264881154026615,0.7244177335187193
random_IR_0002.npz,random_IR_0002.npz,215.9095559120178,7.750527402095031e-06,13,10907,221,51,L1_STFT_512,7.85616703069536e-06,0.4500053524971008,0.004282832382166361,0.002686482044153353,True,97.22383101216967,17.8971937387893,4.561770047112215,156604845473.4373,19444.8410702765,0.00499998074866174,3.686141644571246,443.5127601768152,0.7883420455341161,0.9635423674814296,147920922722.1944,17314.43071595409,0.0048546510420041,3.686141702268032,383.4476844105894,0.7883418349360268,0.9635423527634041
random_IR_0003.npz,random_IR_0003.npz,213.9971513748169,0.234707310795784,20,10532,250,40,L1_STFT_512,1.662834620219655e-05,0.628121018409729,0.005983620051805701,0.04490220314425151,True,42.87442207114533,26.57609905917371,23.26363937062898,168718395405.9545,10122.90309292684,0.004235387978879587,2.61156104390027,997.4150932872606,0.8731423860278509,0.9895090077750259,186057982895.3271,18083.25309630123,0.0013485171988061,1.306004568773872,20.22819525635132,0.9363059526409414,0.9895229876940544
random_IR_0004.npz,random_IR_0004.npz,66.4148371219635,8.88034173840424e-06,1,7268,158,46,L1_STFT_512,9.779058018466458e-06,0.4706027209758759,0.004480412006238111,0.0001473869883466233,True,16.32802411785226,25.51222175158891,58.93651886924659,216404202544.6432,5857.928291961917,0.002787337656600733,3.417559753150448,962.3169015193133,0.5802432890251701,0.9728876913128853,164907916263.1111,4653.559206335945,0.0028459174490117,3.417559836228498,780.5313709946926,0.5802431108304328,0.972887769354296
random_IR_0005.npz,random_IR_0005.npz,62.22998189926147,3.293208919785684e-06,1,3944,116,34,L1_STFT_512,3.266269231971819e-06,0.4855104386806488,0.004615584407140431,0.000243338134247532,True,41.19553501080179,5.059944736562995,5.858508572151202,80564913864.46896,13392.11948080911,0.0030761027087486,2.613360000691148,241.3443949951373,0.7885326426972012,0.5192069364225169,136791000829.1319,16985.59336136327,0.002658647759962,2.613360133075208,264.5629665485059,0.7885326349456379,0.519207002213814
random_IR_0006.npz,random_IR_0006.npz,57.33127880096436,4.171463842794765e-06,1,4366,118,37,L1_STFT_512,4.961144441040233e-06,0.4573395550251007,0.004349639786307307,0.004613439086876078,True,86.81879239476504,8.97684546377597,8.86879823929651,103075880322.0003,19741.01238198165,0.004397889566900213,2.891143021521786,769.9783531285415,0.6861588863901693,0.7241455918314692,171318505762.8329,20172.46387607493,0.0034483828908896,2.891142941520044,616.9378275347882,0.6861588712811552,0.7241456573616774
random_IR_0007.npz,random_IR_0007.npz,1027.138122081757,0.1458312720060349,20,7203,217,30,L1_STFT_512,4.464340690901736e-06,0.4834938049316406,0.004597613076304924,0.01462125934178607,True,17.97108014625813,0.8982090146897904,42.30254916275635,172551910608.7841,17667.6749647171,0.001017172898083474,3.95635977756132,760.222501394919,0.5612163614147582,0.632503942289897,99188531844.29764,15037.9919488214,0.001240901886517,3.123130468189068,666.7700477785132,0.5731738858508781,0.6645598919528501
random_IR_0008.npz,random_IR_0008.npz,63.12307286262512,2.723010766203515e-06,1,4212,108,39,L1_STFT_512,2.691197323656525e-06,0.5309654474258423,0.005046837381494584,0.01487898802003072,True,37.94378985621636,3.761798123170147,6.362747748277592,181170810019.9979,18334.70290248237,0.002069506664930964,2.154761175075099,241.4267634687588,0.6123497464439794,0.5890416763790803,82612856044.4483,21011.42815551345,0.0032807870816715,2.154761235733606,438.6071274471857,0.612349610486469,0.5890416637636482
random_IR_0009.npz,random_IR_0009.npz,535.7298290729523,3.501830860841437e-06,10,15337,436,31,L1_STFT_512,4.39620771430782e-06,0.4869299232959747,0.004630188715052782,0.001191285687800536,True,22.91181868438808,4.683010680481859,32.97171888296318,117675494229.3956,10544.90073778098,0.002172786568042132,2.994014280832741,755.442044759067,0.5640837325569883,0.8316014212926155,91322346297.76453,7025.201129630132,0.0020131664101591,2.994014143849656,466.3161097485777,0.5640838191705095,0.831601498837984
random_IR_0010.npz,random_IR_0010.npz,462.6462047100067,0.2174931615591049,20,14695,383,38,L1_STFT_512,5.319924184732372e-06,0.4279378950595856,0.004070679387971041,0.1692062224635432,True,73.09620641470613,19.44277093189229,12.50903952817601,196341367541.4626,16864.11682471963,0.004334422441118342,3.483561990551338,914.3633354012718,0.7213431406318225,0.785119680021765,81856495196.33838,17864.67272114118,0.0017863294467202,1.50073055891098,368.7314834092575,0.920593004674414,0.5570882198680419
random_IR_0011.npz,random_IR_0011.npz,294.2996845245361,4.399830231704982e-06,3,9456,210,40,L1_STFT_512,4.381715825729771e-06,0.4652878642082214,0.004424574799503489,4.405118634296612e-07,True,39.84131928852739,9.585653034147553,24.62049556333113,109841098502.2334,11736.88062355828,0.003394540727334131,3.93173266815438,980.9130247804478,0.5292019683436789,0.6485753937419921,180107327647.9402,13801.09577120686,0.0028746048065908,3.931732448538848,976.7613205794552,0.5292020182046171,0.6485754116624407
random_IR_0012.npz,random_IR_0012.npz,342.4970703125,0.1439292579889297,20,14320,327,60,L1_STFT_512,3.483186901576119e-06,0.4337213039398193,0.004123802484054295,0.07944621806315441,True,89.19829967458804,7.820766063576038,0.5106356777542649,79974154152.99966,19338.39068066206,0.004612498586233665,1.513409677773561,45.54783420886129,0.5854888992596398,0.8303709330578106,130382238160.7445,8408.083772606749,0.0021845607900885,1.44857002751819,118.7365316770545,0.5414322732109044,0.8493113384913098
random_IR_0013.npz,random_IR_0013.npz,317.0739929676056,1.294173489441164e-05,13,29279,576,60,L1_STFT_512,1.291087028221227e-05,0.5560070276260376,0.005294854979461888,6.640685573669243e-05,True,10.72081935935023,13.96567211138517,60.48840498537606,76496698532.34596,3824.970544366813,0.002802850174922054,2.743144155152103,648.4852631834365,0.9653551319557032,0.6660987776548055,155119813820.0954,4196.081602258703,0.0020615579637577,2.743144217199068,523.252820986165,0.965355136812345,0.6660987867011486
random_IR_0014.npz,random_IR_0014.npz,89.09834337234497,3.483895852696151e-06,1,3596,116,31,L1_STFT_512,4.146399987803306e-06,0.4214986860752106,0.00400834452690242,0.0002884392955525073,True,16.33511768264192,2.503032177213349,59.59345904120083,162380595013.0693,11544.80414289199,0.001414932421586318,3.035489993167814,973.4661665537166,0.7973912230411648,0.5198526179791962,95028278387.08888,7870.83454740738,0.0015271914496175,3.035490101894677,716.3300408465243,0.7973913380569407,0.5198526976318718
random_IR_0015.npz,random_IR_0015.npz,314.0624196529388,1.501373662904371e-05,10,16505,363,42,L1_STFT_512,1.516196971351746e-05,0.5769384503364563,0.005495933209197574,6.184531237591753e-05,True,9.645111483933965,2.206073540771409,88.63722826191361,129604206886.38,7861.167163077394,0.001226931228384948,3.503926147273726,854.9159482130591,0.9814726390852654,0.6318890008124435,179484685384.757,7506.149896012699,0.0010187819047701,3.503926084730353,677.8197586308621,0.9814723871075448,0.6318890403247794
random_IR_0016.npz,random_IR_0016.npz,113.3617267608643,5.930961833655601e-06,4,12280,230,58,L1_STFT_512,5.887028237339109e-06,0.4495110213756561,0.004276185804537817,0.0007099813074377706,True,15.54094514167815,32.39144495344989,25.64972288716828,113608130942.912,4222.734811206488,0.003680303366537458,2.770856077072141,398.6209362887288,0.7290913069259205,0.9247401713220712,212770598762.0987,6623.934693643624,0.0033681677250873,2.770856269811727,572.2561832718154,0.7290914355226374,0.9247402495108528
random_IR_0017.npz,random_IR_0017.npz,79.44524550437927,6.931678854016354e-06,1,5762,134,43,L1_STFT_512,6.935705641808454e-06,0.4371803998947144,0.004160083615437998,4.391852471614306e-05,True,23.32783107834015,8.702208359780824,37.59902578780446,120095835800.9526,8739.734189906807,0.002669169401659903,3.128489796611312,877.1037222880574,0.7948238644299253,0.9420503424272721,201808789158.0077,9884.307927923312,0.0021897478034205,3.128489898420763,813.7996817242802,0.7948237075915707,0.9420503273088778
random_IR_0018.npz,random_IR_0018.npz,63.83976674079895,4.92584922540118e-06,1,5016,114,44,L1_STFT_512,5.059082468505949e-06,0.4685161113739014,0.004455914079237118,0.004021411511882921,True,95.70898733368217,10.97382295925655,6.298276295431596,125887123438.6133,21060.01906879589,0.004544582178251291,3.108341804494167,602.8016461834933,0.7176889788920503,0.8071326074210555,165530500482.1345,20404.37233279661,0.0039010171192785,3.108341611225521,501.329368682883,0.717688973793508,0.8071326749226829
random_IR_0019.npz,random_IR_0019.npz,261.1426439285278,3.120742576356861e-06,11,13988,308,42,L1_STFT_512,2.82710425381083e-06,0.4385124146938324,0.004168668186354807,0.0002845514497464527,True,13.10760174364735,8.867138195033982,37.95602935309135,218617611846.4574,7221.019876428593,0.001815200895158064,1.155660303988548,497.5125165305102,0.7200966244738799,0.5763822217229019,161556360636.8228,7883.459015556348,0.0022062992666981,1.155660275097067,660.1769357573102,0.7200966634634254,0.5763822914690007
random_IR_0020.npz,random_IR_0020.npz,55.08311676979065,4.445927061169641e-06,1,6360,120,53,L1_STFT_512,4.214066393615212e-06,0.4286860525608063,0.004076691532090535,0.0004999314750268849,True,49.06432466042494,12.068295926087,13.61983083807516,112355477602.8323,12582.75699101331,0.003899330225916865,1.965018586705802,668.2478020593873,0.8295306866755849,0.721395101285662,166939725438.1414,13227.31467837208,0.003279859642805,1.965018745272489,590.8768525205608,0.8295306023008275,0.7213950333626472
random_IR_0021.npz,random_IR_0021.npz,98.22755694389343,4.267816620995291e-06,1,4640,116,40,L1_STFT_512,4.318100309319561e-06,0.4538748264312744,0.004316087929453488,0.001010704772297856,True,39.34720019852323,5.377945035130974,9.190892500737032,88016596365.24583,13108.14145921456,0.003001737532429782,3.699985613692526,361.6358872296058,0.8549054601517843,0.5591111894919256,190347680324.0511,19198.15907429464,0.0024702474801915,3.699985127968082,435.8705666163742,0.8549054059347795,0.5591111747830275
random_IR_0022.npz,random_IR_0022.npz,41.85288000106812,4.708470441983081e-06,1,4862,143,34,L1_STFT_512,5.17435728397686e-06,0.4319500029087067,0.004108650228522492,0.0012326802432916,True,11.28909421789915,50.42948323624562,49.42585174285823,145555722118.8115,3197.693342372342,0.003530386753572769,3.766499711478075,557.9730971250415,0.5896212246104279,0.8116240905603034,199823286777.3368,5239.628127570282,0.0038569651981964,3.766499579859553,998.8470180978009,0.5896215379914237,0.8116241864990836
random_IR_0023.npz,random_IR_0023.npz,163.2052986621857,0.1287556439638138,20,9566,291,34,L1_STFT_512,5.444374892249471e-06,0.4353511929512024,0.004141228986367196,0.003467851513822149,True,63.00820847129538,18.03071722622676,2.470297075265304,211712488853.2578,16061.70845480558,0.003922883337634213,1.484033925161401,155.6489931043475,0.6025640461900991,0.8252499388239725,129299044475.5779,13129.09388595436,0.0043920329172889,1.45907795026338,807.3208855354235,0.5438918277730177,0.8517400988408361
random_IR_0024.npz,random_IR_0024.npz,61.63857245445251,4.411192549014231e-06,1,6466,122,53,L1_STFT_512,4.495651410252322e-06,0.5470370650291443,0.005201305060498726,0.001688190732809044,True,70.3188588204265,12.80696163367066,10.72822724056194,217377491285.1795,19539.78840842002,0.003598752317610816,2.415273676329738,754.3966967225286,0.5157396538428007,0.68638918672285,197937911386.0695,20769.80429405425,0.0038882223978813,2.4152737797664,866.3836621053699,0.5157399012506509,0.6863892515943983
random_IR_0025.npz,random_IR_0025.npz,677.2001821994781,0.1029631495475769,20,20000,522,38,L1_STFT_512,4.843755050387699e-06,0.4729908108711243,0.004498210442653089,0.02829279412350401,True,36.7356096538356,15.10219867875706,19.40386962405483,107829762227.89,9496.716709238199,0.003868243181151229,3.866054385415581,712.8129802831958,0.5115974985557464,0.8982454865628426,97599468309.14922,3451.554180777968,0.0016865187090457,3.216972631029768,521.0413958380673,0.5190756792857009,0.8989118746451361
random_IR_0026.npz,random_IR_0026.npz,664.0853912830353,2.979852979478892e-06,13,24719,519,47,L1_STFT_512,2.946931999758817e-06,0.4398342967033386,0.004181344754827478,0.0004139370808098041,True,32.15478022333487,2.3116318003858,24.86569154579338,145816019517.6234,17964.22071607956,0.001789934600088358,1.74938177953516,799.550846756222,0.5907002368820206,0.8145242829145167,71871356218.2901,15672.99075616242,0.0023814067227876,1.749381595375102,928.0820126526562,0.5907001366839773,0.8145244167348842
random_IR_0027.npz,random_IR_0027.npz,186.032167673111,4.167827682977077e-06,2,9301,218,47,L1_STFT_512,4.698715656559216e-06,0.4430882930755615,0.004213992862075656,4.772755178258508e-05,True,29.02363107205318,3.608992434416596,34.25995028865533,202985129598.6326,16148.90475265394,0.001797250743415487,2.773963011471843,994.3481577248141,0.7990559090163156,0.8677597473759395,148951818862.8186,13972.55997215884,0.001951571285498,2.773962906952086,934.2146557848146,0.7990558884137398,0.8677597944632172
random_IR_0028.npz,random_IR_0028.npz,210.1714327335358,6.583522008440923e-06,12,22058,407,60,L1_STFT_512,6.62707316223532e-06,0.4503948986530304,0.004285315653170983,0.05184853840333079,True,73.2273181688301,21.31156251209928,13.64723911372875,141117320423.58,14668.51856817008,0.004992141355551033,2.004640376828726,999.3507207071178,0.8723800274057121,0.750324595394217,211488975667.5418,5930.42851055032,0.0025928842488643,2.004640486890846,209.8516505376324,0.8723798895741509,0.7503248162226079
random_IR_0029.npz,random_IR_0029.npz,540.6813290119171,4.504641765379347e-06,14,18476,378,53,L1_STFT_512,3.703802576637827e-06,0.460904985666275,0.004382265980281772,0.006437053274497896,True,41.76236563129237,3.915972636356543,2.714747343728158,96744583970.05165,15645.93629864834,0.002669214857719971,1.759502315172534,113.3742711653551,0.8512083416228216,0.6950983061860831,114704769945.0977,10597.03256049267,0.0020174259270815,1.759502421122638,58.03858003227238,0.8512083095195752,0.6950984012533157
random_IR_0030.npz,random_IR_0030.npz,303.0443081855774,5.191340278543066e-06,3,13887,307,45,L1_STFT_512,5.410500307334587e-06,0.4567185938358307,0.004344185741994806,0.002524882392432865,True,29.46941968157551,0.9628622762806057,4.026727564914322,101991065756.4011,20146.34194597915,0.001462767769980052,1.620850682913063,118.6653245538288,0.7729237530737161,0.9493688756811218,136415617217.0749,15202.58414177307,0.0010987149135653,1.620850664922941,67.25895896693396,0.7729238134432739,0.9493689335897676
random_IR_0031.npz,random_IR_0031.npz,130.5234661102295,5.784268068964593e-06,1,4662,126,37,L1_STFT_512,5.517325007531326e-06,0.4543737173080444,0.004322015224846382,0.0005048791300441389,True,19.49228865069067,2.947224699966965,48.10640572058358,186345052652.1993,12877.33285150879,0.001513689898013845,3.971982954873737,937.7039462528521,0.881605274715727,0.666808444761813,70159602918.25648,7380.460682658432,0.0018675879375938,3.971982947450442,663.0815723180698,0.8816055403797093,0.6668084039030092
random_IR_0032.npz,random_IR_0032.npz,160.8570301532745,5.991751550027402e-06,3,10688,250,57,L1_STFT_512,5.903871624468593e-06,0.4358741044998169,0.004146651777592296,0.0002562127693683365,True,43.73370173221932,14.05947289362031,17.3859030854264,111010796639.9971,11031.26654610168,0.003964522255848698,2.212045160915873,760.3498998833096,0.6440356410716725,0.9010429622040903,200515550283.4515,14254.8586595136,0.0033532684542144,2.212045293098504,831.0501447516381,0.6440355970596615,0.9010429486171564
random_IR_0033.npz,random_IR_0033.npz,16.29863238334656,7.71153463574592e-06,1,4992,128,39,L1_STFT_512,9.504344234301243e-06,0.4907951354980469,0.004671967840195521,0.0006198846891752112,True,24.85830830263788,67.28190496559903,22.04650670166627,198628890459.0153,5453.118286806468,0.004558549254796334,1.638344157653874,548.0388605861925,0.8681194910297002,0.6344313261720109,211947700344.8055,6481.544329734899,0.0048111666278877,1.638344238487262,687.4914015050514,0.8681193453173773,0.6344314048715627
random_IR_0034.npz,random_IR_0034.npz,211.1928427219391,4.308510142436717e-06,12,15121,289,43,L1_STFT_512,3.777852498387801e-06,0.4165012836456299,0.003960504157533137,0.06535944279878249,True,84.40415259224868,17.49769639452977,1.319741270132281,133113780838.2357,16889.07052488148,0.004997560550647354,1.718604621317031,111.3916435465331,0.6933442320990377,0.7371520108002183,131976876718.9804,6330.437418292857,0.0030728028557226,1.718604734365698,25.67246142735103,0.6933432903637705,0.7371519579387572
random_IR_0035.npz,random_IR_0035.npz,216.9530112743378,0.2190712541341782,20,19406,457,31,L1_STFT_512,6.293197657214478e-06,0.4744305908679962,0.004513324025525435,0.1133525204995022,True,56.9932425494765,16.86138666604269,17.49472054055544,219826973261.037,15555.85790793044,0.003663780094084115,1.109380021661319,997.0808511031848,0.8035196058400723,0.6350304593493027,146159003394.5795,4639.598892086222,0.0033471373858326,1.905123248254723,863.8569673671722,0.5747133721091251,0.861261243784371
random_IR_0036.npz,random_IR_0036.npz,44.28687191009521,1.024783978209598e-05,1,6972,166,42,L1_STFT_512,1.07263676909497e-05,0.47870734333992,0.004558344228927126,0.00134629021747604,True,26.1298790085601,25.99834036153862,10.90486703478218,164102831983.3937,7262.691139432563,0.003597823245806049,2.248573059990782,284.9428562232939,0.6842499836245316,0.9708116279712024,141672610939.29,5153.137875655491,0.003261685247434,2.248573138141152,183.2880034157165,0.6842502415464783,0.9708116531738784
random_IR_0037.npz,random_IR_0037.npz,101.2563354969025,1.392484955431428e-05,3,17688,310,58,L1_STFT_512,1.373017676087329e-05,0.5773544311523438,0.005498466836028911,3.112936122544565e-05,True,17.38949446500055,53.73989565449271,56.58244784588904,214514813079.434,4751.826988036009,0.003659538638250768,3.319443133241121,983.9401636322694,0.7963934945015149,0.9813488274654775,151485447898.1282,3998.341786309949,0.0039946544794021,3.319443236040199,903.720702548536,0.7963932737883268,0.9813488254881422
random_IR_0038.npz,random_IR_0038.npz,30.59318947792053,7.248477231769357e-06,1,5084,164,31,L1_STFT_512,6.646496331086382e-06,0.4645098149776459,0.004419426596903577,0.0127619548822944,True,34.07825933695323,26.17302670829601,18.65292010648538,144331581295.192,8287.748599628656,0.004111883815887001,1.947227916954433,635.659048780278,0.8382585675552399,0.8947248176217374,209217985469.2052,2738.877036319715,0.0019633151196617,1.947227827698392,100.3029393260752,0.8382591078295459,0.8947249268913375
random_IR_0039.npz,random_IR_0039.npz,37.194659948349,1.057607551047113e-05,1,6000,125,48,L1_STFT_512,1.09634192995145e-05,0.4916523694992065,0.004681556777058631,0.0435166008921986,True,91.67368162449128,18.63920714022631,1.654070004497228,186005168675.3904,19534.91235669175,0.0046928125373999,1.917017193086098,151.6346869768997,0.9394874409051857,0.6756978424206511,216556756380.9004,11559.79880357091,0.0033456406647453,1.917017306686452,63.96462656831992,0.9394875702051296,0.6756978864000543
random_IR_0040.npz,random_IR_0040.npz,323.0198709964752,6.259127530938713e-06,4,8118,246,35,L1_STFT_512,6.502542873931816e-06,0.4875769019126892,0.004638421336887177,0.004600500789860047,True,21.55037182803328,3.103311215795423,24.4779452562374,91475182910.46358,10676.07598786938,0.002018566732994384,3.88855346490486,527.5088218581593,0.8189195780351028,0.9384011054209467,189277995864.9159,20127.90084848217,0.0019268065058848,3.888553448170346,949.3193292274572,0.8189194890647277,0.938401103646224
random_IR_0041.npz,random_IR_0041.npz,178.9721488952637,0.2237318903207779,20,26863,531,56,L1_STFT_512,1.272674671781715e-05,0.5726585984230042,0.005452862527642537,0.001739337814254634,True,19.17517404708251,82.90713849931437,27.29319815236211,190157202909.4838,4216.469732417104,0.004547684500059315,1.995384811223474,523.3518248730543,0.5924819273846531,0.9864574697191738,120126728243.6296,2678.85292586731,0.0043957742212516,1.94975882507261,617.8805131506047,0.5825890218646008,0.991096401010944
random_IR_0042.npz,random_IR_0042.npz,49.14741897583008,6.817843768658349e-06,1,3751,121,31,L1_STFT_512,6.808251782786101e-06,0.4662293195724487,0.004435922109329113,0.0009079837815584281,True,20.3249470913942,7.465017220452777,22.85427765442796,150544555960.4969,9047.186063342771,0.002246549031830622,2.487273966037661,464.5119841382812,0.9128377570074815,0.6030254788735969,87945741567.89664,9359.39059523681,0.0029895654619946,2.487273890415965,639.4761216735596,0.9128376892651804,0.6030254768323514
random_IR_0043.npz,random_IR_0043.npz,498.7389421463013,0.0910656601190567,20,10828,320,36,L1_STFT_512,1.544427868793719e-05,0.5971515774726868,0.005688237544030926,0.006585191521326139,True,19.01144281500947,3.704804349791575,52.5812445537178,123518414029.6448,10231.70524508885,0.001858091330781332,2.582883205509897,999.6453239750342,0.9799773046196185,0.9542539865949711,215856681820.5389,18639.20052752765,0.0018972681158989,2.582825049384723,97.85350604918912,0.98080898245087,0.9542121946183776
random_IR_0044.npz,random_IR_0044.npz,130.1572134494781,3.082204329984961e-06,1,6360,106,60,L1_STFT_512,2.990616394527024e-06,0.4745410084724426,0.004511101786026984,0.005447012259390872,True,42.27741304302022,4.916485305235742,3.447593727327285,101850715623.1038,14875.03086680433,0.002842173130367619,3.344737055261734,145.7553440147413,0.57491892065177,0.536179286558301,102531823752.1542,10086.13402257958,0.0023325806081145,3.344737264826052,81.1105789740969,0.5749189410314117,0.5361793190755444
random_IR_0045.npz,random_IR_0045.npz,829.7972693443298,0.2290270775556564,20,16711,359,56,L1_STFT_512,6.313902758847689e-06,0.5111202001571655,0.004861895822175711,0.07343122502139184,True,35.64954504732187,3.601843312785656,5.031882527173814,206584536393.1045,18642.7289337621,0.001912249283567081,3.116146465526606,179.3843228253147,0.7951305441930516,0.819270840522812,79166878635.77364,5192.596933527051,0.0010457098345001,3.204223656210679,770.5830426952912,0.5539054867769166,0.8393034256034181
random_IR_0046.npz,random_IR_0046.npz,60.84570932388306,4.534260369837284e-06,1,5940,132,45,L1_STFT_512,3.142230298180948e-06,0.4744569063186646,0.004510452989137661,9.116803167291409e-05,True,52.33638945512113,6.125021229398928,11.16737100570062,78817862088.68906,14632.68473254406,0.00357667717248917,1.811564863085123,584.4598781441754,0.6424604674079235,0.5744268352243131,178237772194.8332,18608.36206798132,0.0026821578667203,1.81156490857325,557.3732176360037,0.6424606735669702,0.5744265716526525
random_IR_0047.npz,random_IR_0047.npz,96.77625250816345,4.15695421907003e-06,2,8669,205,51,L1_STFT_512,4.142661509831669e-06,0.4308660924434662,0.004097331184438417,0.006661768440785486,True,45.01872650314591,6.74492161204945,10.79490023656364,178238837680.3819,16822.34134337947,0.002676127275283431,1.260585529529546,485.9726613786037,0.8508565594661741,0.6489243455240761,171542044338.7951,11005.44265584902,0.0022063945379237,1.260585529221474,262.1255280581859,0.85085646836304,0.6489242348252616
random_IR_0048.npz,random_IR_0048.npz,45.9153459072113,6.995679996180115e-06,1,5655,145,39,L1_STFT_512,7.21393416824867e-06,0.4569362998008728,0.004348040249901942,3.784509071146934e-05,True,7.596889248558231,13.12094871478094,130.6852851275195,177307946871.4445,4107.970758758944,0.001849304606747815,2.20178828717206,992.8016375300195,0.8915607858130963,0.8909296781445428,173640577983.9231,3498.743836944917,0.0017246038469476,2.20178817211035,788.5476268513956,0.8915607440111406,0.8909297053058891
random_IR_0049.npz,random_IR_0049.npz,58.27040505409241,3.682035867313971e-06,1,6438,111,58,L1_STFT_512,3.967654720327118e-06,0.4614024460315704,0.004387253199300403,0.001828325524543192,True,29.72512128231136,9.059846328004452,31.15321751966494,174707823123.9332,11484.05921221989,0.002588381053511256,1.852325293397222,926.0331691062672,0.6065566581211973,0.7353292848050453,123740478280.337,7559.05176557998,0.0024952525517302,1.852325436601529,587.6037592000371,0.6065565972909635,0.7353293830404436
random_IR_0050.npz,random_IR_0050.npz,114.917786359787,1.350114052911522e-05,7,17768,387,32,L1_STFT_512,1.467791116738226e-05,0.5552952289581299,0.005289843146113526,0.003847403088256689,True,66.92203319514434,14.65774598166676,1.504282574237617,164154170197.1471,16458.49627542815,0.004066108596752922,1.229375536831711,100.669648368007,0.7929960736447503,0.9801224228190055,113941945230.415,12184.10079803269,0.0041991835382824,1.229375673636931,76.96567742216287,0.792996044927374,0.9801223370083784
