filename,target_npz,runtime,best_loss,n_restarts_run,best_popsize,loss_name,gt_loss,nmse,gt_available,mu,D_mu,T0_mu,E,rho,h,Ly,T0,op_x,op_y,gt_E,gt_rho,gt_h,gt_Ly,gt_T0,gt_op_x,gt_op_y
random_IR_0001.npz,random_IR_0001.npz,26.644,1.205e-05,1,60,L1_STFT,1.403e-05,0.00035362,True,53.70804021,13.78047127,12.31886422,69035096613.908,10870.36145177,0.00494078,2.69155909,661.622055,0.82648809,0.7244177,131819184298.85242,12673.80384034,0.00386076,2.69155916,602.76734844,0.82648812,0.72441773
random_IR_0002.npz,random_IR_0002.npz,32.177,2.006e-05,1,46,L1_STFT,2.066e-05,0.02671621,True,42.52899893,17.89719277,4.56171804,170346215636.94543,11523.60749387,0.0036906,3.68614166,194.00530157,0.7883419,0.96354237,147920922722.1944,17314.43071595,0.00485465,3.6861417,383.44768441,0.78834183,0.96354235
random_IR_0003.npz,random_IR_0003.npz,127.176,4.08e-05,15,60,L1_STFT,4.55e-05,0.00063586,True,17.97912552,1.66315274,0.82956228,129849381304.47821,13090.73763965,0.00137342,1.30600466,14.91480429,0.93630601,0.98952308,186057982895.32712,18083.2530963,0.00134852,1.30600457,20.22819526,0.93630595,0.98952299
random_IR_0004.npz,random_IR_0004.npz,38.35,2.233e-05,1,58,L1_STFT,2.43e-05,0.00020925,True,16.91879735,25.5122245,58.9360206,84079734164.73633,4376.9993836,0.00386539,3.41755968,997.12658895,0.5802431,0.97288776,164907916263.11115,4653.55920634,0.00284592,3.41755984,780.53137099,0.58024311,0.97288777
random_IR_0005.npz,random_IR_0005.npz,24.623,8.56e-06,1,30,L1_STFT,8.55e-06,0.00069112,True,51.83776616,5.0599444,5.85850333,175369698479.73804,20229.3974929,0.0025625,2.61335993,303.69172585,0.78853268,0.51920701,136791000829.13193,16985.59336136,0.00265865,2.61336013,264.56296655,0.78853263,0.519207
random_IR_0006.npz,random_IR_0006.npz,27.217,1.089e-05,1,47,L1_STFT,1.207e-05,0.01421508,True,99.85332508,8.97684433,8.8687685,82514775992.29681,20121.49246517,0.00496252,2.89114281,885.57602455,0.68615899,0.72414564,171318505762.83295,20172.46387607,0.00344838,2.89114294,616.93782753,0.68615887,0.72414566
random_IR_0007.npz,random_IR_0007.npz,278.102,9.73e-06,6,46,L1_STFT,1.17e-05,0.00026946,True,22.83112951,0.90280507,35.73132914,163169411338.83823,20307.15152215,0.00112429,3.12313029,815.7866032,0.57317397,0.66455983,99188531844.29764,15037.99194882,0.0012409,3.12313047,666.77004778,0.57317389,0.66455989
random_IR_0008.npz,random_IR_0008.npz,28.616,6.69e-06,1,39,L1_STFT,6.83e-06,0.00029524,True,64.56858184,3.76179817,6.36270599,90923897356.5343,20767.81668985,0.00310907,2.15476103,410.83090255,0.61234966,0.58904164,82612856044.4483,21011.42815551,0.00328079,2.15476124,438.60712745,0.61234961,0.58904166
random_IR_0009.npz,random_IR_0009.npz,197.78,9.59e-06,9,54,L1_STFT,1.049e-05,0.00386687,True,29.94146886,4.68300895,32.97175375,111412243518.24252,12376.57670422,0.0024192,2.99401421,987.22273824,0.56408369,0.83160147,91322346297.76453,7025.20112963,0.00201317,2.99401414,466.31610975,0.56408382,0.8316015
random_IR_0010.npz,random_IR_0010.npz,79.424,1.268e-05,4,45,L1_STFT,1.332e-05,5.12e-05,True,30.09435586,1.29965673,11.55453037,72884874055.7496,16527.56128376,0.00182086,1.50073054,347.72614872,0.92059292,0.55708818,81856495196.33838,17864.67272114,0.00178633,1.50073056,368.73148341,0.920593,0.55708822
random_IR_0011.npz,random_IR_0011.npz,44.773,1.117e-05,1,43,L1_STFT,1.169e-05,3.719e-05,True,38.12328443,9.58565006,24.62048213,182240501116.76587,13492.23226501,0.00282557,3.93173234,938.6136431,0.52920199,0.6485754,180107327647.94016,13801.09577121,0.0028746,3.93173245,976.76132058,0.52920202,0.64857541
random_IR_0012.npz,random_IR_0012.npz,67.363,8.52e-06,6,54,L1_STFT,8.64e-06,0.01869432,True,53.10502628,6.57804891,6.46434944,197619162291.23233,19601.24075801,0.00270927,1.44857002,343.28944692,0.54143224,0.8493113,130382238160.7445,8408.08377261,0.00218456,1.44857003,118.73653168,0.54143227,0.84931134
random_IR_0013.npz,random_IR_0013.npz,52.994,3.328e-05,1,51,L1_STFT,3.309e-05,0.00094642,True,16.46638648,13.96567337,60.48847005,67534995405.94301,4884.69022295,0.00337102,2.74314419,996.02652563,0.96535489,0.66609875,155119813820.09543,4196.08160226,0.00206156,2.74314422,523.25282099,0.96535514,0.66609879
random_IR_0014.npz,random_IR_0014.npz,97.021,9.17e-06,5,42,L1_STFT,1.054e-05,2.632e-05,True,13.32372029,2.50303219,59.593541,79881579940.80562,7955.96567146,0.00167468,3.03549005,794.00767147,0.79739131,0.5198527,95028278387.08888,7870.83454741,0.00152719,3.0354901,716.33004085,0.79739134,0.5198527
random_IR_0015.npz,random_IR_0015.npz,262.668,4.073e-05,23,37,L1_STFT,4.301e-05,3.129e-05,True,9.0683563,2.20607354,88.63725911,198332657104.15875,8694.13323129,0.00104304,3.50392574,803.79424683,0.98147237,0.63188904,179484685384.75702,7506.14989601,0.00101878,3.50392608,677.81975863,0.98147239,0.63188904
random_IR_0016.npz,random_IR_0016.npz,16.894,1.567e-05,1,52,L1_STFT,1.542e-05,0.00090595,True,29.95749378,32.39144359,25.64949737,96442490467.56432,6192.96818359,0.00483734,2.77085622,768.39465812,0.72909145,0.92474024,212770598762.0987,6623.93469364,0.00336817,2.77085627,572.25618327,0.72909144,0.92474025
random_IR_0017.npz,random_IR_0017.npz,59.802,1.732e-05,2,50,L1_STFT,1.814e-05,0.00011235,True,18.9511746,8.70220573,37.59911607,206345427639.4939,9113.70742202,0.00207941,3.12848979,712.54741341,0.79482362,0.94205033,201808789158.0077,9884.30792792,0.00218975,3.1284899,813.79968172,0.79482371,0.94205033
random_IR_0018.npz,random_IR_0018.npz,28.417,1.232e-05,1,49,L1_STFT,1.266e-05,2.666e-05,True,80.90959979,10.97382359,6.29822354,95776672333.75288,17188.96725758,0.00470707,3.10834163,509.58674602,0.71768901,0.80713268,165530500482.13452,20404.3723328,0.00390102,3.10834161,501.32936868,0.71768897,0.80713267
random_IR_0019.npz,random_IR_0019.npz,13.521,6.71e-06,1,34,L1_STFT,6.66e-06,0.00119374,True,26.17123296,8.8671394,37.95590561,68366309761.37654,7771.73795648,0.00336749,1.15566037,993.35284785,0.72009673,0.57638236,161556360636.82275,7883.45901556,0.0022063,1.15566028,660.17693576,0.72009666,0.57638229
random_IR_0020.npz,random_IR_0020.npz,14.49,1.057e-05,1,33,L1_STFT,1.063e-05,0.0082897,True,66.51543227,12.06829728,13.61975519,84482928064.06638,14015.38687322,0.00474589,1.96501862,905.92390353,0.82953063,0.72139502,166939725438.14145,13227.31467837,0.00327986,1.96501875,590.87685252,0.8295306,0.72139503
random_IR_0021.npz,random_IR_0021.npz,46.395,1.089e-05,1,42,L1_STFT,1.145e-05,0.00496989,True,65.33486054,5.37794468,9.19086423,100039168704.76874,19182.1398412,0.00340603,3.69998502,600.48383275,0.85490544,0.55911113,190347680324.05112,19198.15907429,0.00247025,3.69998513,435.87056662,0.85490541,0.55911117
random_IR_0022.npz,random_IR_0022.npz,20.046,1.106e-05,1,56,L1_STFT,1.24e-05,2.809e-05,True,18.86265619,50.42947415,49.42568576,100282986648.42372,3976.78396006,0.00474319,3.7664995,932.29971738,0.58962153,0.81162409,199823286777.3368,5239.62812757,0.00385697,3.76649958,998.8470181,0.58962154,0.81162419
random_IR_0023.npz,random_IR_0023.npz,29.801,1.053e-05,4,60,L1_STFT,1.132e-05,0.00532786,True,39.11894588,16.88648162,14.00058707,106933789022.88373,9514.78946219,0.00411138,1.45907792,547.68820795,0.54389177,0.85174007,129299044475.57794,13129.09388595,0.00439203,1.45907795,807.32088554,0.54389183,0.8517401
random_IR_0024.npz,random_IR_0024.npz,17.086,1.016e-05,1,40,L1_STFT,1.061e-05,6.4e-07,True,80.96158377,12.80696375,10.72818134,96178114136.57294,16356.05321991,0.00494995,2.41527368,868.57055213,0.51573992,0.68638925,197937911386.0695,20769.80429405,0.00388822,2.41527378,866.38366211,0.5157399,0.68638925
random_IR_0025.npz,random_IR_0025.npz,272.553,1.232e-05,28,58,L1_STFT,1.26e-05,0.00041381,True,10.98931439,7.14928402,89.50876769,77873150834.00095,4889.95230922,0.00224733,3.21697269,983.63998898,0.51907569,0.89891181,97599468309.14922,3451.55418078,0.00168652,3.21697263,521.04139584,0.51907568,0.89891187
random_IR_0026.npz,random_IR_0026.npz,36.165,7.15e-06,1,49,L1_STFT,7.29e-06,0.00036797,True,32.45025295,2.31163111,24.86569418,79409868230.92073,14759.77935882,0.00219856,1.74938154,806.89806594,0.59070004,0.81452441,71871356218.2901,15672.99075616,0.00238141,1.7493816,928.08201265,0.59070014,0.81452442
random_IR_0027.npz,random_IR_0027.npz,41.733,1.104e-05,1,42,L1_STFT,1.214e-05,5.67e-05,True,29.18157704,3.60899274,34.25991434,130931770085.00552,14003.65303139,0.00208385,2.77396294,999.75832985,0.79905579,0.86775981,148951818862.8186,13972.55997216,0.00195157,2.77396291,934.21465578,0.79905589,0.86775979
random_IR_0028.npz,random_IR_0028.npz,16.381,1.457e-05,1,54,L1_STFT,1.564e-05,0.0149848,True,46.47714612,21.31155872,13.6473948,153565963798.5467,11142.9978307,0.00417097,2.00464038,634.29196225,0.8723799,0.75032481,211488975667.54184,5930.42851055,0.00259288,2.00464049,209.85165054,0.87237989,0.75032482
random_IR_0029.npz,random_IR_0029.npz,42.464,9.78e-06,1,60,L1_STFT,9.72e-06,0.02452947,True,61.16948729,3.91597443,2.71481283,92781885989.89279,19899.71404359,0.00307389,1.75950239,166.06370909,0.85120826,0.69509842,114704769945.09769,10597.03256049,0.00201743,1.75950242,58.03858003,0.85120831,0.6950984
random_IR_0030.npz,random_IR_0030.npz,77.775,1.332e-05,4,30,L1_STFT,1.426e-05,0.00303684,True,30.70399583,0.96286219,4.02672974,109896288229.71317,21226.84205304,0.00144647,1.62085068,123.63669314,0.77292377,0.94936887,136415617217.07494,15202.58414177,0.00109871,1.62085066,67.25895897,0.77292381,0.94936893
random_IR_0031.npz,random_IR_0031.npz,57.563,1.405e-05,1,41,L1_STFT,1.491e-05,0.0001637,True,17.03423589,2.94722364,48.10633041,140040135014.83044,10701.48564742,0.00159176,3.9719829,819.45457999,0.88160548,0.66680836,70159602918.25648,7380.46068266,0.00186759,3.97198295,663.08157232,0.88160554,0.6668084
random_IR_0032.npz,random_IR_0032.npz,25.81,1.426e-05,1,60,L1_STFT,1.419e-05,0.00506623,True,29.71695511,14.0594794,17.38585677,147540330594.19885,9374.16374671,0.00317009,2.2120452,516.65472521,0.6440357,0.90104293,200515550283.45148,14254.85865951,0.00335327,2.21204529,831.05014475,0.6440356,0.90104295
random_IR_0033.npz,random_IR_0033.npz,8.042,1.83e-05,1,45,L1_STFT,2.086e-05,0.00095783,True,23.32091755,67.28191105,22.04639297,159119445370.41956,4853.49471254,0.00480497,1.63834414,514.14211284,0.86811949,0.63443139,211947700344.80545,6481.54432973,0.00481117,1.63834424,687.49140151,0.86811935,0.6344314
random_IR_0034.npz,random_IR_0034.npz,41.71,8.88e-06,4,55,L1_STFT,9.34e-06,0.0363036,True,67.85972083,17.4976927,1.31984186,159775293679.46265,15519.11023724,0.00437266,1.71860467,89.56409992,0.69334341,0.73715195,131976876718.98044,6330.43741829,0.0030728,1.71860473,25.67246143,0.69334329,0.73715196
random_IR_0035.npz,random_IR_0035.npz,54.626,1.335e-05,8,43,L1_STFT,1.492e-05,7.37e-05,True,17.71038627,31.37181971,55.62705957,160528831935.56512,5225.2325859,0.0033894,1.90512306,985.17671224,0.57471339,0.86126127,146159003394.57947,4639.59889209,0.00334714,1.90512325,863.85696737,0.57471337,0.86126124
random_IR_0036.npz,random_IR_0036.npz,15.446,2.543e-05,1,37,L1_STFT,2.684e-05,0.01751651,True,50.43288046,25.99833765,10.90452525,195733992477.46478,11939.84163381,0.00422392,2.24857306,549.94661861,0.68425025,0.97081167,141672610939.29004,5153.13787566,0.00326169,2.24857314,183.28800342,0.68425024,0.97081165
random_IR_0037.npz,random_IR_0037.npz,20.787,3.228e-05,1,52,L1_STFT,3.484e-05,4.456e-05,True,17.6680168,53.7398898,56.58150691,101046019530.44713,3736.64501189,0.00472831,3.31944312,999.68301448,0.7963933,0.98134881,151485447898.1282,3998.34178631,0.00399465,3.31944324,903.72070255,0.79639327,0.98134883
random_IR_0038.npz,random_IR_0038.npz,10.822,1.66e-05,1,35,L1_STFT,1.683e-05,0.02819766,True,48.03962047,26.17302675,18.65254099,123439585870.68628,9890.44213975,0.00485718,1.94722787,896.06098984,0.83825905,0.89472493,209217985469.20517,2738.87703632,0.00196332,1.94722783,100.30293933,0.83825911,0.89472493
random_IR_0039.npz,random_IR_0039.npz,18.772,2.562e-05,1,55,L1_STFT,2.702e-05,0.01238063,True,66.9438711,18.63920757,1.65412229,151659981545.98398,14799.17680493,0.00452349,1.91701731,110.73334944,0.93948748,0.67569792,216556756380.9004,11559.79880357,0.00334564,1.91701731,63.96462657,0.93948757,0.67569789
random_IR_0040.npz,random_IR_0040.npz,76.909,1.679e-05,1,52,L1_STFT,1.739e-05,6.561e-05,True,40.84051031,3.10331125,24.47796236,105861425315.87085,17165.14196391,0.00237927,3.88855349,999.69247416,0.81891955,0.9384011,189277995864.91592,20127.90084848,0.00192681,3.88855345,949.31932923,0.81891949,0.9384011
random_IR_0041.npz,random_IR_0041.npz,17.733,2.867e-05,1,59,L1_STFT,3.052e-05,1.256e-05,True,10.87512565,77.02096732,52.47170033,124441539634.40833,2570.53872259,0.00423068,1.94975877,570.63633411,0.58258885,0.99109626,120126728243.6296,2678.85292587,0.00439577,1.94975883,617.88051315,0.58258902,0.9910964
random_IR_0042.npz,random_IR_0042.npz,55.154,1.825e-05,1,56,L1_STFT,1.777e-05,0.00382687,True,43.69715984,7.46501657,22.8544134,68725048916.31519,11604.13376885,0.00376565,2.48727383,998.67295531,0.91283761,0.60302548,87945741567.89664,9359.39059524,0.00298957,2.48727389,639.47612167,0.91283769,0.60302548
random_IR_0043.npz,random_IR_0043.npz,103.865,3.95e-05,2,59,L1_STFT,4.237e-05,0.00060032,True,41.58841734,3.70546833,2.76698242,93327405765.16052,15703.12607492,0.00264842,2.58282524,115.07441978,0.98080893,0.95421221,215856681820.5389,18639.20052753,0.00189727,2.58282505,97.85350605,0.98080898,0.95421219
random_IR_0044.npz,random_IR_0044.npz,46.176,7.84e-06,1,48,L1_STFT,7.73e-06,0.02734804,True,65.54141684,4.91648462,3.44762182,122801933248.07748,21206.86878526,0.00309057,3.34473753,225.96201869,0.57491884,0.53617939,102531823752.15424,10086.13402258,0.00233258,3.34473726,81.11057897,0.57491894,0.53617932
random_IR_0045.npz,random_IR_0045.npz,133.973,1.624e-05,3,44,L1_STFT,1.705e-05,4.3e-06,True,5.9566256,1.48193356,141.91353025,96620252400.39636,5902.40727755,0.00100919,3.20422356,845.32576728,0.55390563,0.83930341,79166878635.77364,5192.59693353,0.00104571,3.20422366,770.5830427,0.55390549,0.83930343
random_IR_0046.npz,random_IR_0046.npz,20.021,7.92e-06,1,49,L1_STFT,7.82e-06,0.00645338,True,70.3200365,6.12502157,11.16746271,105051483594.6615,19608.00489349,0.00358629,1.81156491,785.2963855,0.64246058,0.57442647,178237772194.83322,18608.36206798,0.00268216,1.81156491,557.37321764,0.64246067,0.57442657
random_IR_0047.npz,random_IR_0047.npz,12.558,1.05e-05,1,31,L1_STFT,1.018e-05,0.04149276,True,76.03400715,6.74492025,10.79483226,77122538472.11827,18044.95947019,0.00421359,1.26058559,820.77435288,0.85085659,0.64892431,171542044338.7951,11005.44265585,0.00220639,1.26058553,262.12552806,0.85085647,0.64892423
random_IR_0048.npz,random_IR_0048.npz,49.079,1.788e-05,4,30,L1_STFT,1.794e-05,4.022e-05,True,7.64521335,13.12094861,130.68491513,184861974791.37744,4183.14594209,0.00182762,2.20178815,999.11405742,0.89156055,0.89092969,173640577983.92307,3498.74383694,0.0017246,2.20178817,788.54762685,0.89156074,0.89092971
random_IR_0049.npz,random_IR_0049.npz,34.352,8.76e-06,4,42,L1_STFT,9.29e-06,0.00101107,True,26.94019794,9.05984762,31.15320189,205507627511.05798,11353.21070882,0.00237291,1.85232528,839.27342534,0.6065568,0.73532932,123740478280.33698,7559.05176558,0.00249525,1.85232544,587.6037592,0.6065566,0.73532938
random_IR_0050.npz,random_IR_0050.npz,13.731,3.244e-05,1,41,L1_STFT,3.653e-05,0.0007813,True,58.26474303,14.65774813,1.50427538,105610672661.06445,12954.87521438,0.00449751,1.22937556,87.64621837,0.79299605,0.9801223,113941945230.415,12184.10079803,0.00419918,1.22937567,76.96567742,0.79299604,0.98012234
random_IR_0051.npz,random_IR_0051.npz,61.185,1.136e-05,1,35,L1_STFT,1.238e-05,0.00035241,True,18.48768367,1.43617084,31.37470965,93150860486.5167,12537.11904038,0.00147464,2.97215364,580.04570728,0.84388235,0.646022,149035156689.62817,12018.31682358,0.00114145,2.97215371,430.40813548,0.84388233,0.64602209
random_IR_0052.npz,random_IR_0052.npz,177.416,1.066e-05,48,48,L1_STFT,1.089e-05,3.73e-06,True,15.78154247,20.27611716,62.54833819,211988078178.165,6139.8487581,0.00257035,1.47369554,987.10925568,0.77646488,0.7338866,205309545104.02023,5948.06076492,0.0025707,1.47369564,956.40615874,0.77646492,0.7338866
random_IR_0053.npz,random_IR_0053.npz,25.956,1.571e-05,1,40,L1_STFT,1.703e-05,0.00175755,True,38.80153039,14.7632059,25.72527772,190514239087.21683,11997.6811835,0.00323409,3.65791988,998.18014527,0.84811231,0.85281479,205318792113.84653,9931.67604802,0.00283442,3.65792009,724.17039494,0.84811226,0.85281481
random_IR_0054.npz,random_IR_0054.npz,40.111,3.98e-05,2,41,L1_STFT,4.592e-05,0.00850368,True,4.52942548,19.01271649,22.75191308,157753288904.5883,2473.37132634,0.00183128,2.05038899,103.05309482,0.90023169,0.97999154,91562439840.24425,6942.38113954,0.00402711,2.05038916,636.06469484,0.90023182,0.97999164
random_IR_0055.npz,random_IR_0055.npz,18.681,1.509e-05,1,38,L1_STFT,1.651e-05,0.0044121,True,20.21443324,19.39863923,23.12542515,141495660690.8164,6422.64853807,0.00314737,2.42860264,467.4673628,0.79211799,0.91217587,212636794955.40863,11025.80092305,0.00336394,2.4286026,857.72406697,0.79211807,0.91217589
random_IR_0056.npz,random_IR_0056.npz,42.074,9.85e-06,3,30,L1_STFT,1.029e-05,0.03113942,True,105.58142489,14.49620584,2.62425035,138018473543.64435,21130.11185058,0.00499673,3.73564697,277.07209074,0.54072936,0.71777579,127960441568.8106,14253.29065436,0.0042621,3.73564678,159.4228693,0.54072935,0.7177758
random_IR_0057.npz,random_IR_0057.npz,20.202,1.018e-05,1,51,L1_STFT,1.161e-05,0.00195779,True,101.18178269,10.19125856,0.37038449,102580886288.92099,20923.30340439,0.00483584,1.85018375,37.47616284,0.68478642,0.51800089,121371433816.20525,20458.87517103,0.00439615,1.85018379,33.3142935,0.68478638,0.51800097
random_IR_0058.npz,random_IR_0058.npz,47.037,1.893e-05,2,57,L1_STFT,1.949e-05,1.106e-05,True,12.05389069,29.66934014,82.90695272,72001366850.07109,3152.91025786,0.0038231,1.63717376,999.35134536,0.93604928,0.73253961,211631134622.2992,4302.76068816,0.00260504,1.63717374,929.29212439,0.93604938,0.73253957
random_IR_0059.npz,random_IR_0059.npz,390.314,8.96e-06,80,33,L1_STFT,9.38e-06,3.095e-05,True,7.30646593,7.53577046,104.27162679,81216801545.75867,3711.87613124,0.0019684,2.04743246,761.85708811,0.72010983,0.54335623,69387727860.36472,3051.80231974,0.00193098,2.04743256,614.46856183,0.7201099,0.5433563
random_IR_0060.npz,random_IR_0060.npz,239.366,8.56e-06,18,51,L1_STFT,8.59e-06,0.00838808,True,32.49169844,4.44126702,27.45254183,131277580041.5718,14050.50695141,0.00231249,1.83062901,891.97971063,0.56658732,0.81305526,68841542103.34111,4893.83834685,0.00188464,1.83062887,253.19866181,0.56658731,0.81305533
random_IR_0061.npz,random_IR_0061.npz,21.852,3.85e-05,1,47,L1_STFT,4.887e-05,0.00078499,True,20.13736478,65.61058045,15.00818336,149275471258.23953,4344.65978819,0.00463497,3.92534269,302.2252631,0.75024931,0.99481064,164730548877.07898,5493.54320968,0.00496138,3.92534302,409.06000483,0.75024962,0.99481079
random_IR_0062.npz,random_IR_0062.npz,35.101,1.447e-05,4,40,L1_STFT,1.503e-05,0.0113492,True,55.86687778,36.68279323,10.0139443,185399705509.2871,11192.68565966,0.00499137,1.28938218,559.44780242,0.630571,0.83627092,168363199444.49942,6968.67005744,0.00413294,1.2893822,288.40561335,0.63057096,0.83627097
random_IR_0063.npz,random_IR_0063.npz,23.465,1.165e-05,1,47,L1_STFT,1.176e-05,0.00444579,True,38.04319236,14.45877215,26.28486607,71581832134.64018,8603.81228813,0.00442167,2.6001946,999.96021585,0.71327981,0.68666726,175105930059.76578,7826.56857449,0.00269636,2.6001947,554.69226178,0.71327987,0.68666732
random_IR_0064.npz,random_IR_0064.npz,24.115,4.756e-05,1,37,L1_STFT,4.861e-05,0.0006874,True,25.31397962,34.72512607,1.44023856,90126140872.23413,5287.59793939,0.00478743,3.50310493,36.45816951,0.90933347,0.99289084,120323463532.36218,6803.3874652,0.00469987,3.50310505,46.01685081,0.90933357,0.9928908
random_IR_0065.npz,random_IR_0065.npz,76.885,1.987e-05,2,52,L1_STFT,2.537e-05,0.00544971,True,78.62904457,9.46415088,3.04527625,151071971163.37634,20623.95275057,0.00381251,3.91001773,239.44716176,0.56189424,0.9759667,105161266281.63704,21079.81137619,0.00461979,3.91001794,296.5632995,0.56189402,0.97596678
random_IR_0066.npz,random_IR_0066.npz,12.822,9.77e-06,1,32,L1_STFT,1.053e-05,0.00305786,True,74.8232307,15.68605467,0.96041299,105807807743.34831,14972.97595819,0.00499722,1.77691855,71.86120274,0.64349414,0.69573786,201903192487.07745,16167.3310636,0.00375907,1.77691874,58.36577542,0.64349408,0.69573788
random_IR_0067.npz,random_IR_0067.npz,14.87,1.733e-05,1,49,L1_STFT,1.827e-05,0.00023226,True,26.48786158,34.02095367,10.51547892,90021141174.51938,5485.03961029,0.00482911,2.18545883,278.53255017,0.65918972,0.9212026,135741622249.22392,5660.8382621,0.00399515,2.18545893,237.81486447,0.65918952,0.92120267
random_IR_0068.npz,random_IR_0068.npz,84.077,3.453e-05,7,47,L1_STFT,4.009e-05,0.00010684,True,45.81071762,11.2045451,21.82661179,72239001439.76157,10634.56485681,0.00430772,1.78945114,999.89274933,0.97070282,0.87787472,199695279035.7571,14349.1567176,0.00300956,1.7894513,942.58417386,0.97070275,0.87787478
random_IR_0069.npz,random_IR_0069.npz,18.201,1.066e-05,1,31,L1_STFT,1.081e-05,0.00094329,True,45.41845647,15.03369684,18.68430556,92417840556.03094,10407.20435595,0.00436414,3.12876746,848.61231898,0.65346919,0.58465378,77843076062.18388,10924.24763419,0.00487186,3.12876767,994.40084564,0.65346908,0.58465381
random_IR_0070.npz,random_IR_0070.npz,57.224,3.573e-05,2,52,L1_STFT,3.8e-05,0.00072471,True,21.52182358,4.38139702,41.14598944,191709813375.49823,12167.81082536,0.00176875,2.31071045,885.53672581,0.98421923,0.77797351,203994040296.09613,9626.79151217,0.00152516,2.31071049,604.12176284,0.98421939,0.7779736
random_IR_0071.npz,random_IR_0071.npz,43.073,1.123e-05,4,57,L1_STFT,1.137e-05,1.499e-05,True,34.93102443,15.16479993,26.41630295,183012367984.51785,10938.84056805,0.0031933,1.89698849,922.74852373,0.64310978,0.73316765,151467976333.87152,10076.58690171,0.00336892,1.89698835,896.76219061,0.64310986,0.73316763
random_IR_0072.npz,random_IR_0072.npz,22.425,1.083e-05,1,31,L1_STFT,1.167e-05,0.00080839,True,23.70138735,5.30368351,30.70002067,219815635426.74936,12743.59608473,0.00185987,2.2649691,727.63308167,0.76723558,0.87779153,124074334173.75436,8265.15952842,0.00199365,2.26496925,505.87132516,0.76723552,0.87779156
random_IR_0073.npz,random_IR_0073.npz,10.871,9.99e-06,1,47,L1_STFT,1.051e-05,0.0001789,True,12.3139041,62.01424532,54.88368294,69318424689.92659,2469.8206132,0.00498575,2.06717154,675.83240806,0.72860647,0.56126762,105807306211.29388,3345.37756434,0.00469664,2.06717165,862.31992365,0.7286064,0.56126767
random_IR_0074.npz,random_IR_0074.npz,20.32,9.85e-06,1,55,L1_STFT,1.058e-05,0.01068508,True,82.22554,17.33622223,12.16001911,129596476079.82997,16500.60587388,0.00498318,2.11058035,999.86413782,0.61041248,0.67743197,175710845616.51886,14130.82725704,0.00396039,2.11058037,680.517676,0.61041261,0.67743208
random_IR_0075.npz,random_IR_0075.npz,34.82,1.068e-05,1,60,L1_STFT,1.173e-05,0.01333406,True,64.31982835,16.77254165,15.54144812,212657001510.96677,16706.0077783,0.0038501,3.06110293,999.62327528,0.85806525,0.51386319,71625994474.91534,7744.75343778,0.00451694,3.0611032,543.68261705,0.85806505,0.51386321
random_IR_0076.npz,random_IR_0076.npz,262.977,9.27e-06,62,30,L1_STFT,1.065e-05,8.545e-05,True,10.49134112,27.20233076,71.81659269,141852394066.44226,3708.91330773,0.00282868,2.18076939,753.45237206,0.52191358,0.67787934,129109175261.1474,4112.49744662,0.00312215,2.1807693,922.11224065,0.52191347,0.67787938
random_IR_0077.npz,random_IR_0077.npz,23.163,1.978e-05,1,45,L1_STFT,2.213e-05,0.02038893,True,46.02323487,13.42511614,21.52280314,108585056597.25748,11504.94614392,0.0040003,2.90447008,990.54902381,0.85068225,0.83925904,155302457335.1123,4605.22078655,0.00211627,2.90447007,209.75785216,0.8506823,0.839259
random_IR_0078.npz,random_IR_0078.npz,150.005,3.944e-05,7,30,L1_STFT,4.088e-05,4.856e-05,True,15.63608009,1.03999434,46.67632964,182873470111.29724,15634.15189387,0.00100012,3.8516971,729.83482848,0.98175741,0.51826702,157077160325.4541,13717.37405744,0.00101081,3.85169696,647.20018193,0.98175746,0.51826712
random_IR_0079.npz,random_IR_0079.npz,73.681,1.128e-05,14,50,L1_STFT,1.271e-05,0.00047149,True,31.53571495,34.73740422,13.75934741,153441338523.39227,7309.13447292,0.00431456,3.11979882,433.9108578,0.55764905,0.72659748,187998544973.79297,8708.53954842,0.00425471,3.11979905,509.81209855,0.55764903,0.72659746
random_IR_0080.npz,random_IR_0080.npz,21.012,1.581e-05,1,41,L1_STFT,1.705e-05,0.02380813,True,64.5442079,24.50315424,3.58666657,153716051646.9331,13244.01767732,0.00487346,2.6078617,231.498553,0.81541452,0.94461071,129776139091.58922,6711.87862891,0.00377583,2.60786189,90.89482318,0.81541439,0.94461078
random_IR_0081.npz,random_IR_0081.npz,58.639,2.402e-05,1,35,L1_STFT,2.619e-05,0.00061221,True,22.58011638,1.59923048,33.96966479,145143343414.86984,16022.43916769,0.00140928,2.89459578,767.03898439,0.9619505,0.77527656,143916276455.23456,18819.5718134,0.00153385,2.89459589,980.58032699,0.96195051,0.77527659
random_IR_0082.npz,random_IR_0082.npz,36.696,1.003e-05,1,42,L1_STFT,1.108e-05,0.00012043,True,87.97868645,6.09817856,11.36613736,75061101604.19734,20383.2019434,0.00431623,3.77758746,999.97783469,0.5956383,0.70067595,72513174066.57114,19721.91684263,0.00431959,3.7775876,968.28672743,0.59563828,0.70067599
random_IR_0083.npz,random_IR_0083.npz,55.365,2.1e-05,1,36,L1_STFT,2.264e-05,0.00328376,True,27.44703363,3.04907066,3.82029423,121212746059.2396,13859.24916841,0.00198041,3.86121371,104.85574429,0.95485899,0.58851292,135298345568.93004,19092.52772243,0.00220012,3.86121382,160.47603921,0.95485904,0.58851293
random_IR_0084.npz,random_IR_0084.npz,42.373,8.11e-06,1,41,L1_STFT,8.26e-06,0.02592429,True,83.76768626,4.57703635,1.78471756,69168143442.40787,21123.89945536,0.00396554,3.01724051,149.50166088,0.52941151,0.53937271,104852009597.49052,15523.50711947,0.00276106,3.01724078,76.49600416,0.52941161,0.53937271
random_IR_0085.npz,random_IR_0085.npz,12.22,8.78e-06,1,54,L1_STFT,8.58e-06,0.03328464,True,43.08873746,16.7698039,8.2725165,68438508264.84492,8765.61762957,0.00491565,1.27712779,356.45229157,0.76918048,0.65917859,169905093628.36777,19313.57231562,0.00463093,1.27712776,739.88651899,0.76918057,0.65917872
random_IR_0086.npz,random_IR_0086.npz,33.718,1.227e-05,1,46,L1_STFT,1.232e-05,0.01023616,True,49.06796055,12.11543288,20.14481679,78667292584.8724,11159.1963714,0.00439709,3.99409082,988.46507548,0.5955825,0.67071408,216867620188.3252,9541.00928856,0.00244876,3.99409053,470.65424272,0.59558261,0.67071412
random_IR_0087.npz,random_IR_0087.npz,85.953,9.69e-06,1,58,L1_STFT,9.53e-06,0.00094313,True,22.09681008,1.35060756,42.4816999,169707070139.00635,17601.88316512,0.00125537,3.07301106,938.71005456,0.62682247,0.7621112,110451996444.60149,11409.75425408,0.00125283,3.07301113,607.25330152,0.62682251,0.76211124
random_IR_0088.npz,random_IR_0088.npz,90.039,7.88e-06,2,60,L1_STFT,7.83e-06,0.00243289,True,45.89860062,3.00162805,5.77586027,130920296133.55884,20138.73358934,0.00227912,2.16698992,265.10390392,0.55743393,0.67826194,87416233057.07742,20675.2814396,0.00282608,2.16698998,337.48400699,0.55743394,0.67826195
random_IR_0089.npz,random_IR_0089.npz,31.432,1.36e-05,1,48,L1_STFT,1.553e-05,0.00055025,True,71.19829298,6.6957763,5.14866127,125434820278.88818,20361.10165414,0.00349678,2.81397801,366.57589385,0.86348921,0.82241554,120839628417.53552,21216.42628574,0.00363671,2.81397801,397.2627746,0.86348927,0.82241552
random_IR_0090.npz,random_IR_0090.npz,15.063,1.146e-05,1,30,L1_STFT,1.136e-05,0.0038763,True,66.60299779,22.12236224,10.79572446,205600171609.42322,15417.32408683,0.00432001,3.45785629,719.02761253,0.67439412,0.58236595,173832017106.19846,16803.76511792,0.0049049,3.4578562,889.79475851,0.6743941,0.58236593
random_IR_0091.npz,random_IR_0091.npz,37.412,3.058e-05,2,51,L1_STFT,3.286e-05,0.0005178,True,29.87165954,5.20774985,17.94406934,157778167919.21527,13394.32988487,0.00223017,1.28164429,536.01913009,0.97978296,0.567487,185281783770.39536,12243.52994424,0.00196761,1.28164441,432.28715837,0.97978305,0.56748704
random_IR_0092.npz,random_IR_0092.npz,31.128,3.217e-05,2,47,L1_STFT,3.195e-05,0.00011544,True,58.98861719,11.47027105,12.07743172,186999356733.9892,17148.13051132,0.00343994,1.41031208,712.43099649,0.99187887,0.70590278,210182308273.16864,18375.22715052,0.00335878,1.41031201,745.40061997,0.99187886,0.70590283
random_IR_0093.npz,random_IR_0093.npz,187.745,1.139e-05,5,41,L1_STFT,1.234e-05,0.00097261,True,31.43718203,3.02936161,29.12913479,102118506514.56131,14360.27239601,0.00218918,2.20297201,915.73791283,0.5576564,0.75391064,198895577165.2347,14777.12481869,0.00159123,2.20297203,684.93758934,0.55765642,0.75391068
random_IR_0094.npz,random_IR_0094.npz,365.888,7.27e-06,17,34,L1_STFT,7.87e-06,0.00278672,True,23.14069385,1.40408783,4.62441514,106956135141.77022,15362.80621571,0.00150628,2.7851376,107.01217511,0.74060417,0.56675864,75955843102.0405,18590.11972469,0.00196623,2.7851376,169.03371588,0.74060424,0.56675866
random_IR_0095.npz,random_IR_0095.npz,27.101,1.062e-05,1,54,L1_STFT,1.126e-05,7.744e-05,True,93.46918443,9.85617806,4.64422546,87074051689.43571,19001.51368991,0.00491904,2.42547032,434.09196605,0.64291348,0.70785853,84949281320.02866,18543.94844909,0.00491985,2.42547041,423.71211639,0.64291352,0.70785844
random_IR_0096.npz,random_IR_0096.npz,18.299,1.135e-05,1,43,L1_STFT,1.157e-05,0.00637044,True,78.68924075,12.55443021,5.90167948,111854615889.12651,16989.41260563,0.00463166,2.25945518,464.39867752,0.70558901,0.72156245,164795595581.48505,15848.81712611,0.00368553,2.25945521,344.72468019,0.70558896,0.72156246
random_IR_0097.npz,random_IR_0097.npz,1119.599,1.085e-05,64,60,L1_STFT,1.086e-05,4.022e-05,True,17.22561457,1.76351769,43.65958346,112031207481.28067,11877.32685528,0.00145029,2.88213051,752.06315713,0.7730923,0.56413377,178130397055.92877,14714.31782894,0.00128017,2.88213033,822.40851429,0.77309227,0.56413378
random_IR_0098.npz,random_IR_0098.npz,75.759,1.176e-05,14,47,L1_STFT,1.208e-05,0.00425074,True,24.41049762,36.69597364,40.9168986,153641454621.87,6052.90112181,0.00403286,2.27460326,998.80185599,0.56379435,0.80709095,179799899117.26105,2993.06610821,0.00262149,2.27460328,321.04977961,0.56379438,0.80709099
random_IR_0099.npz,random_IR_0099.npz,26.842,1.264e-05,3,59,L1_STFT,1.25e-05,6.34e-06,True,16.11281848,50.84997726,61.98681364,151234404932.5227,4094.33570262,0.00393539,3.13933115,998.78227626,0.52430326,0.77210921,199676575343.09543,4372.0053156,0.00353915,3.13933074,959.14266056,0.52430322,0.77210926
random_IR_0100.npz,random_IR_0100.npz,25.496,1.351e-05,1,56,L1_STFT,1.404e-05,0.01608009,True,50.83640917,9.91348833,19.60884406,114700785760.41965,13851.99633817,0.00366997,2.27230635,996.84321982,0.7638933,0.92296064,69925803309.64954,6012.65800087,0.00309674,2.27230649,365.10622606,0.76389341,0.92296066
