filename,target_npz,runtime,best_loss,n_restarts_run,total_evaluations,cmaes_gen_count,best_popsize,loss_name,gt_loss,nmse,gt_available,mu,D_mu,T0_mu,E,rho,h,Ly,T0,op_x,op_y,gt_E,gt_rho,gt_h,gt_Ly,gt_T0,gt_op_x,gt_op_y
random_IR_0001.npz,random_IR_0001.npz,994.7146916389465,0.5257877111434937,20,26036,566,46,Mel,0.1733047962188721,0.05766710999165741,True,6.68649707606814,2.400777483868978,144.9229293456715,180571667974.4004,6686.222612722267,0.001000041049088816,2.70584531634004,969.0267433250621,0.7218620384572527,0.643214684942915,131819184298.8524,12673.80384034166,0.0038607574654896,2.691559161389242,602.7673484378831,0.8264881154026615,0.7244177335187193
random_IR_0002.npz,random_IR_0002.npz,1051.225826978683,0.6322550177574158,20,46761,1417,33,Mel,0.3033185005187988,0.1232118301331876,True,37.6868679036054,2.0356516167215,18.4022491763151,92396082230.67917,17894.7604980996,0.002106028069367438,2.597056663408201,693.5231338370185,0.921476019042077,0.6875760364416085,147920922722.1944,17314.43071595409,0.0048546510420041,3.686141702268032,383.4476844105894,0.7883418349360268,0.9635423527634041
random_IR_0003.npz,random_IR_0003.npz,924.1354756355286,0.6953907012939453,20,51247,1053,59,Mel,0.392822265625,0.1925466092816059,True,91.53928881640196,8.200922876131552,10.30896166166977,67626260941.5876,18313.51595975563,0.004998455185643304,2.811812334156413,943.6750189448039,0.602291584615212,0.9967696759546225,186057982895.3271,18083.25309630123,0.0013485171988061,1.306004568773872,20.22819525635132,0.9363059526409414,0.9895229876940544
random_IR_0004.npz,random_IR_0004.npz,976.399493932724,0.5852217078208923,20,26117,533,49,Mel,0.255405068397522,0.1380396180110254,True,4.34209619401656,4.641224264184599,218.3817977936281,126841847234.078,3577.877394439468,0.001213595580654831,3.857454345290825,948.2347730422066,0.883384210422145,0.7258299394465324,164907916263.1111,4653.559206335945,0.0028459174490117,3.417559836228498,780.5313709946926,0.5802431108304328,0.972887769354296
random_IR_0005.npz,random_IR_0005.npz,2017.120976448059,0.4851493239402771,20,49364,836,58,Mel,0.1514387726783752,0.08069487129537485,True,36.44684714076632,4.067354386782607,8.46884630353966,99235998784.24297,14229.01639584512,0.002561445297892046,3.9684473932555,308.6627466837539,0.5457068392650005,0.5753423175446806,136791000829.1319,16985.59336136327,0.002658647759962,2.613360133075208,264.5629665485059,0.7885326349456379,0.519207002213814
random_IR_0006.npz,random_IR_0006.npz,1675.52308678627,0.3913934230804443,20,105924,2349,47,Mel,0.1575571894645691,0.01717627223633321,True,41.13931117030605,8.919564989195141,12.59781333314088,76634060030.3541,10892.97624448498,0.003776682354479063,2.88573302740691,518.2653627775131,0.6043491306736988,0.7245714616232227,171318505762.8329,20172.46387607493,0.0034483828908896,2.891142941520044,616.9378275347882,0.6861588712811552,0.7241456573616774
random_IR_0007.npz,random_IR_0007.npz,1558.302334547043,0.140079990029335,20,15392,296,52,Mel,0.1436330676078796,0.0004214864745499943,True,13.44479292041603,0.9028268878861843,35.66435197955573,132469085419.1934,13309.30125089173,0.00101018022411321,3.12313019662269,479.4998270059565,0.5731556658647359,0.6645614169162717,99188531844.29764,15037.9919488214,0.001240901886517,3.123130468189068,666.7700477785132,0.5731738858508781,0.6645598919528501
random_IR_0008.npz,random_IR_0008.npz,1723.684712409973,0.1021666750311852,20,70527,1331,51,Mel,0.1113804876804352,0.007881616808935364,True,46.378891702598,3.761604529063182,6.491503147765374,107868366052.4879,17633.41350565496,0.002630170935861312,2.154762084663346,301.0687214772843,0.6123468617537584,0.5890393274871156,82612856044.4483,21011.42815551345,0.0032807870816715,2.154761235733606,438.6071274471857,0.612349610486469,0.5890416637636482
random_IR_0009.npz,random_IR_0009.npz,883.1461334228516,0.4645156264305115,20,22080,690,32,Mel,0.1316243261098862,0.07191881509429644,True,70.85514149982428,5.827193727616803,3.007466518134388,104852839198.7644,20024.89826393783,0.003538352133724692,3.959003992874827,213.0944656983959,0.5551276479717299,0.7693349683745385,91322346297.76453,7025.201129630132,0.0020131664101591,2.994014143849656,466.3161097485777,0.5640838191705095,0.831601498837984
random_IR_0010.npz,random_IR_0010.npz,1427.853091716766,0.5239466428756714,20,46860,781,60,Mel,0.1938980519771576,0.1305721602629923,True,7.195804672469751,0.856382713348949,97.74804821924988,68159441719.57368,7155.194560055905,0.001005675612601865,2.92807997288615,703.3758621008768,0.6075093174671236,0.6451102683697345,81856495196.33838,17864.67272114118,0.0017863294467202,1.50073055891098,368.7314834092575,0.920593004674414,0.5570882198680419
random_IR_0011.npz,random_IR_0011.npz,1296.058865070343,0.1429391205310822,20,57155,1114,56,Mel,0.1572259515523911,1.389451525780753e-06,True,39.37723646709711,9.585029290870743,24.4266221296545,197351123821.8841,14157.76506854631,0.002781317268399925,3.931708142268878,961.8528756918322,0.5292011008407049,0.6485752595781085,180107327647.9402,13801.09577120686,0.0028746048065908,3.931732448538848,976.7613205794552,0.5292020182046171,0.6485754116624407
random_IR_0012.npz,random_IR_0012.npz,1437.240242958069,0.4847611784934998,20,50505,1160,58,Mel,0.1529031693935394,0.1722282172799454,True,86.41780930006051,4.807086341843599,4.023462019720723,68848252991.97878,21184.66796912527,0.004079261918383929,3.539293531578799,347.6987735462617,0.5108310209753317,0.7114596414594633,130382238160.7445,8408.083772606749,0.0021845607900885,1.44857002751819,118.7365316770545,0.5414322732109044,0.8493113384913098
random_IR_0013.npz,random_IR_0013.npz,389.7746369838715,0.6278228759765625,20,21988,478,46,Mel,0.3369326591491699,0.09759752339889198,True,76.986733930356,14.2062530890237,8.297291622562135,102089101043.367,15585.70195395787,0.004939574371291361,2.050398346605643,638.7813824887628,0.9771844079740736,0.5294545774439366,155119813820.0954,4196.081602258703,0.0020615579637577,2.743144217199068,523.252820986165,0.965355136812345,0.6660987867011486
random_IR_0014.npz,random_IR_0014.npz,1263.765571594238,0.4666520357131958,20,22500,625,36,Mel,0.1585866659879684,0.04553456095655473,True,9.476495946536753,2.627903012539067,71.96028528456145,83631421636.46875,6333.363217872336,0.001496281773291433,3.275453696063268,681.9313518107749,0.5524586703046237,0.5798509633829858,95028278387.08888,7870.83454740738,0.0015271914496175,3.035490101894677,716.3300408465243,0.7973913380569407,0.5198526976318718
random_IR_0015.npz,random_IR_0015.npz,1239.656923294067,0.664095401763916,20,57146,968,58,Mel,0.3994635939598083,0.03099541030220677,True,7.819588650807172,2.1948214558147,6.693042224945057,193054083807.0409,7819.248753964889,0.001000043469245317,2.520758152510449,52.33683702155355,0.9844465525193875,0.718641896689528,179484685384.757,7506.149896012699,0.0010187819047701,3.503926084730353,677.8197586308621,0.9814723871075448,0.6318890403247794
random_IR_0016.npz,random_IR_0016.npz,643.5952618122101,0.5639070868492126,20,60043,1104,57,Mel,0.2255493700504303,0.1106451858513002,True,12.02754914334385,33.66824595768384,57.71489484864946,141451556569.5165,3780.329591070376,0.003181613892014725,3.61841628994553,694.1687340950544,0.6642219946822834,0.5630063979504127,212770598762.0987,6623.934693643624,0.0033681677250873,2.770856269811727,572.2561832718154,0.7290914355226374,0.9247402495108528
random_IR_0017.npz,random_IR_0017.npz,1299.040374040604,0.541441798210144,20,44335,967,49,Mel,0.218544602394104,0.1327876479002827,True,2.907223043299447,7.033338327679074,343.8262544917336,219897122940.248,2863.875099824003,0.001015136115216096,3.087372359109219,999.5796099497079,0.5749759130578931,0.896122972243385,201808789158.0077,9884.307927923312,0.0021897478034205,3.128489898420763,813.7996817242802,0.7948237075915707,0.9420503273088778
random_IR_0018.npz,random_IR_0018.npz,1773.660880804062,0.4785234928131104,20,98528,2117,42,Mel,0.1693512201309204,0.06676385385737081,True,25.66875944077503,10.71014602182795,19.07657296559078,92075458398.67415,7955.520118458124,0.00322653441366068,3.530071565016776,489.6719624081421,0.5788465585201719,0.7253827537493915,165530500482.1345,20404.37233279661,0.0039010171192785,3.108341611225521,501.329368682883,0.717688973793508,0.8071326749226829
random_IR_0019.npz,random_IR_0019.npz,1720.184113264084,0.4814052581787109,20,40038,875,51,Mel,0.1182404980063438,0.08591161723034269,True,33.78608956024026,2.189030139981833,12.6596763040993,128306200028.7632,18117.83967970398,0.001864796805663768,3.070038648445779,427.7209574139505,0.6107159941733729,0.5774619037565961,161556360636.8228,7883.459015556348,0.0022062992666981,1.155660275097067,660.1769357573102,0.7200966634634254,0.5763822914690007
random_IR_0020.npz,random_IR_0020.npz,1136.315281867981,0.5165373086929321,20,70223,1765,39,Mel,0.1710857450962067,0.0890915771571444,True,32.00225883821116,3.091504110785088,21.46662134002533,119823525181.4671,15223.93786853712,0.00210210125097458,1.121550074100235,686.9803725053579,0.5249135623035301,0.8299533877795369,166939725438.1414,13227.31467837208,0.003279859642805,1.965018745272489,590.8768525205608,0.8295306023008275,0.7213950333626472
random_IR_0021.npz,random_IR_0021.npz,1028.777954101562,0.5070428848266602,20,15744,384,41,Mel,0.1747208535671234,0.1154610756824514,True,19.4483351984446,0.7244888494911567,51.33562391565854,138887389369.5685,18610.06183925722,0.001045044093159276,2.657599838973813,998.3924215330167,0.5231898758474606,0.6309623573561934,190347680324.0511,19198.15907429464,0.0024702474801915,3.699985127968082,435.8705666163742,0.8549054059347795,0.5591111747830275
random_IR_0022.npz,random_IR_0022.npz,1525.220433473587,0.4933152198791504,20,68782,1348,59,Mel,0.176289975643158,0.06394219478130636,True,69.90146930216974,18.06104131066274,8.929978851031532,213851032060.5379,17260.87803032341,0.004049705303482759,2.888441762362142,624.2186425244057,0.5161677484566682,0.8438611706074223,199823286777.3368,5239.628127570282,0.0038569651981964,3.766499579859553,998.8470180978009,0.5896215379914237,0.8116241864990836
random_IR_0023.npz,random_IR_0023.npz,1059.365427494049,0.5221217274665833,20,49712,1243,48,Mel,0.1705487072467804,0.04925603165586639,True,12.96440499540721,1.272486856025989,66.54727540430328,74583734477.34308,9567.118624055547,0.001355100266323607,1.474749575121425,862.745829682289,0.5134181526734608,0.7100887422213741,129299044475.5779,13129.09388595436,0.0043920329172889,1.45907795026338,807.3208855354235,0.5438918277730177,0.8517400988408361
random_IR_0024.npz,random_IR_0024.npz,994.1170945167542,0.1196863055229187,20,79254,1721,48,Mel,0.1292590498924255,0.0029170515265647,True,67.0387985689585,12.81242579374597,9.625567519301498,86618178455.38382,13925.98325559846,0.004813936462404395,2.415218011201829,645.2864820383627,0.5159772820769875,0.6862234797798483,197937911386.0695,20769.80429405425,0.0038882223978813,2.4152737797664,866.3836621053699,0.5157399012506509,0.6863892515943983
random_IR_0025.npz,random_IR_0025.npz,1428.452699661255,0.5222123265266418,20,52609,1137,57,Mel,0.1677689999341965,0.01045213923825164,True,20.93204018895436,12.48202637410656,27.8711176552771,109148012821.0072,6983.403103287193,0.002997398242570493,3.600339590588477,583.3993548713355,0.5122738034438055,0.8861299517010914,97599468309.14922,3451.554180777968,0.0016865187090457,3.216972631029768,521.0413958380673,0.5190756792857009,0.8989118746451361
random_IR_0026.npz,random_IR_0026.npz,1441.015844345093,0.4644130170345306,20,36840,1036,40,Mel,0.1384160071611404,0.1127986443417274,True,33.18555352213838,2.409998259991095,15.62824746657861,156481911150.2148,18523.83941168957,0.00179150514019229,3.772849192466867,518.6320427593679,0.590372323901327,0.6021536654946262,71871356218.2901,15672.99075616242,0.0023814067227876,1.749381595375102,928.0820126526562,0.5907001366839773,0.8145244167348842
random_IR_0027.npz,random_IR_0027.npz,1879.342750310898,0.4947381615638733,20,47524,955,44,Mel,0.1647636890411377,0.02600809137157444,True,34.13530114693395,4.212124208453768,26.44476838324685,194785675096.5595,16856.61108034471,0.002025039373823882,2.73815163516812,902.700132523049,0.6086159537136686,0.863057261183199,148951818862.8186,13972.55997215884,0.001951571285498,2.773962906952086,934.2146557848146,0.7990558884137398,0.8677597944632172
random_IR_0028.npz,random_IR_0028.npz,487.1995937824249,0.5459238886833191,20,29210,635,46,Mel,0.2063944190740585,0.05042751820633762,True,15.75489935510023,95.82791373720883,63.45628948724686,159743342741.6747,3325.598581474001,0.004737462736142138,2.959303142278543,999.7474543196792,0.7761362551379443,0.7217972439516408,211488975667.5418,5930.42851055032,0.0025928842488643,2.004640486890846,209.8516505376324,0.8723798895741509,0.7503248162226079
random_IR_0029.npz,random_IR_0029.npz,1707.655301332474,0.5692248344421387,20,24494,662,37,Mel,0.2205409854650497,0.05357290451851957,True,45.03677337395982,2.896321578655727,0.7099961257443648,142462844353.7576,20698.8212958178,0.002175813430644938,3.13874125331366,31.97593461153843,0.7506029514684867,0.679522897839103,114704769945.0977,10597.03256049267,0.0020174259270815,1.759502421122638,58.03858003227238,0.8512083095195752,0.6950984012533157
random_IR_0030.npz,random_IR_0030.npz,1368.076600313187,0.4995662569999695,20,39040,778,56,Mel,0.1884451359510422,0.1662332546567082,True,13.33105244666658,0.9518052782607637,58.82829966276309,142171915706.9928,13313.14573243114,0.001001345040052542,3.999999974552427,784.243148152513,0.7660588276457649,0.6785968992871269,136415617217.0749,15202.58414177307,0.0010987149135653,1.620850664922941,67.25895896693396,0.7729238134432739,0.9493689335897676
random_IR_0031.npz,random_IR_0031.npz,1489.175628662109,0.5338253378868103,20,56623,1063,59,Mel,0.1889355778694153,0.2172906391615017,True,13.76974741800367,1.090914796948742,52.58162817838933,166464600186.1691,13700.72328758735,0.001005037991715288,1.363539205460067,724.0357388438056,0.5372064527358673,0.6777684500986842,70159602918.25648,7380.460682658432,0.0018675879375938,3.971982947450442,663.0815723180698,0.8816055403797093,0.6668084039030092
random_IR_0032.npz,random_IR_0032.npz,1312.706986188889,0.5339436531066895,20,20430,454,45,Mel,0.1990396082401276,0.1321267568780853,True,8.044282810220661,2.205416300408928,120.6324968003432,199556977616.5441,8043.890661902456,0.001000048751075156,3.490801871126206,970.4019203649997,0.5103102782600836,0.6280040035969094,200515550283.4515,14254.8586595136,0.0033532684542144,2.212045293098504,831.0501447516381,0.6440355970596615,0.9010429486171564
random_IR_0033.npz,random_IR_0033.npz,651.9847192764282,0.593966007232666,20,58365,1423,59,Mel,0.2428590059280396,0.06312969579468709,True,18.80556585899183,67.26413865880652,50.39152394398233,176232512614.7952,4350.851351684739,0.004322272663190374,3.33959010778947,947.6411222635236,0.8646798793465539,0.5732312713504273,211947700344.8055,6481.544329734899,0.0048111666278877,1.638344238487262,687.4914015050514,0.8681193453173773,0.6344314048715627
random_IR_0034.npz,random_IR_0034.npz,1658.387852668762,0.4862829148769379,20,39061,781,51,Mel,0.1515490263700485,0.09423772013447111,True,24.60376255797691,2.033854311211922,25.70496453453915,189613567274.3054,17118.53913860169,0.001437258305674946,3.344765075427031,632.4388439690189,0.5313889211754633,0.5605846141328528,131976876718.9804,6330.437418292857,0.0030728028557226,1.718604734365698,25.67246142735103,0.6933432903637705,0.7371519579387572
random_IR_0035.npz,random_IR_0035.npz,593.4217240810394,0.6397919654846191,20,20960,655,32,Mel,0.2749906182289124,0.10413209849779,True,32.10059523981835,18.01169403925279,9.638478935995588,175696224767.7357,9631.498007769473,0.003332876694147022,3.165861853810943,309.4009110519094,0.7801076213719726,0.6326595710426351,146159003394.5795,4639.598892086222,0.0033471373858326,1.905123248254723,863.8569673671722,0.5747133721091251,0.861261243784371
random_IR_0036.npz,random_IR_0036.npz,1239.976855754852,0.675898015499115,20,24695,449,55,Mel,0.3491164147853851,0.1290065712064997,True,18.4679019769688,2.840843910230329,6.638299711543512,173811328232.2226,12286.77112561177,0.001503072026667158,3.400782146384877,122.5954683665259,0.9302848223060097,0.6807514479498713,141672610939.29,5153.137875655491,0.003261685247434,2.248573138141152,183.2880034157165,0.6842502415464783,0.9708116531738784
random_IR_0037.npz,random_IR_0037.npz,673.2793321609497,0.6515132188796997,20,53262,1441,42,Mel,0.3530156016349792,0.1690240085141161,True,35.04871380999576,2.927956832148664,18.84229875740309,163223139877.5583,18258.68805280282,0.00191956364600991,1.10939264365708,660.3983366706598,0.5161226782307247,0.9804044918089201,151485447898.1282,3998.341786309949,0.0039946544794021,3.319443236040199,903.720702548536,0.7963932737883268,0.9813488254881422
random_IR_0038.npz,random_IR_0038.npz,812.7120625972748,0.5842846035957336,20,24640,448,55,Mel,0.2294219732284546,0.2179962120272639,True,3.683678728168284,3.53451319450517,209.3664359857968,142341352793.5357,3648.694347741241,0.001009588191581107,3.713842647548554,771.2386866332864,0.5113265083988301,0.6429691218682829,209217985469.2052,2738.877036319715,0.0019633151196617,1.947227827698392,100.3029393260752,0.8382591078295459,0.8947249268913375
random_IR_0039.npz,random_IR_0039.npz,678.2263789176941,0.5763441324234009,20,48534,1173,30,Mel,0.2918748259544373,0.0007887739952311155,True,43.95054998746207,18.45189378578963,10.46983277356855,101677963721.5296,9817.193096066176,0.00447689574376136,1.91845931662057,460.1549086750931,0.9216331883825191,0.6849659231726956,216556756380.9004,11559.79880357091,0.0033456406647453,1.917017306686452,63.96462656831992,0.9394875702051296,0.6756978864000543
random_IR_0040.npz,random_IR_0040.npz,1396.525157213211,0.5008475184440613,20,34660,892,30,Mel,0.1961934417486191,0.06789569232417715,True,6.166164617883443,2.121739427384847,161.8165361585031,103272357785.9809,5479.276932215987,0.00112536100915594,3.960194613969417,997.7873998490188,0.6161767545669843,0.8604992119092859,189277995864.9159,20127.90084848217,0.0019268065058848,3.888553448170346,949.3193292274572,0.8189194890647277,0.938401103646224
random_IR_0041.npz,random_IR_0041.npz,702.1215951442719,0.6698131561279297,20,89244,1649,55,Mel,0.3315275311470032,0.0569075086719521,True,50.68871440567037,9.609615991099069,5.051001179778249,212199488646.2255,17148.89377251317,0.002955800827626327,1.156850918363382,256.0287562644838,0.5867436541636277,0.991353341876014,120126728243.6296,2678.85292586731,0.0043957742212516,1.94975882507261,617.8805131506047,0.5825890218646008,0.991096401010944
random_IR_0042.npz,random_IR_0042.npz,961.9553780555725,0.5572141408920288,20,53573,1176,45,Mel,0.2298510670661926,0.08347320273400866,True,3.749541344283772,5.377788034990395,256.7114260075629,81875581222.31863,2669.632590424717,0.001404515871484491,1.846922432316772,962.5501053654011,0.8286409647292456,0.7068966840810804,87945741567.89664,9359.39059523681,0.0029895654619946,2.487273890415965,639.4761216735596,0.9128376892651804,0.6030254768323514
random_IR_0043.npz,random_IR_0043.npz,1283.652891635895,0.6271684169769287,20,60083,1045,58,Mel,0.3694876432418823,0.04471257016908332,True,26.87531834976391,10.64928148771472,29.45142843828488,198037917616.8599,10608.66947948027,0.002533335438694482,3.994304258889441,791.5165151341963,0.9831347705826311,0.8862047416815164,215856681820.5389,18639.20052752765,0.0018972681158989,2.582825049384723,97.85350604918912,0.98080898245087,0.9542121946183776
random_IR_0044.npz,random_IR_0044.npz,1074.691085338593,0.450400710105896,20,19800,660,30,Mel,0.133154571056366,0.008628395947235681,True,42.22941294167139,4.13126248621533,5.163170472885294,187135929576.1426,19292.2990376471,0.002188925895211591,3.196857459560249,218.0376579877178,0.5122519203407609,0.5441730388176969,102531823752.1542,10086.13402257958,0.0023325806081145,3.344737264826052,81.1105789740969,0.5749189410314117,0.5361793190755444
random_IR_0045.npz,random_IR_0045.npz,977.6505494117737,0.4891239106655121,20,20304,376,54,Mel,0.1869417876005173,0.004462321628733295,True,6.446715833194152,2.870352423035653,146.2777009826727,162265449629.7928,5932.965034893079,0.001086592588238695,3.643975556834432,943.0107709682359,0.5280147457645916,0.8260510802514317,79166878635.77364,5192.596933527051,0.0010457098345001,3.204223656210679,770.5830426952912,0.5539054867769166,0.8393034256034181
random_IR_0046.npz,random_IR_0046.npz,1708.549695014954,0.4854537844657898,20,20196,396,51,Mel,0.1305977702140808,0.03837191922599378,True,18.17661096420223,1.844896589937547,7.498972111449738,183470307131.8035,14294.06284503014,0.001271619634058207,2.610531132944487,136.3058987012241,0.6280508174043622,0.6937692879188582,178237772194.8332,18608.36206798132,0.0026821578667203,1.81156490857325,557.3732176360037,0.6424606735669702,0.5744265716526525
random_IR_0047.npz,random_IR_0047.npz,641.816901922226,0.4490801990032196,20,30008,682,44,Mel,0.1617666929960251,0.05851659766949065,True,83.80469591357182,6.734553563404838,11.39169792901313,103188217314.9841,21227.64559594307,0.003947903479676907,1.26546443498902,954.6777808802109,0.7840894259052826,0.6766219695331954,171542044338.7951,11005.44265584902,0.0022063945379237,1.260585529221474,262.1255280581859,0.85085646836304,0.6489242348252616
random_IR_0048.npz,random_IR_0048.npz,1435.790436983109,0.5754663944244385,20,82845,1891,55,Mel,0.2546487152576447,0.1194762939959674,True,40.01851855984425,13.29530506792806,3.166690655032007,171511612169.0793,12245.83034260562,0.003267930180333468,3.982033343648717,126.7262687516837,0.8419730096033087,0.7167270016453111,173640577983.9231,3498.743836944917,0.0017246038469476,2.20178817211035,788.5476268513956,0.8915607440111406,0.8909297053058891
random_IR_0049.npz,random_IR_0049.npz,1203.723394870758,0.4859448075294495,20,19646,517,38,Mel,0.1327607184648514,0.04129866955729588,True,31.28392153429132,5.655234547962875,4.256955931986102,101854114623.119,11614.64490235388,0.002693489279896208,3.111836669569003,133.1742753511892,0.5100178324863922,0.7167074756221837,123740478280.337,7559.05176557998,0.0024952525517302,1.852325436601529,587.6037592000371,0.6065565972909635,0.7353293830404436
random_IR_0050.npz,random_IR_0050.npz,616.1618976593018,0.7079443335533142,20,30037,613,49,Mel,0.3785527348518372,0.1554770206884241,True,51.47120266670802,9.291775447250519,4.700703963575072,117780067640.7043,14398.47183095879,0.003574768438692051,2.680534742081483,241.9508863853702,0.9793197508008824,0.6210195730336181,113941945230.415,12184.10079803269,0.0041991835382824,1.229375673636931,76.96567742216287,0.792996044927374,0.9801223370083784
