step,epoch,epoch,lr-Adam,lw/param_w,lw/perc_w,lw/sw_w,train/param,train/param_grad/AMP_0,train/param_grad/AMP_1,train/param_grad/CUTOFF_0,train/param_grad/MULT_0,train/param_grad/M_OSC_0,train/param_grad/M_OSC_1,train/param_grad/Q_FILT_0,train/perc,train/spec,train/total,train/wave,val_id/loud,val_id/lsd,val_id/mfcc,val_id/mfcc03,val_id/mfccdb,val_id/param,val_id/param_group/harmor_amplitudes,val_id/param_group/harmor_cutoff,val_id/param_group/harmor_f0_mult,val_id/param_group/harmor_osc_mix,val_id/param_group/harmor_q,val_id/perc,val_id/spec,val_id/wave,val_ood/lsd
0,0,,,,,,,,,,,,,,,,,,,40,,,,,,,,,,,,,40
50049,200,,0.00013398,,,,,,,,,,,,,,,,,,,,,,,,,,,,,,
50099,200,,0.00013398,,,,,,,,,,,,,,,,,,,,,,,,,,,,,,
50149,200,,0.00013398,,,,,,,,,,,,,,,,,,,,,,,,,,,,,,
50199,200,,0.00013398,,,,,,,,,,,,,,,,,,,,,,,,,,,,,,
50249,200,200,0.00013398,0,0,0.5,0,2.12689e-05,1.16609e-05,1.32973e-05,0.241574,0.000454939,0.000149802,0.000690456,0,0.070534,0.070534,0,4.16988,8.9379,0.889963,0.113833,4.10298,0.0552198,0.0550827,0.0335941,0.0192454,0.135999,0.0873977,0,0.150429,0,
50299,201,,0.00013264,,,,,,,,,,,,,,,,,,,,,,,,,,,,,,
50349,201,,0.00013264,,,,,,,,,,,,,,,,,,,,,,,,,,,,,,
50399,201,,0.00013264,,,,,,,,,,,,,,,,,,,,,,,,,,,,,,
50449,201,,0.00013264,,,,,,,,,,,,,,,,,,,,,,,,,,,,,,
50499,201,201,0.00013264,0,0,0.5,0,2.10609e-05,1.16242e-05,1.33723e-05,0.217138,0.000472719,0.000146772,0.00070013,0,0.0718803,0.0718803,0,4.21929,9.55549,0.912563,0.117101,4.36941,0.0558657,0.056755,0.0370285,0.0208178,0.135102,0.0854914,0,0.155314,0,
50549,202,,0.000131313,,,,,,,,,,,,,,,,,,,,,,,,,,,,,,
50599,202,,0.000131313,,,,,,,,,,,,,,,,,,,,,,,,,,,,,,
50649,202,,0.000131313,,,,,,,,,,,,,,,,,,,,,,,,,,,,,,
50699,202,,0.000131313,,,,,,,,,,,,,,,,,,,,,,,,,,,,,,
50749,202,202,0.000131313,0,0,0.5,0,2.11297e-05,1.12944e-05,1.35982e-05,0.228178,0.000476517,0.000143432,0.00072294,0,0.0703335,0.0703335,0,4.23268,8.70042,0.884809,0.113674,3.86137,0.054482,0.0564639,0.0344645,0.0149534,0.134217,0.0867927,0,0.142232,0,
50799,203,,0.00013,,,,,,,,,,,,,,,,,,,,,,,,,,,,,,
50849,203,,0.00013,,,,,,,,,,,,,,,,,,,,,,,,,,,,,,
50899,203,,0.00013,,,,,,,,,,,,,,,,,,,,,,,,,,,,,,
50949,203,,0.00013,,,,,,,,,,,,,,,,,,,,,,,,,,,,,,
50999,203,203,0.00013,0,0,0.5,0,2.13137e-05,1.16869e-05,1.32531e-05,0.224754,0.00047414,0.000147797,0.000696647,0,0.069523,0.069523,0,4.11298,8.44147,0.869259,0.108153,3.82208,0.0543114,0.0575763,0.034501,0.014232,0.13226,0.0872991,0,0.138059,0,
51049,204,,0.0001287,,,,,,,,,,,,,,,,,,,,,,,,,,,,,,
51099,204,,0.0001287,,,,,,,,,,,,,,,,,,,,,,,,,,,,,,
51149,204,,0.0001287,,,,,,,,,,,,,,,,,,,,,,,,,,,,,,
51199,204,,0.0001287,,,,,,,,,,,,,,,,,,,,,,,,,,,,,,
51249,204,204,0.0001287,0,0,0.5,0,2.08832e-05,1.13999e-05,1.31491e-05,0.222299,0.00046783,0.000144122,0.000701608,0,0.0709293,0.0709293,0,4.17316,8.38429,0.876552,0.110073,3.79944,0.0595583,0.057565,0.0350171,0.0151423,0.158546,0.0910791,0,0.140975,0,
51299,205,,0.000127413,,,,,,,,,,,,,,,,,,,,,,,,,,,,,,
51349,205,,0.000127413,,,,,,,,,,,,,,,,,,,,,,,,,,,,,,
51399,205,,0.000127413,,,,,,,,,,,,,,,,,,,,,,,,,,,,,,
51449,205,,0.000127413,,,,,,,,,,,,,,,,,,,,,,,,,,,,,,
51499,205,205,0.000127413,0,0,0.5,0,2.10865e-05,1.16242e-05,1.2846e-05,0.228892,0.000461216,0.000139244,0.000669822,0,0.0679823,0.0679823,0,4.19138,9.9588,0.882333,0.111304,3.9265,0.0568004,0.0587151,0.036782,0.0159476,0.138313,0.0910444,0,0.158996,0,
51549,206,,0.000126139,,,,,,,,,,,,,,,,,,,,,,,,,,,,,,
51599,206,,0.000126139,,,,,,,,,,,,,,,,,,,,,,,,,,,,,,
51649,206,,0.000126139,,,,,,,,,,,,,,,,,,,,,,,,,,,,,,
51699,206,,0.000126139,,,,,,,,,,,,,,,,,,,,,,,,,,,,,,
51749,206,206,0.000126139,0,0,0.5,0,2.13094e-05,1.17451e-05,1.29281e-05,0.230687,0.000471972,0.000140069,0.000697887,0,0.0691893,0.0691893,0,4.14903,9.03682,0.878852,0.10767,3.8647,0.0581639,0.0610716,0.0361763,0.0147011,0.143354,0.0936801,0,0.142632,0,
51799,207,,0.000124878,,,,,,,,,,,,,,,,,,,,,,,,,,,,,,
51849,207,,0.000124878,,,,,,,,,,,,,,,,,,,,,,,,,,,,,,
51899,207,,0.000124878,,,,,,,,,,,,,,,,,,,,,,,,,,,,,,
51949,207,,0.000124878,,,,,,,,,,,,,,,,,,,,,,,,,,,,,,
51999,207,207,0.000124878,0,0,0.5,0,2.16322e-05,1.18526e-05,1.28605e-05,0.256676,0.000472183,0.000146057,0.00065168,0,0.0672948,0.0672948,0,4.24737,8.57474,0.870638,0.107381,3.68729,0.0571628,0.0595758,0.0364519,0.0146586,0.140261,0.0920301,0,0.138987,0,
52049,208,,0.000123629,,,,,,,,,,,,,,,,,,,,,,,,,,,,,,
52099,208,,0.000123629,,,,,,,,,,,,,,,,,,,,,,,,,,,,,,
52149,208,,0.000123629,,,,,,,,,,,,,,,,,,,,,,,,,,,,,,
52199,208,,0.000123629,,,,,,,,,,,,,,,,,,,,,,,,,,,,,,
52249,208,208,0.000123629,0,0,0.5,0,2.14908e-05,1.18247e-05,1.28273e-05,0.248698,0.000469559,0.000142176,0.000661003,0,0.0681442,0.0681442,0,4.21067,8.75704,0.877084,0.108992,3.91924,0.0576054,0.0589083,0.0373099,0.0138813,0.142339,0.0931944,0,0.139039,0,
52299,209,,0.000122393,,,,,,,,,,,,,,,,,,,,,,,,,,,,,,
52349,209,,0.000122393,,,,,,,,,,,,,,,,,,,,,,,,,,,,,,
52399,209,,0.000122393,,,,,,,,,,,,,,,,,,,,,,,,,,,,,,
52449,209,,0.000122393,,,,,,,,,,,,,,,,,,,,,,,,,,,,,,
52499,209,209,0.000122393,0,0,0.5,0,2.10965e-05,1.16504e-05,1.31403e-05,0.245842,0.00046179,0.00014205,0.000677286,0,0.0667501,0.0667501,0,4.16699,8.3945,0.874783,0.110404,3.83278,0.0593478,0.0602277,0.0391141,0.0143385,0.147237,0.0951697,0,0.137268,0,
52549,210,,0.000121169,,,,,,,,,,,,,,,,,,,,,,,,,,,,,,
52599,210,,0.000121169,,,,,,,,,,,,,,,,,,,,,,,,,,,,,,
52649,210,,0.000121169,,,,,,,,,,,,,,,,,,,,,,,,,,,,,,
52699,210,,0.000121169,,,,,,,,,,,,,,,,,,,,,,,,,,,,,,
52749,210,210,0.000121169,0,0,0.5,0,2.07626e-05,1.15921e-05,1.27128e-05,0.230979,0.000457015,0.000139529,0.000646787,0,0.0673635,0.0673635,0,4.17541,9.56261,0.89503,0.108019,3.97654,0.0599808,0.0589773,0.0396583,0.0164278,0.15032,0.0945009,0,0.149612,0,
52799,211,,0.000119957,,,,,,,,,,,,,,,,,,,,,,,,,,,,,,
52849,211,,0.000119957,,,,,,,,,,,,,,,,,,,,,,,,,,,,,,
52899,211,,0.000119957,,,,,,,,,,,,,,,,,,,,,,,,,,,,,,
52949,211,,0.000119957,,,,,,,,,,,,,,,,,,,,,,,,,,,,,,
52999,211,211,0.000119957,0,0,0.5,0,2.13323e-05,1.18443e-05,1.27319e-05,0.245873,0.000458052,0.000137732,0.000614826,0,0.0669224,0.0669224,0,4.07162,8.75991,0.87069,0.10559,3.93396,0.0617622,0.0614025,0.0396799,0.0149199,0.158207,0.0963642,0,0.140354,0,
53049,212,,0.000118758,,,,,,,,,,,,,,,,,,,,,,,,,,,,,,
53099,212,,0.000118758,,,,,,,,,,,,,,,,,,,,,,,,,,,,,,
53149,212,,0.000118758,,,,,,,,,,,,,,,,,,,,,,,,,,,,,,
53199,212,,0.000118758,,,,,,,,,,,,,,,,,,,,,,,,,,,,,,
53249,212,212,0.000118758,0,0,0.5,0,2.12598e-05,1.16574e-05,1.26981e-05,0.2082,0.000464336,0.000133708,0.000632324,0,0.0687291,0.0687291,0,4.19478,8.7143,0.881792,0.103623,3.83473,0.0618423,0.0585033,0.0391735,0.0146619,0.162177,0.0965382,0,0.138169,0,
53299,213,,0.00011757,,,,,,,,,,,,,,,,,,,,,,,,,,,,,,
53349,213,,0.00011757,,,,,,,,,,,,,,,,,,,,,,,,,,,,,,
53399,213,,0.00011757,,,,,,,,,,,,,,,,,,,,,,,,,,,,,,
53449,213,,0.00011757,,,,,,,,,,,,,,,,,,,,,,,,,,,,,,
53499,213,213,0.00011757,0,0,0.5,0,2.07678e-05,1.18053e-05,1.28665e-05,0.238446,0.000460983,0.000141819,0.000654665,0,0.0674233,0.0674233,0,4.2048,8.45079,0.880179,0.111639,3.96054,0.0601,0.0605646,0.0382137,0.0133503,0.151247,0.0972239,0,0.139228,0,
53549,214,,0.000116394,,,,,,,,,,,,,,,,,,,,,,,,,,,,,,
53599,214,,0.000116394,,,,,,,,,,,,,,,,,,,,,,,,,,,,,,
53649,214,,0.000116394,,,,,,,,,,,,,,,,,,,,,,,,,,,,,,
53699,214,,0.000116394,,,,,,,,,,,,,,,,,,,,,,,,,,,,,,
53749,214,214,0.000116394,0,0,0.5,0,2.10139e-05,1.18206e-05,1.27854e-05,0.250105,0.000466041,0.000140339,0.000645177,0,0.0665111,0.0665111,0,4.11205,8.16144,0.859505,0.103755,3.81657,0.0590854,0.0579108,0.0372736,0.0133436,0.148891,0.0970932,0,0.133105,0,
53799,215,,0.00011523,,,,,,,,,,,,,,,,,,,,,,,,,,,,,,
53849,215,,0.00011523,,,,,,,,,,,,,,,,,,,,,,,,,,,,,,
53899,215,,0.00011523,,,,,,,,,,,,,,,,,,,,,,,,,,,,,,
53949,215,,0.00011523,,,,,,,,,,,,,,,,,,,,,,,,,,,,,,
53999,215,215,0.00011523,0,0,0.5,0,2.07722e-05,1.1734e-05,1.25316e-05,0.248779,0.00048012,0.00014249,0.000653164,0,0.0678943,0.0678943,0,4.05203,8.17147,0.857328,0.102638,3.80042,0.060405,0.0601482,0.0374378,0.0120682,0.155852,0.0969245,0,0.131702,0,
54049,216,,0.000114078,,,,,,,,,,,,,,,,,,,,,,,,,,,,,,
54099,216,,0.000114078,,,,,,,,,,,,,,,,,,,,,,,,,,,,,,
54149,216,,0.000114078,,,,,,,,,,,,,,,,,,,,,,,,,,,,,,
54199,216,,0.000114078,,,,,,,,,,,,,,,,,,,,,,,,,,,,,,
54249,216,216,0.000114078,0,0,0.5,0,2.081e-05,1.20719e-05,1.27324e-05,0.269742,0.000465388,0.000145755,0.000648299,0,0.0652016,0.0652016,0,4.12215,8.79585,0.886938,0.110938,4.01886,0.0617206,0.0598242,0.0375747,0.0176463,0.158406,0.0968724,0,0.143668,0,
54299,217,,0.000112937,,,,,,,,,,,,,,,,,,,,,,,,,,,,,,
54349,217,,0.000112937,,,,,,,,,,,,,,,,,,,,,,,,,,,,,,
54399,217,,0.000112937,,,,,,,,,,,,,,,,,,,,,,,,,,,,,,
54449,217,,0.000112937,,,,,,,,,,,,,,,,,,,,,,,,,,,,,,
54499,217,217,0.000112937,0,0,0.5,0,2.09865e-05,1.20442e-05,1.23536e-05,0.239394,0.000485814,0.000143364,0.000622991,0,0.0706586,0.0706586,0,4.22845,8.70689,0.907883,0.125809,4.34654,0.0645991,0.0676498,0.0394756,0.021177,0.161858,0.097434,0,0.146521,0,
54549,218,,0.000111808,,,,,,,,,,,,,,,,,,,,,,,,,,,,,,
54599,218,,0.000111808,,,,,,,,,,,,,,,,,,,,,,,,,,,,,,
54649,218,,0.000111808,,,,,,,,,,,,,,,,,,,,,,,,,,,,,,
54699,218,,0.000111808,,,,,,,,,,,,,,,,,,,,,,,,,,,,,,
54749,218,218,0.000111808,0,0,0.5,0,2.11346e-05,1.21012e-05,1.26586e-05,0.258545,0.000495115,0.000144234,0.000654292,0,0.0677711,0.0677711,0,4.19734,8.67002,0.882103,0.108981,4.05163,0.0628809,0.0603196,0.0408137,0.0153658,0.159481,0.101306,0,0.139588,0,
54799,219,,0.00011069,,,,,,,,,,,,,,,,,,,,,,,,,,,,,,
54849,219,,0.00011069,,,,,,,,,,,,,,,,,,,,,,,,,,,,,,
54899,219,,0.00011069,,,,,,,,,,,,,,,,,,,,,,,,,,,,,,
54949,219,,0.00011069,,,,,,,,,,,,,,,,,,,,,,,,,,,,,,
54999,219,219,0.00011069,0,0,0.5,0,2.10469e-05,1.21675e-05,1.23945e-05,0.255264,0.000482826,0.000142468,0.000633348,0,0.067014,0.067014,0,4.01422,8.34276,0.855644,0.101628,3.77055,0.0613722,0.0586433,0.0384903,0.014907,0.157204,0.0989888,0,0.1342,0,
55049,220,,0.000109583,,,,,,,,,,,,,,,,,,,,,,,,,,,,,,
55099,220,,0.000109583,,,,,,,,,,,,,,,,,,,,,,,,,,,,,,
55149,220,,0.000109583,,,,,,,,,,,,,,,,,,,,,,,,,,,,,,
55199,220,,0.000109583,,,,,,,,,,,,,,,,,,,,,,,,,,,,,,
55249,220,220,0.000109583,0,0,0.5,0,2.0947e-05,1.24659e-05,1.21838e-05,0.262554,0.000469277,0.000149634,0.000611112,0,0.0652763,0.0652763,0,4.14136,9.27879,0.895833,0.112673,4.21173,0.0632195,0.0618745,0.0392753,0.0197809,0.155843,0.102543,0,0.150982,0,
55299,221,,0.000108487,,,,,,,,,,,,,,,,,,,,,,,,,,,,,,
55349,221,,0.000108487,,,,,,,,,,,,,,,,,,,,,,,,,,,,,,
55399,221,,0.000108487,,,,,,,,,,,,,,,,,,,,,,,,,,,,,,
55449,221,,0.000108487,,,,,,,,,,,,,,,,,,,,,,,,,,,,,,
55499,221,221,0.000108487,0,0,0.5,0,2.11574e-05,1.22776e-05,1.22833e-05,0.240448,0.00047914,0.000142063,0.000620653,0,0.0670221,0.0670221,0,4.04963,8.09414,0.871098,0.107184,3.92897,0.0633546,0.0610122,0.0401602,0.0172185,0.158563,0.103173,0,0.130639,0,
55549,222,,0.000107402,,,,,,,,,,,,,,,,,,,,,,,,,,,,,,
55599,222,,0.000107402,,,,,,,,,,,,,,,,,,,,,,,,,,,,,,
55649,222,,0.000107402,,,,,,,,,,,,,,,,,,,,,,,,,,,,,,
55699,222,,0.000107402,,,,,,,,,,,,,,,,,,,,,,,,,,,,,,
55749,222,222,0.000107402,0,0,0.5,0,2.11541e-05,1.25301e-05,1.24631e-05,0.306594,0.000466668,0.000151577,0.000646237,0,0.0633208,0.0633208,0,4.03592,8.33891,0.857216,0.103943,3.80328,0.0617427,0.0601556,0.0387916,0.0155166,0.15589,0.100103,0,0.132,0,
55799,223,,0.000106328,,,,,,,,,,,,,,,,,,,,,,,,,,,,,,
55849,223,,0.000106328,,,,,,,,,,,,,,,,,,,,,,,,,,,,,,
55899,223,,0.000106328,,,,,,,,,,,,,,,,,,,,,,,,,,,,,,
55949,223,,0.000106328,,,,,,,,,,,,,,,,,,,,,,,,,,,,,,
55999,223,223,0.000106328,0,0,0.5,0,2.09562e-05,1.22363e-05,1.19519e-05,0.303729,0.00046728,0.000147656,0.000617559,0,0.0641936,0.0641936,0,4.05181,8.73127,0.867692,0.10435,3.93355,0.0626624,0.0609387,0.0404888,0.0167552,0.154323,0.103469,0,0.134958,0,
56049,224,,0.000105265,,,,,,,,,,,,,,,,,,,,,,,,,,,,,,
56099,224,,0.000105265,,,,,,,,,,,,,,,,,,,,,,,,,,,,,,
56149,224,,0.000105265,,,,,,,,,,,,,,,,,,,,,,,,,,,,,,
56199,224,,0.000105265,,,,,,,,,,,,,,,,,,,,,,,,,,,,,,
56249,224,224,0.000105265,0,0,0.5,0,2.10233e-05,1.23191e-05,1.22058e-05,0.276406,0.000469211,0.000145822,0.000638433,0,0.0647593,0.0647593,0,3.99468,8.33715,0.855555,0.0995794,3.73544,0.0627317,0.0601692,0.0406393,0.0155318,0.157539,0.102511,0,0.134348,0,
56299,225,,0.000104212,,,,,,,,,,,,,,,,,,,,,,,,,,,,,,
56349,225,,0.000104212,,,,,,,,,,,,,,,,,,,,,,,,,,,,,,
56399,225,,0.000104212,,,,,,,,,,,,,,,,,,,,,,,,,,,,,,
56449,225,,0.000104212,,,,,,,,,,,,,,,,,,,,,,,,,,,,,,
56499,225,225,0.000104212,0,0,0.5,0,2.12252e-05,1.22934e-05,1.20861e-05,0.283162,0.000465423,0.000151516,0.000630777,0,0.0637503,0.0637503,0,4.04443,8.25082,0.860437,0.104331,3.85329,0.0631963,0.0608964,0.0401883,0.0168884,0.158892,0.102312,0,0.132276,0,
56549,226,,0.00010317,,,,,,,,,,,,,,,,,,,,,,,,,,,,,,
56599,226,,0.00010317,,,,,,,,,,,,,,,,,,,,,,,,,,,,,,
56649,226,,0.00010317,,,,,,,,,,,,,,,,,,,,,,,,,,,,,,
56699,226,,0.00010317,,,,,,,,,,,,,,,,,,,,,,,,,,,,,,
56749,226,226,0.00010317,0,0,0.5,0,2.12254e-05,1.20692e-05,1.22571e-05,0.241249,0.00048646,0.000148007,0.000635944,0,0.067532,0.067532,0,4.05993,8.42429,0.872474,0.105418,4.10044,0.0651492,0.0646969,0.040331,0.0249825,0.159296,0.101589,0,0.134515,0,
56799,227,,0.000102138,,,,,,,,,,,,,,,,,,,,,,,,,,,,,,
56849,227,,0.000102138,,,,,,,,,,,,,,,,,,,,,,,,,,,,,,
56899,227,,0.000102138,,,,,,,,,,,,,,,,,,,,,,,,,,,,,,
56949,227,,0.000102138,,,,,,,,,,,,,,,,,,,,,,,,,,,,,,
56999,227,227,0.000102138,0,0,0.5,0,2.12059e-05,1.20195e-05,1.21702e-05,0.275918,0.000479337,0.000149088,0.000643952,0,0.064932,0.064932,0,4.17264,8.43552,0.876305,0.105458,3.97409,0.0630567,0.0614579,0.039505,0.0174185,0.157417,0.102542,0,0.135184,0,
57049,228,,0.000101117,,,,,,,,,,,,,,,,,,,,,,,,,,,,,,
57099,228,,0.000101117,,,,,,,,,,,,,,,,,,,,,,,,,,,,,,
57149,228,,0.000101117,,,,,,,,,,,,,,,,,,,,,,,,,,,,,,
57199,228,,0.000101117,,,,,,,,,,,,,,,,,,,,,,,,,,,,,,
57249,228,228,0.000101117,0,0,0.5,0,2.10362e-05,1.23999e-05,1.20675e-05,0.28343,0.00046724,0.00014892,0.000631921,0,0.0651578,0.0651578,0,4.10337,8.42197,0.884816,0.105889,4.00853,0.062702,0.0617249,0.0386186,0.0182262,0.156336,0.101306,0,0.136524,0,
57299,229,,0.000100106,,,,,,,,,,,,,,,,,,,,,,,,,,,,,,
57349,229,,0.000100106,,,,,,,,,,,,,,,,,,,,,,,,,,,,,,
57399,229,,0.000100106,,,,,,,,,,,,,,,,,,,,,,,,,,,,,,
57449,229,,0.000100106,,,,,,,,,,,,,,,,,,,,,,,,,,,,,,
57499,229,229,0.000100106,0,0,0.5,0,2.11e-05,1.2371e-05,1.24294e-05,0.241367,0.000468536,0.000144282,0.000640891,0,0.0658613,0.0658613,0,4.08703,8.37363,0.885961,0.106649,4.14269,0.0638849,0.0627129,0.0391528,0.017934,0.162158,0.101352,0,0.133792,0,
57549,230,,9.91048e-05,,,,,,,,,,,,,,,,,,,,,,,,,,,,,,
57599,230,,9.91048e-05,,,,,,,,,,,,,,,,,,,,,,,,,,,,,,
57649,230,,9.91048e-05,,,,,,,,,,,,,,,,,,,,,,,,,,,,,,
57699,230,,9.91048e-05,,,,,,,,,,,,,,,,,,,,,,,,,,,,,,
57749,230,230,9.91048e-05,0,0,0.5,0,2.12666e-05,1.25832e-05,1.22794e-05,0.280671,0.000482888,0.000152033,0.000660737,0,0.0645353,0.0645353,0,4.09935,8.86481,0.883327,0.103933,3.94729,0.0642336,0.0623885,0.0392478,0.0196203,0.161507,0.102638,0,0.137446,0,
57799,231,,9.81138e-05,,,,,,,,,,,,,,,,,,,,,,,,,,,,,,
57849,231,,9.81138e-05,,,,,,,,,,,,,,,,,,,,,,,,,,,,,,
57899,231,,9.81138e-05,,,,,,,,,,,,,,,,,,,,,,,,,,,,,,
57949,231,,9.81138e-05,,,,,,,,,,,,,,,,,,,,,,,,,,,,,,
57999,231,231,9.81138e-05,0,0,0.5,0,2.11754e-05,1.24972e-05,1.22133e-05,0.275443,0.000482575,0.000146698,0.000638508,0,0.0641558,0.0641558,0,4.05674,8.20594,0.864653,0.0994812,3.85175,0.0641307,0.0635758,0.0412696,0.0177683,0.157772,0.104398,0,0.13154,0,
58049,232,,9.71326e-05,,,,,,,,,,,,,,,,,,,,,,,,,,,,,,
58099,232,,9.71326e-05,,,,,,,,,,,,,,,,,,,,,,,,,,,,,,
58149,232,,9.71326e-05,,,,,,,,,,,,,,,,,,,,,,,,,,,,,,
58199,232,,9.71326e-05,,,,,,,,,,,,,,,,,,,,,,,,,,,,,,
58249,232,232,9.71326e-05,0,0,0.5,0,2.15163e-05,1.24821e-05,1.21049e-05,0.264877,0.000473547,0.000145054,0.00061793,0,0.0642596,0.0642596,0,3.97975,8.33734,0.865617,0.0993666,3.90643,0.0638309,0.0638274,0.0418088,0.0166644,0.15509,0.105594,0,0.132346,0,
58299,233,,9.61613e-05,,,,,,,,,,,,,,,,,,,,,,,,,,,,,,
58349,233,,9.61613e-05,,,,,,,,,,,,,,,,,,,,,,,,,,,,,,
58399,233,,9.61613e-05,,,,,,,,,,,,,,,,,,,,,,,,,,,,,,
58449,233,,9.61613e-05,,,,,,,,,,,,,,,,,,,,,,,,,,,,,,
58499,233,233,9.61613e-05,0,0,0.5,0,2.14773e-05,1.25991e-05,1.21292e-05,0.262687,0.000472077,0.000141432,0.000607621,0,0.0637046,0.0637046,0,4.01798,8.62097,0.866741,0.0992857,3.90246,0.065508,0.0637114,0.0432151,0.0188074,0.159676,0.107639,0,0.137257,0,
58549,234,,9.51997e-05,,,,,,,,,,,,,,,,,,,,,,,,,,,,,,
58599,234,,9.51997e-05,,,,,,,,,,,,,,,,,,,,,,,,,,,,,,
58649,234,,9.51997e-05,,,,,,,,,,,,,,,,,,,,,,,,,,,,,,
58699,234,,9.51997e-05,,,,,,,,,,,,,,,,,,,,,,,,,,,,,,
58749,234,234,9.51997e-05,0,0,0.5,0,2.15696e-05,1.27567e-05,1.20257e-05,0.303506,0.0004705,0.000148045,0.000597048,0,0.0624994,0.0624994,0,4.02717,8.2558,0.855928,0.101322,3.84026,0.0634535,0.0635898,0.0418515,0.0164224,0.153716,0.105141,0,0.131044,0,
58799,235,,9.42477e-05,,,,,,,,,,,,,,,,,,,,,,,,,,,,,,
58849,235,,9.42477e-05,,,,,,,,,,,,,,,,,,,,,,,,,,,,,,
58899,235,,9.42477e-05,,,,,,,,,,,,,,,,,,,,,,,,,,,,,,
58949,235,,9.42477e-05,,,,,,,,,,,,,,,,,,,,,,,,,,,,,,
58999,235,235,9.42477e-05,0,0,0.5,0,2.13051e-05,1.23647e-05,1.21851e-05,0.278196,0.00047257,0.000141612,0.000604325,0,0.0631766,0.0631766,0,4.15697,9.52911,0.880425,0.102975,3.95122,0.0652134,0.0646247,0.0436393,0.0198258,0.15944,0.10375,0,0.149212,0,
59049,236,,9.33052e-05,,,,,,,,,,,,,,,,,,,,,,,,,,,,,,
59099,236,,9.33052e-05,,,,,,,,,,,,,,,,,,,,,,,,,,,,,,
59149,236,,9.33052e-05,,,,,,,,,,,,,,,,,,,,,,,,,,,,,,
59199,236,,9.33052e-05,,,,,,,,,,,,,,,,,,,,,,,,,,,,,,
59249,236,236,9.33052e-05,0,0,0.5,0,2.14842e-05,1.25729e-05,1.21029e-05,0.301053,0.000466828,0.000145073,0.000620298,0,0.0625224,0.0625224,0,4.01536,7.94708,0.845582,0.0992234,3.71176,0.0616336,0.0620959,0.0406805,0.0158277,0.148853,0.102344,0,0.126043,0,
59299,237,,9.23722e-05,,,,,,,,,,,,,,,,,,,,,,,,,,,,,,
59349,237,,9.23722e-05,,,,,,,,,,,,,,,,,,,,,,,,,,,,,,
59399,237,,9.23722e-05,,,,,,,,,,,,,,,,,,,,,,,,,,,,,,
59449,237,,9.23722e-05,,,,,,,,,,,,,,,,,,,,,,,,,,,,,,
59499,237,237,9.23722e-05,0,0,0.5,0,2.10311e-05,1.21904e-05,1.20009e-05,0.279036,0.00046437,0.000141899,0.000587979,0,0.0620527,0.0620527,0,4.07871,8.52791,0.858018,0.0975451,3.81257,0.0621406,0.0608277,0.0399679,0.0157943,0.154648,0.101606,0,0.131576,0,
59549,238,,9.14484e-05,,,,,,,,,,,,,,,,,,,,,,,,,,,,,,
59599,238,,9.14484e-05,,,,,,,,,,,,,,,,,,,,,,,,,,,,,,
59649,238,,9.14484e-05,,,,,,,,,,,,,,,,,,,,,,,,,,,,,,
59699,238,,9.14484e-05,,,,,,,,,,,,,,,,,,,,,,,,,,,,,,
59749,238,238,9.14484e-05,0,0,0.5,0,2.11143e-05,1.22858e-05,1.2111e-05,0.292003,0.000467884,0.000147111,0.000623371,0,0.0609749,0.0609749,0,4.17563,8.2664,0.870073,0.0997117,3.79112,0.0622264,0.0614902,0.0405683,0.0177809,0.150469,0.10305,0,0.130753,0,
59799,239,,9.0534e-05,,,,,,,,,,,,,,,,,,,,,,,,,,,,,,
59849,239,,9.0534e-05,,,,,,,,,,,,,,,,,,,,,,,,,,,,,,
59899,239,,9.0534e-05,,,,,,,,,,,,,,,,,,,,,,,,,,,,,,
59949,239,,9.0534e-05,,,,,,,,,,,,,,,,,,,,,,,,,,,,,,
59999,239,239,9.0534e-05,0,0,0.5,0,2.1424e-05,1.24252e-05,1.20139e-05,0.292682,0.000475811,0.000148716,0.000617593,0,0.0629767,0.0629767,0,3.9896,8.11914,0.857904,0.0952282,3.75406,0.0623724,0.061209,0.0409777,0.0172061,0.151538,0.103303,0,0.127525,0,
60049,240,,8.96286e-05,,,,,,,,,,,,,,,,,,,,,,,,,,,,,,
60099,240,,8.96286e-05,,,,,,,,,,,,,,,,,,,,,,,,,,,,,,
60149,240,,8.96286e-05,,,,,,,,,,,,,,,,,,,,,,,,,,,,,,
60199,240,,8.96286e-05,,,,,,,,,,,,,,,,,,,,,,,,,,,,,,
60249,240,240,8.96286e-05,0,0,0.5,0,2.14386e-05,1.27474e-05,1.20143e-05,0.339831,0.00046277,0.000152615,0.000619825,0,0.0606559,0.0606559,0,4.10457,8.83392,0.870017,0.100287,3.94827,0.0617256,0.061638,0.0386441,0.0183351,0.15073,0.101006,0,0.135623,0,
60299,241,,8.87323e-05,,,,,,,,,,,,,,,,,,,,,,,,,,,,,,
60349,241,,8.87323e-05,,,,,,,,,,,,,,,,,,,,,,,,,,,,,,
60399,241,,8.87323e-05,,,,,,,,,,,,,,,,,,,,,,,,,,,,,,
60449,241,,8.87323e-05,,,,,,,,,,,,,,,,,,,,,,,,,,,,,,
60499,241,241,8.87323e-05,0,0,0.5,0,2.14606e-05,1.28586e-05,1.24679e-05,0.329812,0.000470137,0.000153314,0.000628208,0,0.0602788,0.0602788,0,4.06628,8.19356,0.872173,0.101538,3.99582,0.0620887,0.0622034,0.0413839,0.0187655,0.150395,0.0997851,0,0.128572,0,
60549,242,,8.7845e-05,,,,,,,,,,,,,,,,,,,,,,,,,,,,,,
60599,242,,8.7845e-05,,,,,,,,,,,,,,,,,,,,,,,,,,,,,,
60649,242,,8.7845e-05,,,,,,,,,,,,,,,,,,,,,,,,,,,,,,
60699,242,,8.7845e-05,,,,,,,,,,,,,,,,,,,,,,,,,,,,,,
60749,242,242,8.7845e-05,0,0,0.5,0,2.1549e-05,1.29671e-05,1.21061e-05,0.332049,0.000474984,0.000151432,0.000613892,0,0.0611847,0.0611847,0,3.93084,7.78669,0.849342,0.0945121,3.86363,0.0635723,0.0628206,0.0415256,0.019045,0.153727,0.104315,0,0.124615,0,
60799,243,,8.69666e-05,,,,,,,,,,,,,,,,,,,,,,,,,,,,,,
60849,243,,8.69666e-05,,,,,,,,,,,,,,,,,,,,,,,,,,,,,,
60899,243,,8.69666e-05,,,,,,,,,,,,,,,,,,,,,,,,,,,,,,
60949,243,,8.69666e-05,,,,,,,,,,,,,,,,,,,,,,,,,,,,,,
60999,243,243,8.69666e-05,0,0,0.5,0,2.12907e-05,1.28196e-05,1.21093e-05,0.304724,0.000474854,0.000153892,0.000618951,0,0.0625148,0.0625148,0,4.0036,8.01955,0.863742,0.0994607,3.95267,0.064708,0.0630143,0.041069,0.0201516,0.160803,0.10321,0,0.127471,0,
61049,244,,8.60969e-05,,,,,,,,,,,,,,,,,,,,,,,,,,,,,,
61099,244,,8.60969e-05,,,,,,,,,,,,,,,,,,,,,,,,,,,,,,
61149,244,,8.60969e-05,,,,,,,,,,,,,,,,,,,,,,,,,,,,,,
61199,244,,8.60969e-05,,,,,,,,,,,,,,,,,,,,,,,,,,,,,,
61249,244,244,8.60969e-05,0,0,0.5,0,2.11789e-05,1.27669e-05,1.21326e-05,0.300487,0.000472906,0.000149934,0.000618908,0,0.0623194,0.0623194,0,4.06326,9.35635,0.892933,0.109948,4.21842,0.0641367,0.0641225,0.0410662,0.0240567,0.152132,0.103443,0,0.146206,0,
61299,245,,8.52359e-05,,,,,,,,,,,,,,,,,,,,,,,,,,,,,,
61349,245,,8.52359e-05,,,,,,,,,,,,,,,,,,,,,,,,,,,,,,
61399,245,,8.52359e-05,,,,,,,,,,,,,,,,,,,,,,,,,,,,,,
61449,245,,8.52359e-05,,,,,,,,,,,,,,,,,,,,,,,,,,,,,,
61499,245,245,8.52359e-05,0,0,0.5,0,2.12535e-05,1.28082e-05,1.22843e-05,0.327243,0.000482488,0.000156891,0.000629754,0,0.061456,0.061456,0,3.99245,7.91505,0.858814,0.0991649,3.83722,0.0623539,0.0621696,0.0400991,0.018604,0.1522,0.10105,0,0.126118,0,
61549,246,,8.43836e-05,,,,,,,,,,,,,,,,,,,,,,,,,,,,,,
61599,246,,8.43836e-05,,,,,,,,,,,,,,,,,,,,,,,,,,,,,,
61649,246,,8.43836e-05,,,,,,,,,,,,,,,,,,,,,,,,,,,,,,
61699,246,,8.43836e-05,,,,,,,,,,,,,,,,,,,,,,,,,,,,,,
61749,246,246,8.43836e-05,0,0,0.5,0,2.122e-05,1.29126e-05,1.22025e-05,0.343468,0.000467937,0.000156845,0.000636359,0,0.0611481,0.0611481,0,4.0768,8.52258,0.863916,0.0986914,3.81977,0.0615837,0.0610665,0.0397758,0.0177146,0.14944,0.101505,0,0.131501,0,
61799,247,,8.35397e-05,,,,,,,,,,,,,,,,,,,,,,,,,,,,,,
61849,247,,8.35397e-05,,,,,,,,,,,,,,,,,,,,,,,,,,,,,,
61899,247,,8.35397e-05,,,,,,,,,,,,,,,,,,,,,,,,,,,,,,
61949,247,,8.35397e-05,,,,,,,,,,,,,,,,,,,,,,,,,,,,,,
61999,247,247,8.35397e-05,0,0,0.5,0,2.11824e-05,1.27385e-05,1.23264e-05,0.312287,0.000464954,0.000155147,0.000615565,0,0.0607239,0.0607239,0,3.93596,7.65934,0.851157,0.0978943,3.75076,0.0617059,0.0617199,0.0405786,0.0164307,0.148395,0.103111,0,0.122523,0,
62049,248,,8.27043e-05,,,,,,,,,,,,,,,,,,,,,,,,,,,,,,
62099,248,,8.27043e-05,,,,,,,,,,,,,,,,,,,,,,,,,,,,,,
62149,248,,8.27043e-05,,,,,,,,,,,,,,,,,,,,,,,,,,,,,,
62199,248,,8.27043e-05,,,,,,,,,,,,,,,,,,,,,,,,,,,,,,
62249,248,248,8.27043e-05,0,0,0.5,0,2.12175e-05,1.26131e-05,1.21501e-05,0.293537,0.00047725,0.000149407,0.000610392,0,0.0643188,0.0643188,0,4.10968,9.47072,0.877702,0.104891,3.90644,0.0637457,0.0644604,0.0413617,0.0196675,0.154101,0.102884,0,0.147276,0,
62299,249,,8.18773e-05,,,,,,,,,,,,,,,,,,,,,,,,,,,,,,
62349,249,,8.18773e-05,,,,,,,,,,,,,,,,,,,,,,,,,,,,,,
62399,249,,8.18773e-05,,,,,,,,,,,,,,,,,,,,,,,,,,,,,,
62449,249,,8.18773e-05,,,,,,,,,,,,,,,,,,,,,,,,,,,,,,
62499,249,249,8.18773e-05,0,0,0.5,0,2.15302e-05,1.28258e-05,1.20363e-05,0.340819,0.00046848,0.000154212,0.000603176,0,0.0599453,0.0599453,0,4.06856,8.48698,0.859543,0.0989982,3.7358,0.0630071,0.0643574,0.043554,0.0169436,0.150097,0.103091,0,0.131743,0,
62549,250,,8.10585e-05,,,,,,,,,,,,,,,,,,,,,,,,,,,,,,
62599,250,,8.10585e-05,,,,,,,,,,,,,,,,,,,,,,,,,,,,,,
62649,250,,8.10585e-05,,,,,,,,,,,,,,,,,,,,,,,,,,,,,,
62699,250,,8.10585e-05,,,,,,,,,,,,,,,,,,,,,,,,,,,,,,
62749,250,250,8.10585e-05,0,0,0.5,0,2.14502e-05,1.25337e-05,1.19034e-05,0.320076,0.000469514,0.000149104,0.000602008,0,0.0602882,0.0602882,0,4.21949,9.56079,0.88496,0.10221,3.88644,0.0628813,0.063799,0.0423096,0.0184309,0.149948,0.102801,0,0.142505,0,
62799,251,,8.02479e-05,,,,,,,,,,,,,,,,,,,,,,,,,,,,,,
62849,251,,8.02479e-05,,,,,,,,,,,,,,,,,,,,,,,,,,,,,,
62899,251,,8.02479e-05,,,,,,,,,,,,,,,,,,,,,,,,,,,,,,
62949,251,,8.02479e-05,,,,,,,,,,,,,,,,,,,,,,,,,,,,,,
62999,251,251,8.02479e-05,0,0,0.5,0,2.13003e-05,1.25472e-05,1.17799e-05,0.315424,0.000461194,0.000147379,0.000596221,0,0.0604113,0.0604113,0,4.00345,7.73943,0.845297,0.097406,3.63906,0.0623635,0.0617137,0.0414572,0.0162494,0.151431,0.103329,0,0.1235,0,
63049,252,,7.94455e-05,,,,,,,,,,,,,,,,,,,,,,,,,,,,,,
63099,252,,7.94455e-05,,,,,,,,,,,,,,,,,,,,,,,,,,,,,,
63149,252,,7.94455e-05,,,,,,,,,,,,,,,,,,,,,,,,,,,,,,
63199,252,,7.94455e-05,,,,,,,,,,,,,,,,,,,,,,,,,,,,,,
63249,252,252,7.94455e-05,0,0,0.5,0,2.13088e-05,1.27592e-05,1.19839e-05,0.35235,0.00045862,0.000151444,0.000605382,0,0.0594515,0.0594515,0,3.89197,7.45285,0.830618,0.0938725,3.50185,0.0617016,0.0616163,0.0413856,0.0148263,0.148477,0.103904,0,0.121723,0,
63299,253,,7.8651e-05,,,,,,,,,,,,,,,,,,,,,,,,,,,,,,
63349,253,,7.8651e-05,,,,,,,,,,,,,,,,,,,,,,,,,,,,,,
63399,253,,7.8651e-05,,,,,,,,,,,,,,,,,,,,,,,,,,,,,,
63449,253,,7.8651e-05,,,,,,,,,,,,,,,,,,,,,,,,,,,,,,
63499,253,253,7.8651e-05,0,0,0.5,0,2.14386e-05,1.25021e-05,1.1793e-05,0.333642,0.000467567,0.000148727,0.000605659,0,0.0604498,0.0604498,0,3.95382,7.61916,0.841499,0.100248,3.70575,0.062814,0.0635438,0.0417434,0.0150392,0.152714,0.103844,0,0.124632,0,
63549,254,,7.78645e-05,,,,,,,,,,,,,,,,,,,,,,,,,,,,,,
63599,254,,7.78645e-05,,,,,,,,,,,,,,,,,,,,,,,,,,,,,,
63649,254,,7.78645e-05,,,,,,,,,,,,,,,,,,,,,,,,,,,,,,
63699,254,,7.78645e-05,,,,,,,,,,,,,,,,,,,,,,,,,,,,,,
63749,254,254,7.78645e-05,0,0,0.5,0,2.15327e-05,1.27232e-05,1.2263e-05,0.337601,0.000461543,0.000152818,0.00062719,0,0.0596312,0.0596312,0,4.07059,8.29686,0.859679,0.0989454,3.78751,0.0629617,0.0634463,0.0422617,0.0152569,0.152342,0.104463,0,0.127606,0,
63799,255,,7.70858e-05,,,,,,,,,,,,,,,,,,,,,,,,,,,,,,
63849,255,,7.70858e-05,,,,,,,,,,,,,,,,,,,,,,,,,,,,,,
63899,255,,7.70858e-05,,,,,,,,,,,,,,,,,,,,,,,,,,,,,,
63949,255,,7.70858e-05,,,,,,,,,,,,,,,,,,,,,,,,,,,,,,
63999,255,255,7.70858e-05,0,0,0.5,0,2.12832e-05,1.28246e-05,1.20452e-05,0.343972,0.000456769,0.000150089,0.0006062,0,0.0601884,0.0601884,0,4.05677,7.79888,0.865425,0.100254,3.9056,0.0624785,0.0609146,0.0430526,0.0131714,0.153747,0.103986,0,0.124572,0,
64049,256,,7.6315e-05,,,,,,,,,,,,,,,,,,,,,,,,,,,,,,
64099,256,,7.6315e-05,,,,,,,,,,,,,,,,,,,,,,,,,,,,,,
64149,256,,7.6315e-05,,,,,,,,,,,,,,,,,,,,,,,,,,,,,,
64199,256,,7.6315e-05,,,,,,,,,,,,,,,,,,,,,,,,,,,,,,
64249,256,256,7.6315e-05,0,0,0.5,0,2.13846e-05,1.26284e-05,1.20464e-05,0.346909,0.000462752,0.000149751,0.000615223,0,0.06017,0.06017,0,4.08429,8.47739,0.856559,0.0971546,3.70961,0.0632942,0.0620122,0.0415497,0.0145501,0.155335,0.106319,0,0.131663,0,
64299,257,,7.55518e-05,,,,,,,,,,,,,,,,,,,,,,,,,,,,,,
64349,257,,7.55518e-05,,,,,,,,,,,,,,,,,,,,,,,,,,,,,,
64399,257,,7.55518e-05,,,,,,,,,,,,,,,,,,,,,,,,,,,,,,
64449,257,,7.55518e-05,,,,,,,,,,,,,,,,,,,,,,,,,,,,,,
64499,257,257,7.55518e-05,0,0,0.5,0,2.14984e-05,1.24677e-05,1.18732e-05,0.315352,0.000473138,0.000152632,0.000610419,0,0.060176,0.060176,0,3.92195,7.72548,0.838545,0.0974433,3.62825,0.0638509,0.0635355,0.0423948,0.0147836,0.156493,0.105898,0,0.124445,0,
64549,258,,7.47963e-05,,,,,,,,,,,,,,,,,,,,,,,,,,,,,,
64599,258,,7.47963e-05,,,,,,,,,,,,,,,,,,,,,,,,,,,,,,
64649,258,,7.47963e-05,,,,,,,,,,,,,,,,,,,,,,,,,,,,,,
64699,258,,7.47963e-05,,,,,,,,,,,,,,,,,,,,,,,,,,,,,,
64749,258,258,7.47963e-05,0,0,0.5,0,2.11937e-05,1.24714e-05,1.1903e-05,0.331803,0.000460979,0.000145689,0.000597511,0,0.059447,0.059447,0,3.94323,7.67312,0.834732,0.0947159,3.64457,0.0628173,0.0626162,0.0419356,0.0140656,0.153659,0.104627,0,0.122018,0,
64799,259,,7.40484e-05,,,,,,,,,,,,,,,,,,,,,,,,,,,,,,
64849,259,,7.40484e-05,,,,,,,,,,,,,,,,,,,,,,,,,,,,,,
64899,259,,7.40484e-05,,,,,,,,,,,,,,,,,,,,,,,,,,,,,,
64949,259,,7.40484e-05,,,,,,,,,,,,,,,,,,,,,,,,,,,,,,
64999,259,259,7.40484e-05,0,0,0.5,0,2.14764e-05,1.25907e-05,1.19567e-05,0.348148,0.000462651,0.000153321,0.000604506,0,0.0589853,0.0589853,0,3.92422,7.48433,0.823454,0.0930918,3.51205,0.0621318,0.0622737,0.0430751,0.012099,0.15033,0.105013,0,0.120235,0,
65049,260,,7.33079e-05,,,,,,,,,,,,,,,,,,,,,,,,,,,,,,
65099,260,,7.33079e-05,,,,,,,,,,,,,,,,,,,,,,,,,,,,,,
65149,260,,7.33079e-05,,,,,,,,,,,,,,,,,,,,,,,,,,,,,,
65199,260,,7.33079e-05,,,,,,,,,,,,,,,,,,,,,,,,,,,,,,
65249,260,260,7.33079e-05,0,0,0.5,0,2.14719e-05,1.26372e-05,1.20214e-05,0.369011,0.000462659,0.000152292,0.000632051,0,0.0591705,0.0591705,0,3.93323,7.62511,0.837363,0.0958099,3.67317,0.0623798,0.0632265,0.0411499,0.0138065,0.154911,0.101185,0,0.121785,0,
65299,261,,7.25748e-05,,,,,,,,,,,,,,,,,,,,,,,,,,,,,,
65349,261,,7.25748e-05,,,,,,,,,,,,,,,,,,,,,,,,,,,,,,
65399,261,,7.25748e-05,,,,,,,,,,,,,,,,,,,,,,,,,,,,,,
65449,261,,7.25748e-05,,,,,,,,,,,,,,,,,,,,,,,,,,,,,,
65499,261,261,7.25748e-05,0,0,0.5,0,2.12745e-05,1.26027e-05,1.208e-05,0.360767,0.000465804,0.000149572,0.000623418,0,0.0589467,0.0589467,0,3.87301,7.36953,0.823584,0.0916546,3.49237,0.0604392,0.0607901,0.0412017,0.0128621,0.149258,0.0985234,0,0.119052,0,
65549,262,,7.1849e-05,,,,,,,,,,,,,,,,,,,,,,,,,,,,,,
65599,262,,7.1849e-05,,,,,,,,,,,,,,,,,,,,,,,,,,,,,,
65649,262,,7.1849e-05,,,,,,,,,,,,,,,,,,,,,,,,,,,,,,
65699,262,,7.1849e-05,,,,,,,,,,,,,,,,,,,,,,,,,,,,,,
65749,262,262,7.1849e-05,0,0,0.5,0,2.11933e-05,1.25802e-05,1.19183e-05,0.368101,0.000453217,0.00015282,0.000605497,0,0.0581799,0.0581799,0,3.99061,8.62727,0.845124,0.0944569,3.66828,0.0612988,0.0615974,0.04096,0.0140592,0.15026,0.100916,0,0.136693,0,
65799,263,,7.11306e-05,,,,,,,,,,,,,,,,,,,,,,,,,,,,,,
65849,263,,7.11306e-05,,,,,,,,,,,,,,,,,,,,,,,,,,,,,,
65899,263,,7.11306e-05,,,,,,,,,,,,,,,,,,,,,,,,,,,,,,
65949,263,,7.11306e-05,,,,,,,,,,,,,,,,,,,,,,,,,,,,,,
65999,263,263,7.11306e-05,0,0,0.5,0,2.10675e-05,1.25879e-05,1.23047e-05,0.379828,0.000455307,0.000155361,0.000633307,0,0.0574857,0.0574857,0,3.94438,7.6403,0.837909,0.0994505,3.76514,0.0603782,0.0619769,0.0400726,0.0133806,0.149029,0.0978099,0,0.122711,0,
66049,264,,7.04192e-05,,,,,,,,,,,,,,,,,,,,,,,,,,,,,,
66099,264,,7.04192e-05,,,,,,,,,,,,,,,,,,,,,,,,,,,,,,
66149,264,,7.04192e-05,,,,,,,,,,,,,,,,,,,,,,,,,,,,,,
66199,264,,7.04192e-05,,,,,,,,,,,,,,,,,,,,,,,,,,,,,,
66249,264,264,7.04192e-05,0,0,0.5,0,2.09809e-05,1.24655e-05,1.22761e-05,0.329749,0.00046824,0.000152676,0.00062205,0,0.061285,0.061285,0,3.96427,7.65769,0.839997,0.0932451,3.65321,0.0614184,0.0621043,0.0396259,0.012849,0.156499,0.0974319,0,0.122535,0,
66299,265,,6.97151e-05,,,,,,,,,,,,,,,,,,,,,,,,,,,,,,
66349,265,,6.97151e-05,,,,,,,,,,,,,,,,,,,,,,,,,,,,,,
66399,265,,6.97151e-05,,,,,,,,,,,,,,,,,,,,,,,,,,,,,,
66449,265,,6.97151e-05,,,,,,,,,,,,,,,,,,,,,,,,,,,,,,
66499,265,265,6.97151e-05,0,0,0.5,0,2.10494e-05,1.26267e-05,1.22188e-05,0.387163,0.000451602,0.000156863,0.000606215,0,0.0574836,0.0574836,0,4.0564,8.6144,0.843218,0.0931334,3.58264,0.0599985,0.0609711,0.0405347,0.0127195,0.148771,0.096995,0,0.131281,0,
66549,266,,6.90179e-05,,,,,,,,,,,,,,,,,,,,,,,,,,,,,,
66599,266,,6.90179e-05,,,,,,,,,,,,,,,,,,,,,,,,,,,,,,
66649,266,,6.90179e-05,,,,,,,,,,,,,,,,,,,,,,,,,,,,,,
66699,266,,6.90179e-05,,,,,,,,,,,,,,,,,,,,,,,,,,,,,,
66749,266,266,6.90179e-05,0,0,0.5,0,2.13951e-05,1.26542e-05,1.22674e-05,0.407541,0.000458126,0.000155998,0.000646178,0,0.0576174,0.0576174,0,3.99978,8.12553,0.833758,0.0924788,3.50392,0.0605036,0.0614598,0.0413939,0.0119852,0.147481,0.100701,0,0.12821,0,
66799,267,,6.83277e-05,,,,,,,,,,,,,,,,,,,,,,,,,,,,,,
66849,267,,6.83277e-05,,,,,,,,,,,,,,,,,,,,,,,,,,,,,,
66899,267,,6.83277e-05,,,,,,,,,,,,,,,,,,,,,,,,,,,,,,
66949,267,,6.83277e-05,,,,,,,,,,,,,,,,,,,,,,,,,,,,,,
66999,267,267,6.83277e-05,0,0,0.5,0,2.13843e-05,1.25467e-05,1.19511e-05,0.357746,0.000454156,0.000148684,0.000608678,0,0.0589005,0.0589005,0,3.92481,7.566,0.828065,0.0921661,3.52886,0.060755,0.0631395,0.0426107,0.011262,0.150426,0.0970915,0,0.12025,0,
67049,268,,6.76444e-05,,,,,,,,,,,,,,,,,,,,,,,,,,,,,,
67099,268,,6.76444e-05,,,,,,,,,,,,,,,,,,,,,,,,,,,,,,
67149,268,,6.76444e-05,,,,,,,,,,,,,,,,,,,,,,,,,,,,,,
67199,268,,6.76444e-05,,,,,,,,,,,,,,,,,,,,,,,,,,,,,,
67249,268,268,6.76444e-05,0,0,0.5,0,2.12557e-05,1.23905e-05,1.21449e-05,0.355684,0.000459276,0.000150289,0.000633626,0,0.0587956,0.0587956,0,3.90587,7.73736,0.825165,0.0906412,3.5611,0.060019,0.0607923,0.0409907,0.0113249,0.150518,0.0964885,0,0.122973,0,
67299,269,,6.6968e-05,,,,,,,,,,,,,,,,,,,,,,,,,,,,,,
67349,269,,6.6968e-05,,,,,,,,,,,,,,,,,,,,,,,,,,,,,,
67399,269,,6.6968e-05,,,,,,,,,,,,,,,,,,,,,,,,,,,,,,
67449,269,,6.6968e-05,,,,,,,,,,,,,,,,,,,,,,,,,,,,,,
67499,269,269,6.6968e-05,0,0,0.5,0,2.11933e-05,1.25564e-05,1.25306e-05,0.407034,0.000454866,0.000159934,0.000654615,0,0.0573525,0.0573525,0,3.96612,7.68305,0.818341,0.089411,3.40107,0.0593954,0.0601958,0.0399054,0.0116193,0.147403,0.0972489,0,0.120319,0,
67549,270,,6.62983e-05,,,,,,,,,,,,,,,,,,,,,,,,,,,,,,
67599,270,,6.62983e-05,,,,,,,,,,,,,,,,,,,,,,,,,,,,,,
67649,270,,6.62983e-05,,,,,,,,,,,,,,,,,,,,,,,,,,,,,,
67699,270,,6.62983e-05,,,,,,,,,,,,,,,,,,,,,,,,,,,,,,
67749,270,270,6.62983e-05,0,0,0.5,0,2.11394e-05,1.23652e-05,1.21449e-05,0.377043,0.000451283,0.000152231,0.000618999,0,0.0577888,0.0577888,0,3.85364,7.1497,0.816794,0.0885811,3.40271,0.0597194,0.059792,0.0399962,0.0116607,0.148713,0.0981548,0,0.116291,0,
67799,271,,6.56353e-05,,,,,,,,,,,,,,,,,,,,,,,,,,,,,,
67849,271,,6.56353e-05,,,,,,,,,,,,,,,,,,,,,,,,,,,,,,
67899,271,,6.56353e-05,,,,,,,,,,,,,,,,,,,,,,,,,,,,,,
67949,271,,6.56353e-05,,,,,,,,,,,,,,,,,,,,,,,,,,,,,,
67999,271,271,6.56353e-05,0,0,0.5,0,2.10325e-05,1.24426e-05,1.22911e-05,0.390109,0.000440827,0.000150558,0.00059884,0,0.0574699,0.0574699,0,3.94118,7.54634,0.82315,0.0895434,3.4573,0.0595991,0.0597763,0.0398582,0.0121999,0.146693,0.0990669,0,0.119901,0,
68049,272,,6.4979e-05,,,,,,,,,,,,,,,,,,,,,,,,,,,,,,
68099,272,,6.4979e-05,,,,,,,,,,,,,,,,,,,,,,,,,,,,,,
68149,272,,6.4979e-05,,,,,,,,,,,,,,,,,,,,,,,,,,,,,,
68199,272,,6.4979e-05,,,,,,,,,,,,,,,,,,,,,,,,,,,,,,
68249,272,272,6.4979e-05,0,0,0.5,0,2.13557e-05,1.2564e-05,1.20347e-05,0.387971,0.000440692,0.000152668,0.00061249,0,0.0577757,0.0577757,0,4.01918,8.63245,0.838173,0.0945091,3.57203,0.0598962,0.0616959,0.0412703,0.0127119,0.143777,0.0999225,0,0.131855,0,
68299,273,,6.43292e-05,,,,,,,,,,,,,,,,,,,,,,,,,,,,,,
68349,273,,6.43292e-05,,,,,,,,,,,,,,,,,,,,,,,,,,,,,,
68399,273,,6.43292e-05,,,,,,,,,,,,,,,,,,,,,,,,,,,,,,
68449,273,,6.43292e-05,,,,,,,,,,,,,,,,,,,,,,,,,,,,,,
68499,273,273,6.43292e-05,0,0,0.5,0,2.16147e-05,1.26386e-05,1.24446e-05,0.397251,0.000460759,0.000158913,0.000643139,0,0.0573252,0.0573252,0,3.85804,7.36381,0.806928,0.0878027,3.35366,0.0603804,0.0612081,0.0415285,0.0119456,0.147767,0.0998333,0,0.118646,0,
68549,274,,6.36859e-05,,,,,,,,,,,,,,,,,,,,,,,,,,,,,,
68599,274,,6.36859e-05,,,,,,,,,,,,,,,,,,,,,,,,,,,,,,
68649,274,,6.36859e-05,,,,,,,,,,,,,,,,,,,,,,,,,,,,,,
68699,274,,6.36859e-05,,,,,,,,,,,,,,,,,,,,,,,,,,,,,,
68749,274,274,6.36859e-05,0,0,0.5,0,2.1465e-05,1.2898e-05,1.23231e-05,0.449192,0.000453402,0.000162509,0.0006206,0,0.0561402,0.0561402,0,3.83921,7.15975,0.808289,0.087911,3.43117,0.0598398,0.060725,0.041835,0.012295,0.14511,0.0990741,0,0.114761,0,
68799,275,,6.3049e-05,,,,,,,,,,,,,,,,,,,,,,,,,,,,,,
68849,275,,6.3049e-05,,,,,,,,,,,,,,,,,,,,,,,,,,,,,,
68899,275,,6.3049e-05,,,,,,,,,,,,,,,,,,,,,,,,,,,,,,
68949,275,,6.3049e-05,,,,,,,,,,,,,,,,,,,,,,,,,,,,,,
68999,275,275,6.3049e-05,0,0,0.5,0,2.1429e-05,1.25842e-05,1.23146e-05,0.402841,0.000448766,0.0001587,0.000636142,0,0.0570345,0.0570345,0,3.96149,7.20605,0.824495,0.0930852,3.51527,0.0599341,0.0602719,0.0405396,0.0125533,0.147634,0.0986055,0,0.11726,0,
69049,276,,6.24186e-05,,,,,,,,,,,,,,,,,,,,,,,,,,,,,,
69099,276,,6.24186e-05,,,,,,,,,,,,,,,,,,,,,,,,,,,,,,
69149,276,,6.24186e-05,,,,,,,,,,,,,,,,,,,,,,,,,,,,,,
69199,276,,6.24186e-05,,,,,,,,,,,,,,,,,,,,,,,,,,,,,,
69249,276,276,6.24186e-05,0,0,0.5,0,2.13982e-05,1.27059e-05,1.2245e-05,0.44455,0.000453535,0.000161393,0.000628674,0,0.0561616,0.0561616,0,3.96693,7.2088,0.823835,0.0936363,3.50169,0.0598681,0.0609726,0.0413943,0.0112479,0.146242,0.0993515,0,0.118416,0,
69299,277,,6.17944e-05,,,,,,,,,,,,,,,,,,,,,,,,,,,,,,
69349,277,,6.17944e-05,,,,,,,,,,,,,,,,,,,,,,,,,,,,,,
69399,277,,6.17944e-05,,,,,,,,,,,,,,,,,,,,,,,,,,,,,,
69449,277,,6.17944e-05,,,,,,,,,,,,,,,,,,,,,,,,,,,,,,
69499,277,277,6.17944e-05,0,0,0.5,0,2.12922e-05,1.24842e-05,1.2247e-05,0.414388,0.000446138,0.000155,0.00060288,0,0.0572593,0.0572593,0,3.96478,7.79158,0.82683,0.0913048,3.54716,0.0605913,0.0614069,0.041189,0.0127257,0.148054,0.100173,0,0.121898,0,
69549,278,,6.11764e-05,,,,,,,,,,,,,,,,,,,,,,,,,,,,,,
69599,278,,6.11764e-05,,,,,,,,,,,,,,,,,,,,,,,,,,,,,,
69649,278,,6.11764e-05,,,,,,,,,,,,,,,,,,,,,,,,,,,,,,
69699,278,,6.11764e-05,,,,,,,,,,,,,,,,,,,,,,,,,,,,,,
69749,278,278,6.11764e-05,0,0,0.5,0,2.14063e-05,1.25276e-05,1.21743e-05,0.35274,0.000457313,0.000150001,0.000613595,0,0.0586011,0.0586011,0,3.96372,8.134,0.831938,0.0943678,3.56002,0.062217,0.063567,0.0432474,0.0145821,0.152087,0.0998187,0,0.12602,0,
69799,279,,6.05647e-05,,,,,,,,,,,,,,,,,,,,,,,,,,,,,,
69849,279,,6.05647e-05,,,,,,,,,,,,,,,,,,,,,,,,,,,,,,
69899,279,,6.05647e-05,,,,,,,,,,,,,,,,,,,,,,,,,,,,,,
69949,279,,6.05647e-05,,,,,,,,,,,,,,,,,,,,,,,,,,,,,,
69999,279,279,6.05647e-05,0,0,0.5,0,2.17283e-05,1.29339e-05,1.19971e-05,0.406752,0.000447053,0.000157844,0.000598085,0,0.0560638,0.0560638,0,3.89802,7.42045,0.819699,0.0902454,3.47495,0.0607945,0.0617545,0.0422343,0.0114532,0.147838,0.101487,0,0.116928,0,
70049,280,,5.9959e-05,,,,,,,,,,,,,,,,,,,,,,,,,,,,,,
70099,280,,5.9959e-05,,,,,,,,,,,,,,,,,,,,,,,,,,,,,,
70149,280,,5.9959e-05,,,,,,,,,,,,,,,,,,,,,,,,,,,,,,
70199,280,,5.9959e-05,,,,,,,,,,,,,,,,,,,,,,,,,,,,,,
70249,280,280,5.9959e-05,0,0,0.5,0,2.17569e-05,1.28026e-05,1.21992e-05,0.432976,0.000442921,0.000155767,0.000588854,0,0.0560212,0.0560212,0,3.89019,7.25547,0.814343,0.0899576,3.46892,0.0608346,0.0621743,0.0428316,0.0107504,0.148269,0.100982,0,0.115898,0,
70299,281,,5.93594e-05,,,,,,,,,,,,,,,,,,,,,,,,,,,,,,
70349,281,,5.93594e-05,,,,,,,,,,,,,,,,,,,,,,,,,,,,,,
70399,281,,5.93594e-05,,,,,,,,,,,,,,,,,,,,,,,,,,,,,,
70449,281,,5.93594e-05,,,,,,,,,,,,,,,,,,,,,,,,,,,,,,
70499,281,281,5.93594e-05,0,0,0.5,0,2.17117e-05,1.26529e-05,1.22104e-05,0.436314,0.000451704,0.000154285,0.000608991,0,0.0561305,0.0561305,0,4.01699,7.80353,0.834512,0.0931517,3.56145,0.061347,0.0625645,0.0421497,0.012466,0.150194,0.100708,0,0.125089,0,
70549,282,,5.87658e-05,,,,,,,,,,,,,,,,,,,,,,,,,,,,,,
70599,282,,5.87658e-05,,,,,,,,,,,,,,,,,,,,,,,,,,,,,,
70649,282,,5.87658e-05,,,,,,,,,,,,,,,,,,,,,,,,,,,,,,
70699,282,,5.87658e-05,,,,,,,,,,,,,,,,,,,,,,,,,,,,,,
70749,282,282,5.87658e-05,0,0,0.5,0,2.15074e-05,1.27582e-05,1.23373e-05,0.43914,0.000444277,0.000156258,0.000609643,0,0.0558246,0.0558246,0,3.92848,7.556,0.828171,0.0919328,3.55634,0.06177,0.0626144,0.0430322,0.0119121,0.151413,0.101648,0,0.119548,0,
70799,283,,5.81782e-05,,,,,,,,,,,,,,,,,,,,,,,,,,,,,,
70849,283,,5.81782e-05,,,,,,,,,,,,,,,,,,,,,,,,,,,,,,
70899,283,,5.81782e-05,,,,,,,,,,,,,,,,,,,,,,,,,,,,,,
70949,283,,5.81782e-05,,,,,,,,,,,,,,,,,,,,,,,,,,,,,,
70999,283,283,5.81782e-05,0,0,0.5,0,2.13537e-05,1.25338e-05,1.21243e-05,0.384556,0.00044883,0.000152838,0.000600875,0,0.056438,0.056438,0,3.88713,7.42279,0.811909,0.0878212,3.40715,0.0621569,0.0611406,0.0426098,0.012355,0.152914,0.103922,0,0.120083,0,
71049,284,,5.75964e-05,,,,,,,,,,,,,,,,,,,,,,,,,,,,,,
71099,284,,5.75964e-05,,,,,,,,,,,,,,,,,,,,,,,,,,,,,,
71149,284,,5.75964e-05,,,,,,,,,,,,,,,,,,,,,,,,,,,,,,
71199,284,,5.75964e-05,,,,,,,,,,,,,,,,,,,,,,,,,,,,,,
71249,284,284,5.75964e-05,0,0,0.5,0,2.15124e-05,1.2715e-05,1.22322e-05,0.409364,0.000444065,0.000157848,0.000606649,0,0.0557054,0.0557054,0,3.92381,7.59204,0.819512,0.0918703,3.49698,0.0623406,0.0625932,0.0433067,0.0132555,0.151473,0.103415,0,0.120746,0,
71299,285,,5.70204e-05,,,,,,,,,,,,,,,,,,,,,,,,,,,,,,
71349,285,,5.70204e-05,,,,,,,,,,,,,,,,,,,,,,,,,,,,,,
71399,285,,5.70204e-05,,,,,,,,,,,,,,,,,,,,,,,,,,,,,,
71449,285,,5.70204e-05,,,,,,,,,,,,,,,,,,,,,,,,,,,,,,
71499,285,285,5.70204e-05,0,0,0.5,0,2.14846e-05,1.27343e-05,1.22052e-05,0.422454,0.000437919,0.000157528,0.000600676,0,0.0553789,0.0553789,0,3.89184,7.22103,0.810681,0.0873523,3.36396,0.0607566,0.0607812,0.0426437,0.0102051,0.147488,0.103422,0,0.114845,0,
71549,286,,5.64502e-05,,,,,,,,,,,,,,,,,,,,,,,,,,,,,,
71599,286,,5.64502e-05,,,,,,,,,,,,,,,,,,,,,,,,,,,,,,
71649,286,,5.64502e-05,,,,,,,,,,,,,,,,,,,,,,,,,,,,,,
71699,286,,5.64502e-05,,,,,,,,,,,,,,,,,,,,,,,,,,,,,,
71749,286,286,5.64502e-05,0,0,0.5,0,2.13679e-05,1.27031e-05,1.20357e-05,0.439206,0.000436407,0.000157065,0.000585788,0,0.0556746,0.0556746,0,3.90381,7.19445,0.815644,0.0891339,3.43417,0.0604621,0.0608356,0.041923,0.0108172,0.146534,0.102663,0,0.114595,0,
71799,287,,5.58857e-05,,,,,,,,,,,,,,,,,,,,,,,,,,,,,,
71849,287,,5.58857e-05,,,,,,,,,,,,,,,,,,,,,,,,,,,,,,
71899,287,,5.58857e-05,,,,,,,,,,,,,,,,,,,,,,,,,,,,,,
71949,287,,5.58857e-05,,,,,,,,,,,,,,,,,,,,,,,,,,,,,,
71999,287,287,5.58857e-05,0,0,0.5,0,2.12444e-05,1.26225e-05,1.21109e-05,0.439624,0.000431754,0.00015663,0.000588073,0,0.0549555,0.0549555,0,3.90663,7.58837,0.815935,0.0888198,3.44367,0.0605758,0.0608375,0.0425104,0.0113263,0.146808,0.101973,0,0.119116,0,
72049,288,,5.53269e-05,,,,,,,,,,,,,,,,,,,,,,,,,,,,,,
72099,288,,5.53269e-05,,,,,,,,,,,,,,,,,,,,,,,,,,,,,,
72149,288,,5.53269e-05,,,,,,,,,,,,,,,,,,,,,,,,,,,,,,
72199,288,,5.53269e-05,,,,,,,,,,,,,,,,,,,,,,,,,,,,,,
72249,288,288,5.53269e-05,0,0,0.5,0,2.1234e-05,1.2457e-05,1.19338e-05,0.42264,0.000435574,0.000148794,0.000594955,0,0.0559761,0.0559761,0,4.05689,8.44577,0.837987,0.0898238,3.4757,0.0609469,0.060215,0.0418333,0.0129503,0.147776,0.102907,0,0.130489,0,
72299,289,,5.47736e-05,,,,,,,,,,,,,,,,,,,,,,,,,,,,,,
72349,289,,5.47736e-05,,,,,,,,,,,,,,,,,,,,,,,,,,,,,,
72399,289,,5.47736e-05,,,,,,,,,,,,,,,,,,,,,,,,,,,,,,
72449,289,,5.47736e-05,,,,,,,,,,,,,,,,,,,,,,,,,,,,,,
72499,289,289,5.47736e-05,0,0,0.5,0,2.12885e-05,1.25772e-05,1.21443e-05,0.443724,0.000431596,0.000158992,0.000602288,0,0.0548186,0.0548186,0,3.88289,7.16545,0.804474,0.0881001,3.3589,0.0607198,0.0602314,0.0423468,0.0104309,0.14654,0.10477,0,0.113617,0,
72549,290,,5.42259e-05,,,,,,,,,,,,,,,,,,,,,,,,,,,,,,
72599,290,,5.42259e-05,,,,,,,,,,,,,,,,,,,,,,,,,,,,,,
72649,290,,5.42259e-05,,,,,,,,,,,,,,,,,,,,,,,,,,,,,,
72699,290,,5.42259e-05,,,,,,,,,,,,,,,,,,,,,,,,,,,,,,
72749,290,290,5.42259e-05,0,0,0.5,0,2.12034e-05,1.24427e-05,1.21341e-05,0.431861,0.000434496,0.000154276,0.000601749,0,0.0554993,0.0554993,0,3.98542,8.46295,0.830782,0.0902878,3.49913,0.061014,0.0606092,0.0420869,0.0134048,0.146501,0.103482,0,0.132021,0,
72799,291,,5.36836e-05,,,,,,,,,,,,,,,,,,,,,,,,,,,,,,
72849,291,,5.36836e-05,,,,,,,,,,,,,,,,,,,,,,,,,,,,,,
72899,291,,5.36836e-05,,,,,,,,,,,,,,,,,,,,,,,,,,,,,,
72949,291,,5.36836e-05,,,,,,,,,,,,,,,,,,,,,,,,,,,,,,
72999,291,291,5.36836e-05,0,0,0.5,0,2.15518e-05,1.27172e-05,1.20351e-05,0.458941,0.000442482,0.000158131,0.000599272,0,0.0550618,0.0550618,0,3.83279,7.10198,0.80462,0.0867607,3.36829,0.0604315,0.0605779,0.041951,0.01013,0.145729,0.104201,0,0.112957,0,
73049,292,,5.31468e-05,,,,,,,,,,,,,,,,,,,,,,,,,,,,,,
73099,292,,5.31468e-05,,,,,,,,,,,,,,,,,,,,,,,,,,,,,,
73149,292,,5.31468e-05,,,,,,,,,,,,,,,,,,,,,,,,,,,,,,
73199,292,,5.31468e-05,,,,,,,,,,,,,,,,,,,,,,,,,,,,,,
73249,292,292,5.31468e-05,0,0,0.5,0,2.12286e-05,1.26658e-05,1.2203e-05,0.487709,0.000433772,0.000161131,0.000607797,0,0.0540916,0.0540916,0,3.86409,7.08033,0.803149,0.0869968,3.36333,0.0598219,0.059679,0.0404033,0.00974045,0.145945,0.103164,0,0.112606,0,
73299,293,,5.26153e-05,,,,,,,,,,,,,,,,,,,,,,,,,,,,,,
73349,293,,5.26153e-05,,,,,,,,,,,,,,,,,,,,,,,,,,,,,,
73399,293,,5.26153e-05,,,,,,,,,,,,,,,,,,,,,,,,,,,,,,
73449,293,,5.26153e-05,,,,,,,,,,,,,,,,,,,,,,,,,,,,,,
73499,293,293,5.26153e-05,0,0,0.5,0,2.12489e-05,1.24393e-05,1.21638e-05,0.462263,0.000431731,0.000158874,0.000611159,0,0.0543473,0.0543473,0,3.92681,7.38325,0.812987,0.0864566,3.33482,0.0602749,0.0602201,0.0413517,0.0101975,0.146073,0.103807,0,0.116164,0,
73549,294,,5.20891e-05,,,,,,,,,,,,,,,,,,,,,,,,,,,,,,
73599,294,,5.20891e-05,,,,,,,,,,,,,,,,,,,,,,,,,,,,,,
73649,294,,5.20891e-05,,,,,,,,,,,,,,,,,,,,,,,,,,,,,,
73699,294,,5.20891e-05,,,,,,,,,,,,,,,,,,,,,,,,,,,,,,
73749,294,294,5.20891e-05,0,0,0.5,0,2.10776e-05,1.25997e-05,1.22166e-05,0.468115,0.000428743,0.000160497,0.000594822,0,0.0541628,0.0541628,0,3.8805,7.16208,0.803922,0.0887661,3.39117,0.0600137,0.0601175,0.0408912,0.0104929,0.145497,0.103084,0,0.116509,0,
73799,295,,5.15683e-05,,,,,,,,,,,,,,,,,,,,,,,,,,,,,,
73849,295,,5.15683e-05,,,,,,,,,,,,,,,,,,,,,,,,,,,,,,
73899,295,,5.15683e-05,,,,,,,,,,,,,,,,,,,,,,,,,,,,,,
73949,295,,5.15683e-05,,,,,,,,,,,,,,,,,,,,,,,,,,,,,,
73999,295,295,5.15683e-05,0,0,0.5,0,2.14075e-05,1.2564e-05,1.22688e-05,0.440945,0.000436832,0.000157545,0.000613766,0,0.055051,0.055051,0,3.89861,7.66092,0.816169,0.0897662,3.44114,0.060632,0.0610088,0.0424285,0.0116891,0.145537,0.103128,0,0.122779,0,
74049,296,,5.10526e-05,,,,,,,,,,,,,,,,,,,,,,,,,,,,,,
74099,296,,5.10526e-05,,,,,,,,,,,,,,,,,,,,,,,,,,,,,,
74149,296,,5.10526e-05,,,,,,,,,,,,,,,,,,,,,,,,,,,,,,
74199,296,,5.10526e-05,,,,,,,,,,,,,,,,,,,,,,,,,,,,,,
74249,296,296,5.10526e-05,0,0,0.5,0,2.14439e-05,1.27865e-05,1.20832e-05,0.489006,0.00042678,0.000162835,0.000605613,0,0.0539613,0.0539613,0,3.78502,6.89191,0.789952,0.0843692,3.27084,0.0593469,0.059371,0.0414907,0.00959605,0.142777,0.102846,0,0.110708,0,
74299,297,,5.0542e-05,,,,,,,,,,,,,,,,,,,,,,,,,,,,,,
74349,297,,5.0542e-05,,,,,,,,,,,,,,,,,,,,,,,,,,,,,,
74399,297,,5.0542e-05,,,,,,,,,,,,,,,,,,,,,,,,,,,,,,
74449,297,,5.0542e-05,,,,,,,,,,,,,,,,,,,,,,,,,,,,,,
74499,297,297,5.0542e-05,0,0,0.5,0,2.15492e-05,1.30047e-05,1.2192e-05,0.520194,0.000437066,0.000171143,0.000611515,0,0.0529163,0.0529163,0,3.95366,7.56729,0.819108,0.0896121,3.45483,0.0600755,0.0606084,0.0419868,0.0110825,0.144936,0.101839,0,0.11959,0,
74549,298,,5.00366e-05,,,,,,,,,,,,,,,,,,,,,,,,,,,,,,
74599,298,,5.00366e-05,,,,,,,,,,,,,,,,,,,,,,,,,,,,,,
74649,298,,5.00366e-05,,,,,,,,,,,,,,,,,,,,,,,,,,,,,,
74699,298,,5.00366e-05,,,,,,,,,,,,,,,,,,,,,,,,,,,,,,
74749,298,298,5.00366e-05,0,0,0.5,0,2.15139e-05,1.27695e-05,1.22116e-05,0.482881,0.00043758,0.000161417,0.000612562,0,0.0534773,0.0534773,0,3.89185,7.18345,0.806111,0.0894705,3.38368,0.05944,0.0606561,0.0414875,0.00987252,0.144471,0.100153,0,0.115663,0,
74799,299,,4.95363e-05,,,,,,,,,,,,,,,,,,,,,,,,,,,,,,
74849,299,,4.95363e-05,,,,,,,,,,,,,,,,,,,,,,,,,,,,,,
74899,299,,4.95363e-05,,,,,,,,,,,,,,,,,,,,,,,,,,,,,,
74949,299,,4.95363e-05,,,,,,,,,,,,,,,,,,,,,,,,,,,,,,
74999,299,299,4.95363e-05,0,0,0.5,0,2.11472e-05,1.2589e-05,1.21787e-05,0.472942,0.000426985,0.000157448,0.000595513,0,0.0541313,0.0541313,0,3.82211,7.03258,0.797426,0.0863007,3.33749,0.0597787,0.0597915,0.0413348,0.00957803,0.146123,0.101845,0,0.111929,0,
75049,300,,4.90409e-05,,,,,,,,,,,,,,,,,,,,,,,,,,,,,,
75099,300,,4.90409e-05,,,,,,,,,,,,,,,,,,,,,,,,,,,,,,
75149,300,,4.90409e-05,,,,,,,,,,,,,,,,,,,,,,,,,,,,,,
75199,300,,4.90409e-05,,,,,,,,,,,,,,,,,,,,,,,,,,,,,,
75249,300,300,4.90409e-05,0,0,0.5,0,2.15674e-05,1.27973e-05,1.21861e-05,0.483666,0.000435848,0.000163993,0.000624381,0,0.0540349,0.0540349,0,3.91483,7.56157,0.812705,0.091737,3.45917,0.0602871,0.0615482,0.0421865,0.0115463,0.145488,0.100954,0,0.12021,0,
