step,epoch,epoch,lr-Adam,lw/param_w,lw/perc_w,lw/sw_w,train/param,train/param_grad/AMP_0,train/param_grad/BFRQ_0,train/param_grad/CUTOFF_0,train/param_grad/M_OSC_0,train/param_grad/Q_FILT_0,train/perc,train/spec,train/total,train/wave,val_id/loud,val_id/lsd,val_id/mfcc,val_id/mfcc03,val_id/mfccdb,val_id/param,val_id/param_group/harmor_amplitudes,val_id/param_group/harmor_cutoff,val_id/param_group/harmor_f0_hz,val_id/param_group/harmor_osc_mix,val_id/param_group/harmor_q,val_id/perc,val_id/spec,val_id/wave,val_ood/lsd
0,0,,,,,,,,,,,,,,,,,40,,,,,,,,,,,,,40
12549,50,,0.000605006,,,,,,,,,,,,,,,,,,,,,,,,,,,,
12599,50,,0.000605006,,,,,,,,,,,,,,,,,,,,,,,,,,,,
12649,50,,0.000605006,,,,,,,,,,,,,,,,,,,,,,,,,,,,
12699,50,,0.000605006,,,,,,,,,,,,,,,,,,,,,,,,,,,,
12749,50,50,0.000605006,9.9668,0,0.00166,0.246023,0.00011009,0.0318808,0.000107879,0.0311468,0.031147,0,0.000289319,0.246216,0,6.05732,10.3522,1.10522,0.0611204,3.01568,0.0304875,0.051362,0.0295161,0.00295279,0.0194177,0.0491888,0,0.169998,0,
12799,51,,0.000598956,,,,,,,,,,,,,,,,,,,,,,,,,,,,
12849,51,,0.000598956,,,,,,,,,,,,,,,,,,,,,,,,,,,,
12899,51,,0.000598956,,,,,,,,,,,,,,,,,,,,,,,,,,,,
12949,51,,0.000598956,,,,,,,,,,,,,,,,,,,,,,,,,,,,
12999,51,51,0.000598956,9.90013,0,0.00499333,0.246773,0.000110304,0.033245,0.000107018,0.0309396,0.0309406,0,0.000875804,0.247649,0,6.21215,10.6189,1.1249,0.0611157,3.10552,0.0316795,0.0537805,0.0300428,0.00325678,0.0209216,0.0503958,0,0.167214,0,
13049,52,,0.000592966,,,,,,,,,,,,,,,,,,,,,,,,,,,,
13099,52,,0.000592966,,,,,,,,,,,,,,,,,,,,,,,,,,,,
13149,52,,0.000592966,,,,,,,,,,,,,,,,,,,,,,,,,,,,
13199,52,,0.000592966,,,,,,,,,,,,,,,,,,,,,,,,,,,,
13249,52,52,0.000592966,9.83347,0,0.00832667,0.23615,0.00010829,0.034417,0.000106285,0.0307322,0.0307342,0,0.00149196,0.237642,0,6.25772,10.9283,1.13987,0.0674031,3.20572,0.0318309,0.0523406,0.0311773,0.00352317,0.0180655,0.0540481,0,0.180794,0,
13299,53,,0.000587037,,,,,,,,,,,,,,,,,,,,,,,,,,,,
13349,53,,0.000587037,,,,,,,,,,,,,,,,,,,,,,,,,,,,
13399,53,,0.000587037,,,,,,,,,,,,,,,,,,,,,,,,,,,,
13449,53,,0.000587037,,,,,,,,,,,,,,,,,,,,,,,,,,,,
13499,53,53,0.000587037,9.7668,0,0.01166,0.233962,0.000108242,0.0357148,0.000105618,0.0305247,0.0305271,0,0.00208463,0.236047,0,6.26455,11.8127,1.15838,0.0716574,3.61199,0.0323556,0.0551223,0.031226,0.00447092,0.0212982,0.0496606,0,0.191985,0,
13549,54,,0.000581166,,,,,,,,,,,,,,,,,,,,,,,,,,,,
13599,54,,0.000581166,,,,,,,,,,,,,,,,,,,,,,,,,,,,
13649,54,,0.000581166,,,,,,,,,,,,,,,,,,,,,,,,,,,,
13699,54,,0.000581166,,,,,,,,,,,,,,,,,,,,,,,,,,,,
13749,54,54,0.000581166,9.70013,0,0.0149933,0.227092,0.0001066,0.0369956,0.00010489,0.0303179,0.0303208,0,0.00264424,0.229736,0,6.19844,10.9514,1.1206,0.0631766,3.26479,0.0306917,0.0526306,0.0298471,0.00355158,0.0188224,0.0486069,0,0.173902,0,
13799,55,,0.000575355,,,,,,,,,,,,,,,,,,,,,,,,,,,,
13849,55,,0.000575355,,,,,,,,,,,,,,,,,,,,,,,,,,,,
13899,55,,0.000575355,,,,,,,,,,,,,,,,,,,,,,,,,,,,
13949,55,,0.000575355,,,,,,,,,,,,,,,,,,,,,,,,,,,,
13999,55,55,0.000575355,9.63347,0,0.0183267,0.22947,0.000106886,0.0383292,0.0001045,0.0301096,0.0301149,0,0.00326981,0.23274,0,6.31775,11.3782,1.14543,0.0643921,3.29585,0.0307012,0.0540876,0.0291547,0.00400782,0.0168915,0.0493642,0,0.176281,0,
14049,56,,0.000569601,,,,,,,,,,,,,,,,,,,,,,,,,,,,
14099,56,,0.000569601,,,,,,,,,,,,,,,,,,,,,,,,,,,,
14149,56,,0.000569601,,,,,,,,,,,,,,,,,,,,,,,,,,,,
14199,56,,0.000569601,,,,,,,,,,,,,,,,,,,,,,,,,,,,
14249,56,56,0.000569601,9.5668,0,0.02166,0.218325,0.000105182,0.0392982,0.000102748,0.0299029,0.0299063,0,0.00393876,0.222264,0,6.27462,11.1824,1.13494,0.0630552,3.20127,0.0311368,0.0526464,0.0304249,0.00374959,0.0191898,0.0496733,0,0.181732,0,
14299,57,,0.000563905,,,,,,,,,,,,,,,,,,,,,,,,,,,,
14349,57,,0.000563905,,,,,,,,,,,,,,,,,,,,,,,,,,,,
14399,57,,0.000563905,,,,,,,,,,,,,,,,,,,,,,,,,,,,
14449,57,,0.000563905,,,,,,,,,,,,,,,,,,,,,,,,,,,,
14499,57,57,0.000563905,9.50013,0,0.0249933,0.217907,0.000104971,0.0406209,0.000102411,0.0296954,0.0297012,0,0.0046049,0.222512,0,6.39617,11.8948,1.16878,0.0722842,3.51958,0.0317397,0.0571194,0.029849,0.00511621,0.0170125,0.0496016,0,0.197036,0,
14549,58,,0.000558266,,,,,,,,,,,,,,,,,,,,,,,,,,,,
14599,58,,0.000558266,,,,,,,,,,,,,,,,,,,,,,,,,,,,
14649,58,,0.000558266,,,,,,,,,,,,,,,,,,,,,,,,,,,,
14699,58,,0.000558266,,,,,,,,,,,,,,,,,,,,,,,,,,,,
14749,58,58,0.000558266,9.43347,0,0.0283267,0.212797,0.00010423,0.041618,0.000101574,0.0294872,0.029491,0,0.00528747,0.218085,0,6.2784,10.8163,1.11891,0.0610157,3.09274,0.0307159,0.0521651,0.0299231,0.00344889,0.0183668,0.0496756,0,0.176208,0,
14799,59,,0.000552683,,,,,,,,,,,,,,,,,,,,,,,,,,,,
14849,59,,0.000552683,,,,,,,,,,,,,,,,,,,,,,,,,,,,
14899,59,,0.000552683,,,,,,,,,,,,,,,,,,,,,,,,,,,,
14949,59,,0.000552683,,,,,,,,,,,,,,,,,,,,,,,,,,,,
14999,59,59,0.000552683,9.3668,0,0.03166,0.20809,0.000103233,0.0434389,0.000101101,0.0292806,0.0292881,0,0.0056851,0.213775,0,6.21218,10.9984,1.12616,0.0719455,3.32465,0.0309579,0.0544683,0.0291066,0.00366481,0.0177853,0.0497644,0,0.190402,0,
15049,60,,0.000547157,,,,,,,,,,,,,,,,,,,,,,,,,,,,
15099,60,,0.000547157,,,,,,,,,,,,,,,,,,,,,,,,,,,,
15149,60,,0.000547157,,,,,,,,,,,,,,,,,,,,,,,,,,,,
15199,60,,0.000547157,,,,,,,,,,,,,,,,,,,,,,,,,,,,
15249,60,60,0.000547157,9.30013,0,0.0349933,0.201554,0.000102608,0.0445531,9.96111e-05,0.0290716,0.0290803,0,0.00636209,0.207916,0,6.41611,13.2398,1.20411,0.08524,4.17092,0.0303202,0.0508413,0.0284974,0.00672956,0.0172746,0.0482583,0,0.226377,0,
15299,61,,0.000541685,,,,,,,,,,,,,,,,,,,,,,,,,,,,
15349,61,,0.000541685,,,,,,,,,,,,,,,,,,,,,,,,,,,,
15399,61,,0.000541685,,,,,,,,,,,,,,,,,,,,,,,,,,,,
15449,61,,0.000541685,,,,,,,,,,,,,,,,,,,,,,,,,,,,
15499,61,61,0.000541685,9.23347,0,0.0383267,0.2067,0.000102188,0.0459652,9.94161e-05,0.0288664,0.0288779,0,0.00693672,0.213637,0,6.16993,10.1915,1.10199,0.0670506,3.09738,0.0316787,0.0581687,0.029804,0.00297805,0.0188592,0.0485836,0,0.163292,0,
15549,62,,0.000536268,,,,,,,,,,,,,,,,,,,,,,,,,,,,
15599,62,,0.000536268,,,,,,,,,,,,,,,,,,,,,,,,,,,,
15649,62,,0.000536268,,,,,,,,,,,,,,,,,,,,,,,,,,,,
15699,62,,0.000536268,,,,,,,,,,,,,,,,,,,,,,,,,,,,
15749,62,62,0.000536268,9.1668,0,0.04166,0.198615,0.00010116,0.0470044,9.82669e-05,0.0286562,0.0286676,0,0.0076761,0.206291,0,6.29664,11.546,1.14046,0.0679645,3.33063,0.0308513,0.0515755,0.0293672,0.00433058,0.0188483,0.0501351,0,0.197902,0,
15799,63,,0.000530906,,,,,,,,,,,,,,,,,,,,,,,,,,,,
15849,63,,0.000530906,,,,,,,,,,,,,,,,,,,,,,,,,,,,
15899,63,,0.000530906,,,,,,,,,,,,,,,,,,,,,,,,,,,,
15949,63,,0.000530906,,,,,,,,,,,,,,,,,,,,,,,,,,,,
15999,63,63,0.000530906,9.10013,0,0.0449934,0.19765,0.000100419,0.0481143,9.78468e-05,0.0284504,0.0284598,0,0.00823055,0.205881,0,6.31998,12.0543,1.16368,0.0703207,3.56335,0.0320825,0.0532274,0.0306019,0.00489758,0.0234742,0.0482113,0,0.194048,0,
16049,64,,0.000525596,,,,,,,,,,,,,,,,,,,,,,,,,,,,
16099,64,,0.000525596,,,,,,,,,,,,,,,,,,,,,,,,,,,,
16149,64,,0.000525596,,,,,,,,,,,,,,,,,,,,,,,,,,,,
16199,64,,0.000525596,,,,,,,,,,,,,,,,,,,,,,,,,,,,
16249,64,64,0.000525596,9.03347,0,0.0483267,0.192606,9.93829e-05,0.0490446,9.689e-05,0.0282411,0.0282487,0,0.00904608,0.201652,0,6.19591,11.6045,1.13493,0.069188,3.52455,0.0303911,0.0521563,0.0288384,0.00436568,0.0181388,0.0484563,0,0.189471,0,
16299,65,,0.000520341,,,,,,,,,,,,,,,,,,,,,,,,,,,,
16349,65,,0.000520341,,,,,,,,,,,,,,,,,,,,,,,,,,,,
16399,65,,0.000520341,,,,,,,,,,,,,,,,,,,,,,,,,,,,
16449,65,,0.000520341,,,,,,,,,,,,,,,,,,,,,,,,,,,,
16499,65,65,0.000520341,8.9668,0,0.05166,0.188425,9.87202e-05,0.0506451,9.6337e-05,0.0280352,0.0280437,0,0.00943012,0.197855,0,6.27637,11.8838,1.15596,0.074481,3.59211,0.0303837,0.0513076,0.0293524,0.00466548,0.0197942,0.0467988,0,0.203312,0,
16549,66,,0.000515137,,,,,,,,,,,,,,,,,,,,,,,,,,,,
16599,66,,0.000515137,,,,,,,,,,,,,,,,,,,,,,,,,,,,
16649,66,,0.000515137,,,,,,,,,,,,,,,,,,,,,,,,,,,,
16699,66,,0.000515137,,,,,,,,,,,,,,,,,,,,,,,,,,,,
16749,66,66,0.000515137,8.90013,0,0.0549933,0.18694,9.87729e-05,0.0514907,9.54239e-05,0.0278268,0.0278397,0,0.01028,0.19722,0,6.26344,11.9859,1.15563,0.0722548,3.69564,0.0311712,0.0522689,0.0287238,0.00482176,0.0202918,0.0497498,0,0.191771,0,
16799,67,,0.000509986,,,,,,,,,,,,,,,,,,,,,,,,,,,,
16849,67,,0.000509986,,,,,,,,,,,,,,,,,,,,,,,,,,,,
16899,67,,0.000509986,,,,,,,,,,,,,,,,,,,,,,,,,,,,
16949,67,,0.000509986,,,,,,,,,,,,,,,,,,,,,,,,,,,,
16999,67,67,0.000509986,8.83346,0,0.0583267,0.184251,9.75343e-05,0.0535493,9.46247e-05,0.0276195,0.0276304,0,0.010603,0.194854,0,6.23324,11.6312,1.13768,0.0678826,3.38263,0.0307508,0.052405,0.029294,0.00417251,0.0195991,0.0482833,0,0.194988,0,
17049,68,,0.000504886,,,,,,,,,,,,,,,,,,,,,,,,,,,,
17099,68,,0.000504886,,,,,,,,,,,,,,,,,,,,,,,,,,,,
17149,68,,0.000504886,,,,,,,,,,,,,,,,,,,,,,,,,,,,
17199,68,,0.000504886,,,,,,,,,,,,,,,,,,,,,,,,,,,,
17249,68,68,0.000504886,8.7668,0,0.06166,0.181002,9.7016e-05,0.0548145,9.39169e-05,0.0274115,0.0274244,0,0.0112075,0.192209,0,6.31047,11.3735,1.14378,0.0623892,3.25707,0.0301901,0.0513387,0.0290742,0.00429392,0.0197239,0.0465199,0,0.180991,0,
17299,69,,0.000499837,,,,,,,,,,,,,,,,,,,,,,,,,,,,
17349,69,,0.000499837,,,,,,,,,,,,,,,,,,,,,,,,,,,,
17399,69,,0.000499837,,,,,,,,,,,,,,,,,,,,,,,,,,,,
17449,69,,0.000499837,,,,,,,,,,,,,,,,,,,,,,,,,,,,
17499,69,69,0.000499837,8.70013,0,0.0649933,0.18134,9.61924e-05,0.0555786,9.31843e-05,0.0272048,0.0272235,0,0.0120283,0.193369,0,6.23489,11.1437,1.12551,0.0660718,3.21281,0.0298472,0.0516153,0.0287669,0.00375452,0.0172802,0.0478193,0,0.183718,0,
17549,70,,0.000494839,,,,,,,,,,,,,,,,,,,,,,,,,,,,
17599,70,,0.000494839,,,,,,,,,,,,,,,,,,,,,,,,,,,,
17649,70,,0.000494839,,,,,,,,,,,,,,,,,,,,,,,,,,,,
17699,70,,0.000494839,,,,,,,,,,,,,,,,,,,,,,,,,,,,
17749,70,70,0.000494839,8.63347,0,0.0683267,0.178699,9.57497e-05,0.0568188,9.2593e-05,0.0269945,0.0270084,0,0.0126173,0.191316,0,6.33342,12.3089,1.17661,0.0684322,3.60118,0.0301072,0.0514002,0.0287949,0.00550812,0.0174313,0.0474017,0,0.197521,0,
17799,71,,0.00048989,,,,,,,,,,,,,,,,,,,,,,,,,,,,
17849,71,,0.00048989,,,,,,,,,,,,,,,,,,,,,,,,,,,,
17899,71,,0.00048989,,,,,,,,,,,,,,,,,,,,,,,,,,,,
17949,71,,0.00048989,,,,,,,,,,,,,,,,,,,,,,,,,,,,
17999,71,71,0.00048989,8.5668,0,0.07166,0.172727,9.43727e-05,0.0577486,9.1459e-05,0.026791,0.026803,0,0.0133889,0.186116,0,6.25069,10.8143,1.12917,0.0604155,3.15534,0.0299554,0.0515501,0.0291761,0.00356618,0.0164772,0.0490072,0,0.174017,0,
18049,72,,0.000484991,,,,,,,,,,,,,,,,,,,,,,,,,,,,
18099,72,,0.000484991,,,,,,,,,,,,,,,,,,,,,,,,,,,,
18149,72,,0.000484991,,,,,,,,,,,,,,,,,,,,,,,,,,,,
18199,72,,0.000484991,,,,,,,,,,,,,,,,,,,,,,,,,,,,
18249,72,72,0.000484991,8.50013,0,0.0749934,0.171884,9.39497e-05,0.0599434,9.11088e-05,0.0265822,0.0266047,0,0.0136015,0.185486,0,6.17573,10.9896,1.11726,0.0623463,3.16951,0.0304088,0.0533503,0.0293039,0.00353916,0.0166989,0.0491515,0,0.177813,0,
18299,73,,0.000480141,,,,,,,,,,,,,,,,,,,,,,,,,,,,
18349,73,,0.000480141,,,,,,,,,,,,,,,,,,,,,,,,,,,,
18399,73,,0.000480141,,,,,,,,,,,,,,,,,,,,,,,,,,,,
18449,73,,0.000480141,,,,,,,,,,,,,,,,,,,,,,,,,,,,
18499,73,73,0.000480141,8.43347,0,0.0783266,0.170815,9.32963e-05,0.0606951,9.01519e-05,0.0263753,0.026395,0,0.0143445,0.185159,0,6.30228,11.4113,1.14371,0.0622107,3.28224,0.030247,0.0512618,0.0292714,0.00428541,0.0173667,0.0490495,0,0.187545,0,
18549,74,,0.00047534,,,,,,,,,,,,,,,,,,,,,,,,,,,,
18599,74,,0.00047534,,,,,,,,,,,,,,,,,,,,,,,,,,,,
18649,74,,0.00047534,,,,,,,,,,,,,,,,,,,,,,,,,,,,
18699,74,,0.00047534,,,,,,,,,,,,,,,,,,,,,,,,,,,,
18749,74,74,0.00047534,8.3668,0,0.08166,0.170703,9.33108e-05,0.0620387,9.00088e-05,0.0261671,0.0261838,0,0.0150383,0.185741,0,6.36122,12.0699,1.17187,0.0752635,3.59025,0.0310741,0.0549392,0.0303314,0.00497765,0.0167243,0.048398,0,0.213592,0,
18799,75,,0.000470587,,,,,,,,,,,,,,,,,,,,,,,,,,,,
18849,75,,0.000470587,,,,,,,,,,,,,,,,,,,,,,,,,,,,
18899,75,,0.000470587,,,,,,,,,,,,,,,,,,,,,,,,,,,,
18949,75,,0.000470587,,,,,,,,,,,,,,,,,,,,,,,,,,,,
18999,75,75,0.000470587,8.30013,0,0.0849933,0.167111,9.2579e-05,0.0633356,8.87261e-05,0.0259614,0.0259863,0,0.0156007,0.182711,0,6.29581,11.7773,1.16268,0.0703878,3.58491,0.0310882,0.0521028,0.0293885,0.00448022,0.0165525,0.0529169,0,0.195688,0,
19049,76,,0.000465881,,,,,,,,,,,,,,,,,,,,,,,,,,,,
19099,76,,0.000465881,,,,,,,,,,,,,,,,,,,,,,,,,,,,
19149,76,,0.000465881,,,,,,,,,,,,,,,,,,,,,,,,,,,,
19199,76,,0.000465881,,,,,,,,,,,,,,,,,,,,,,,,,,,,
19249,76,76,0.000465881,8.23347,0,0.0883266,0.165264,9.14643e-05,0.0637503,8.79654e-05,0.0257505,0.0257671,0,0.0164498,0.181714,0,6.28687,12.0953,1.16285,0.0725976,3.60078,0.0306344,0.0531088,0.0282303,0.00477519,0.0172602,0.0497975,0,0.198801,0,
19299,77,,0.000461222,,,,,,,,,,,,,,,,,,,,,,,,,,,,
19349,77,,0.000461222,,,,,,,,,,,,,,,,,,,,,,,,,,,,
19399,77,,0.000461222,,,,,,,,,,,,,,,,,,,,,,,,,,,,
19449,77,,0.000461222,,,,,,,,,,,,,,,,,,,,,,,,,,,,
19499,77,77,0.000461222,8.1668,0,0.0916601,0.15842,9.07342e-05,0.0660538,8.71044e-05,0.0255454,0.0255698,0,0.0165614,0.174981,0,6.15472,10.823,1.10775,0.0607323,3.09753,0.0294927,0.0513475,0.0287093,0.00341473,0.0171931,0.046799,0,0.172445,0,
19549,78,,0.00045661,,,,,,,,,,,,,,,,,,,,,,,,,,,,
19599,78,,0.00045661,,,,,,,,,,,,,,,,,,,,,,,,,,,,
19649,78,,0.00045661,,,,,,,,,,,,,,,,,,,,,,,,,,,,
19699,78,,0.00045661,,,,,,,,,,,,,,,,,,,,,,,,,,,,
19749,78,78,0.00045661,8.10013,0,0.0949933,0.156795,8.99873e-05,0.0670375,8.62657e-05,0.0253362,0.0253606,0,0.0176306,0.174426,0,6.27963,11.4893,1.14841,0.0659123,3.42802,0.0298204,0.0527795,0.0283099,0.0043339,0.0165558,0.0471228,0,0.187365,0,
19799,79,,0.000452044,,,,,,,,,,,,,,,,,,,,,,,,,,,,
19849,79,,0.000452044,,,,,,,,,,,,,,,,,,,,,,,,,,,,
19899,79,,0.000452044,,,,,,,,,,,,,,,,,,,,,,,,,,,,
19949,79,,0.000452044,,,,,,,,,,,,,,,,,,,,,,,,,,,,
19999,79,79,0.000452044,8.03347,0,0.0983266,0.153612,8.88505e-05,0.0690844,8.55904e-05,0.02513,0.0251456,0,0.0180504,0.171663,0,6.35816,11.9337,1.16488,0.0709296,3.67442,0.0294231,0.0499357,0.0290127,0.00493882,0.0163317,0.0468967,0,0.197356,0,
20049,80,,0.000447523,,,,,,,,,,,,,,,,,,,,,,,,,,,,
20099,80,,0.000447523,,,,,,,,,,,,,,,,,,,,,,,,,,,,
20149,80,,0.000447523,,,,,,,,,,,,,,,,,,,,,,,,,,,,
20199,80,,0.000447523,,,,,,,,,,,,,,,,,,,,,,,,,,,,
20249,80,80,0.000447523,7.9668,0,0.10166,0.149178,8.79978e-05,0.069239,8.48477e-05,0.0249181,0.0249399,0,0.0191231,0.168301,0,6.22697,10.9374,1.12667,0.060783,3.11704,0.0294006,0.0518604,0.028878,0.00363756,0.0164072,0.0462198,0,0.178013,0,
20299,81,,0.000443048,,,,,,,,,,,,,,,,,,,,,,,,,,,,
20349,81,,0.000443048,,,,,,,,,,,,,,,,,,,,,,,,,,,,
20399,81,,0.000443048,,,,,,,,,,,,,,,,,,,,,,,,,,,,
20449,81,,0.000443048,,,,,,,,,,,,,,,,,,,,,,,,,,,,
20499,81,81,0.000443048,7.90013,0,0.104993,0.148628,8.73352e-05,0.0709311,8.41823e-05,0.0247126,0.0247386,0,0.0193985,0.168027,0,6.15969,10.7993,1.12594,0.065232,3.20574,0.0310417,0.0566785,0.0291657,0.00350571,0.0176856,0.0481728,0,0.171887,0,
20549,82,,0.000438618,,,,,,,,,,,,,,,,,,,,,,,,,,,,
20599,82,,0.000438618,,,,,,,,,,,,,,,,,,,,,,,,,,,,
20649,82,,0.000438618,,,,,,,,,,,,,,,,,,,,,,,,,,,,
20699,82,,0.000438618,,,,,,,,,,,,,,,,,,,,,,,,,,,,
20749,82,82,0.000438618,7.83347,0,0.108327,0.146066,8.66077e-05,0.0734126,8.3676e-05,0.0245056,0.0245371,0,0.0194119,0.165478,0,6.28662,11.3806,1.12966,0.0649525,3.40432,0.0292916,0.0510988,0.028708,0.00420551,0.0157656,0.0466798,0,0.184152,0,
20799,83,,0.000434231,,,,,,,,,,,,,,,,,,,,,,,,,,,,
20849,83,,0.000434231,,,,,,,,,,,,,,,,,,,,,,,,,,,,
20899,83,,0.000434231,,,,,,,,,,,,,,,,,,,,,,,,,,,,
20949,83,,0.000434231,,,,,,,,,,,,,,,,,,,,,,,,,,,,
20999,83,83,0.000434231,7.7668,0,0.11166,0.144093,8.59389e-05,0.0721609,8.26196e-05,0.024299,0.0243165,0,0.0209286,0.165021,0,6.23761,11.6711,1.14141,0.0712803,3.56332,0.0311108,0.0529352,0.0282536,0.0045626,0.0214617,0.0483409,0,0.193374,0,
21049,84,,0.000429889,,,,,,,,,,,,,,,,,,,,,,,,,,,,
21099,84,,0.000429889,,,,,,,,,,,,,,,,,,,,,,,,,,,,
21149,84,,0.000429889,,,,,,,,,,,,,,,,,,,,,,,,,,,,
21199,84,,0.000429889,,,,,,,,,,,,,,,,,,,,,,,,,,,,
21249,84,84,0.000429889,7.70013,0,0.114993,0.145711,8.59504e-05,0.0750085,8.2282e-05,0.0240986,0.0241146,0,0.0209561,0.166667,0,6.47378,12.5861,1.19594,0.0733429,3.82119,0.0302208,0.0522124,0.0283118,0.00598534,0.0171123,0.047482,0,0.2082,0,
21299,85,,0.00042559,,,,,,,,,,,,,,,,,,,,,,,,,,,,
21349,85,,0.00042559,,,,,,,,,,,,,,,,,,,,,,,,,,,,
21399,85,,0.00042559,,,,,,,,,,,,,,,,,,,,,,,,,,,,
21449,85,,0.00042559,,,,,,,,,,,,,,,,,,,,,,,,,,,,
21499,85,85,0.00042559,7.63347,0,0.118327,0.142629,8.49173e-05,0.0767114,8.11704e-05,0.0238875,0.0239092,0,0.021745,0.164374,0,6.20354,10.8073,1.11208,0.0585784,3.06081,0.0291975,0.0508191,0.0287254,0.0035595,0.0157996,0.0470837,0,0.174281,0,
21549,86,,0.000421334,,,,,,,,,,,,,,,,,,,,,,,,,,,,
21599,86,,0.000421334,,,,,,,,,,,,,,,,,,,,,,,,,,,,
21649,86,,0.000421334,,,,,,,,,,,,,,,,,,,,,,,,,,,,
21699,86,,0.000421334,,,,,,,,,,,,,,,,,,,,,,,,,,,,
21749,86,86,0.000421334,7.5668,0,0.12166,0.138149,8.41687e-05,0.079049,8.0549e-05,0.0236742,0.0237057,0,0.0218137,0.159963,0,6.28901,11.8919,1.15195,0.073034,3.53584,0.0313953,0.056485,0.0296185,0.00461878,0.0189539,0.0473002,0,0.194138,0,
21799,87,,0.000417121,,,,,,,,,,,,,,,,,,,,,,,,,,,,
21849,87,,0.000417121,,,,,,,,,,,,,,,,,,,,,,,,,,,,
21899,87,,0.000417121,,,,,,,,,,,,,,,,,,,,,,,,,,,,
21949,87,,0.000417121,,,,,,,,,,,,,,,,,,,,,,,,,,,,
21999,87,87,0.000417121,7.50013,0,0.124993,0.136573,8.32685e-05,0.0794213,8.01958e-05,0.0234661,0.0234903,0,0.0223697,0.158943,0,6.32603,11.3743,1.15305,0.0654013,3.38094,0.0293294,0.0522015,0.028181,0.00395208,0.0157237,0.0465888,0,0.18651,0,
22049,88,,0.00041295,,,,,,,,,,,,,,,,,,,,,,,,,,,,
22099,88,,0.00041295,,,,,,,,,,,,,,,,,,,,,,,,,,,,
22149,88,,0.00041295,,,,,,,,,,,,,,,,,,,,,,,,,,,,
22199,88,,0.00041295,,,,,,,,,,,,,,,,,,,,,,,,,,,,
22249,88,88,0.00041295,7.43347,0,0.128327,0.134985,8.28257e-05,0.0813661,7.94192e-05,0.0232626,0.0232805,0,0.0228748,0.15786,0,6.15602,11.271,1.13094,0.0686038,3.41175,0.0291571,0.0506066,0.0279136,0.00395605,0.0173248,0.0459846,0,0.194975,0,
22299,89,,0.00040882,,,,,,,,,,,,,,,,,,,,,,,,,,,,
22349,89,,0.00040882,,,,,,,,,,,,,,,,,,,,,,,,,,,,
22399,89,,0.00040882,,,,,,,,,,,,,,,,,,,,,,,,,,,,
22449,89,,0.00040882,,,,,,,,,,,,,,,,,,,,,,,,,,,,
22499,89,89,0.00040882,7.3668,0,0.13166,0.130287,8.13983e-05,0.0818396,7.81995e-05,0.0230517,0.023077,0,0.0241492,0.154436,0,6.23401,11.0813,1.1252,0.0619515,3.19799,0.0295143,0.0506952,0.0284412,0.00381676,0.018359,0.0462591,0,0.180243,0,
22549,90,,0.000404732,,,,,,,,,,,,,,,,,,,,,,,,,,,,
22599,90,,0.000404732,,,,,,,,,,,,,,,,,,,,,,,,,,,,
22649,90,,0.000404732,,,,,,,,,,,,,,,,,,,,,,,,,,,,
22699,90,,0.000404732,,,,,,,,,,,,,,,,,,,,,,,,,,,,
22749,90,90,0.000404732,7.30013,0,0.134993,0.129577,8.08648e-05,0.0830253,7.76707e-05,0.0228451,0.022872,0,0.0248,0.154377,0,6.25452,11.0948,1.14009,0.0638656,3.23191,0.0291152,0.0506251,0.0279437,0.00401128,0.0156408,0.0473554,0,0.1904,0,
22799,91,,0.000400685,,,,,,,,,,,,,,,,,,,,,,,,,,,,
22849,91,,0.000400685,,,,,,,,,,,,,,,,,,,,,,,,,,,,
22899,91,,0.000400685,,,,,,,,,,,,,,,,,,,,,,,,,,,,
22949,91,,0.000400685,,,,,,,,,,,,,,,,,,,,,,,,,,,,
22999,91,91,0.000400685,7.23347,0,0.138327,0.127348,8.04074e-05,0.0837459,7.73527e-05,0.0226382,0.0226764,0,0.0251484,0.152496,0,6.21071,10.8277,1.13055,0.0585436,3.05617,0.029175,0.0514288,0.0280606,0.00368966,0.0166588,0.0460374,0,0.174348,0,
23049,92,,0.000396678,,,,,,,,,,,,,,,,,,,,,,,,,,,,
23099,92,,0.000396678,,,,,,,,,,,,,,,,,,,,,,,,,,,,
23149,92,,0.000396678,,,,,,,,,,,,,,,,,,,,,,,,,,,,
23199,92,,0.000396678,,,,,,,,,,,,,,,,,,,,,,,,,,,,
23249,92,92,0.000396678,7.1668,0,0.14166,0.124875,7.99074e-05,0.0865531,7.64967e-05,0.0224268,0.0224661,0,0.0253685,0.150244,0,6.35916,11.3614,1.16417,0.0767872,3.48653,0.0310644,0.0596706,0.0285903,0.0041578,0.0154617,0.0474416,0,0.186082,0,
23299,93,,0.000392711,,,,,,,,,,,,,,,,,,,,,,,,,,,,
23349,93,,0.000392711,,,,,,,,,,,,,,,,,,,,,,,,,,,,
23399,93,,0.000392711,,,,,,,,,,,,,,,,,,,,,,,,,,,,
23449,93,,0.000392711,,,,,,,,,,,,,,,,,,,,,,,,,,,,
23499,93,93,0.000392711,7.10013,0,0.144993,0.123681,7.90955e-05,0.0862966,7.56745e-05,0.0222206,0.0222589,0,0.026935,0.150616,0,6.24914,11.9247,1.14764,0.0719659,3.62106,0.0291571,0.0513431,0.0275921,0.00470099,0.015453,0.0466963,0,0.194425,0,
23549,94,,0.000388784,,,,,,,,,,,,,,,,,,,,,,,,,,,,
23599,94,,0.000388784,,,,,,,,,,,,,,,,,,,,,,,,,,,,
23649,94,,0.000388784,,,,,,,,,,,,,,,,,,,,,,,,,,,,
23699,94,,0.000388784,,,,,,,,,,,,,,,,,,,,,,,,,,,,
23749,94,94,0.000388784,7.03347,0,0.148327,0.123054,7.81514e-05,0.0870483,7.46924e-05,0.0220156,0.0220385,0,0.027684,0.150738,0,6.07324,10.677,1.10238,0.0599389,3.08087,0.0286375,0.0498158,0.0287923,0.00333377,0.0148504,0.0463954,0,0.175722,0,
23799,95,,0.000384896,,,,,,,,,,,,,,,,,,,,,,,,,,,,
23849,95,,0.000384896,,,,,,,,,,,,,,,,,,,,,,,,,,,,
23899,95,,0.000384896,,,,,,,,,,,,,,,,,,,,,,,,,,,,
23949,95,,0.000384896,,,,,,,,,,,,,,,,,,,,,,,,,,,,
23999,95,95,0.000384896,6.9668,0,0.15166,0.121638,7.77808e-05,0.0886479,7.4087e-05,0.0218049,0.0218368,0,0.0283763,0.150015,0,6.15411,10.6607,1.11292,0.057854,3.04893,0.0290266,0.0507812,0.0281493,0.00335965,0.0154096,0.0474331,0,0.172033,0,
24049,96,,0.000381047,,,,,,,,,,,,,,,,,,,,,,,,,,,,
24099,96,,0.000381047,,,,,,,,,,,,,,,,,,,,,,,,,,,,
24149,96,,0.000381047,,,,,,,,,,,,,,,,,,,,,,,,,,,,
24199,96,,0.000381047,,,,,,,,,,,,,,,,,,,,,,,,,,,,
24249,96,96,0.000381047,6.90013,0,0.154993,0.119293,7.6909e-05,0.0911165,7.3235e-05,0.0216007,0.0216344,0,0.0280941,0.147387,0,6.28449,11.2263,1.13016,0.0612218,3.25997,0.0287038,0.0504963,0.0280037,0.00399141,0.0147867,0.0462408,0,0.182496,0,
24299,97,,0.000377237,,,,,,,,,,,,,,,,,,,,,,,,,,,,
24349,97,,0.000377237,,,,,,,,,,,,,,,,,,,,,,,,,,,,
24399,97,,0.000377237,,,,,,,,,,,,,,,,,,,,,,,,,,,,
24449,97,,0.000377237,,,,,,,,,,,,,,,,,,,,,,,,,,,,
24499,97,97,0.000377237,6.83347,0,0.158327,0.118545,7.68969e-05,0.0940188,7.26238e-05,0.0213936,0.0214271,0,0.0281281,0.146673,0,6.2357,10.9341,1.10819,0.059613,3.15044,0.028778,0.0505809,0.0277725,0.00357474,0.0150691,0.0468929,0,0.176582,0,
24549,98,,0.000373464,,,,,,,,,,,,,,,,,,,,,,,,,,,,
24599,98,,0.000373464,,,,,,,,,,,,,,,,,,,,,,,,,,,,
24649,98,,0.000373464,,,,,,,,,,,,,,,,,,,,,,,,,,,,
24699,98,,0.000373464,,,,,,,,,,,,,,,,,,,,,,,,,,,,
24749,98,98,0.000373464,6.7668,0,0.16166,0.113932,7.57674e-05,0.096451,7.18967e-05,0.0211854,0.0212192,0,0.0278842,0.141817,0,6.09039,10.4163,1.09498,0.0547968,2.97611,0.0298895,0.0516236,0.0286223,0.00320061,0.0173395,0.0486613,0,0.166351,0,
24799,99,,0.00036973,,,,,,,,,,,,,,,,,,,,,,,,,,,,
24849,99,,0.00036973,,,,,,,,,,,,,,,,,,,,,,,,,,,,
24899,99,,0.00036973,,,,,,,,,,,,,,,,,,,,,,,,,,,,
24949,99,,0.00036973,,,,,,,,,,,,,,,,,,,,,,,,,,,,
24999,99,99,0.00036973,6.70013,0,0.164993,0.115019,7.55765e-05,0.0960681,7.14791e-05,0.0209809,0.0210144,0,0.0292463,0.144266,0,6.21513,11.8923,1.14302,0.0698587,3.58786,0.0289094,0.0499089,0.0276503,0.00467283,0.0156018,0.0467132,0,0.19874,0,
25049,100,,0.000366032,,,,,,,,,,,,,,,,,,,,,,,,,,,,
25099,100,,0.000366032,,,,,,,,,,,,,,,,,,,,,,,,,,,,
25149,100,,0.000366032,,,,,,,,,,,,,,,,,,,,,,,,,,,,
25199,100,,0.000366032,,,,,,,,,,,,,,,,,,,,,,,,,,,,
25249,100,100,0.000366032,6.63347,0,0.168327,0.112186,7.41709e-05,0.0969054,7.04971e-05,0.0207634,0.020805,0,0.0302653,0.142451,0,6.16348,10.4366,1.10573,0.054478,2.94815,0.0287153,0.0508899,0.0278081,0.00330527,0.0143407,0.0472327,0,0.163211,0,
25299,101,,0.000362372,,,,,,,,,,,,,,,,,,,,,,,,,,,,
25349,101,,0.000362372,,,,,,,,,,,,,,,,,,,,,,,,,,,,
25399,101,,0.000362372,,,,,,,,,,,,,,,,,,,,,,,,,,,,
25449,101,,0.000362372,,,,,,,,,,,,,,,,,,,,,,,,,,,,
25499,101,101,0.000362372,6.5668,0,0.17166,0.111774,7.40266e-05,0.100011,6.99076e-05,0.020561,0.0205997,0,0.0308212,0.142595,0,6.19584,11.6131,1.14043,0.0660681,3.38106,0.0291296,0.0510465,0.028084,0.00426209,0.0152059,0.0470496,0,0.188236,0,
25549,102,,0.000358748,,,,,,,,,,,,,,,,,,,,,,,,,,,,
25599,102,,0.000358748,,,,,,,,,,,,,,,,,,,,,,,,,,,,
25649,102,,0.000358748,,,,,,,,,,,,,,,,,,,,,,,,,,,,
25699,102,,0.000358748,,,,,,,,,,,,,,,,,,,,,,,,,,,,
25749,102,102,0.000358748,6.50013,0,0.174993,0.109278,7.31357e-05,0.103324,6.91622e-05,0.0203525,0.0203843,0,0.0304329,0.139711,0,6.2307,11.1826,1.13547,0.0704547,3.31152,0.0296583,0.0542175,0.0288054,0.00392803,0.0144836,0.046857,0,0.191244,0,
25799,103,,0.000355161,,,,,,,,,,,,,,,,,,,,,,,,,,,,
25849,103,,0.000355161,,,,,,,,,,,,,,,,,,,,,,,,,,,,
25899,103,,0.000355161,,,,,,,,,,,,,,,,,,,,,,,,,,,,
25949,103,,0.000355161,,,,,,,,,,,,,,,,,,,,,,,,,,,,
25999,103,103,0.000355161,6.43347,0,0.178327,0.107997,7.22705e-05,0.103043,6.84189e-05,0.0201481,0.0201901,0,0.0316821,0.13968,0,6.30968,11.3487,1.14287,0.0668869,3.38713,0.0302409,0.0541273,0.0288836,0.0039507,0.0156874,0.0485556,0,0.180699,0,
26049,104,,0.000351609,,,,,,,,,,,,,,,,,,,,,,,,,,,,
26099,104,,0.000351609,,,,,,,,,,,,,,,,,,,,,,,,,,,,
26149,104,,0.000351609,,,,,,,,,,,,,,,,,,,,,,,,,,,,
26199,104,,0.000351609,,,,,,,,,,,,,,,,,,,,,,,,,,,,
26249,104,104,0.000351609,6.3668,0,0.18166,0.106101,7.2131e-05,0.102192,6.77038e-05,0.0199353,0.0199674,0,0.0323345,0.138436,0,6.18978,10.6276,1.12061,0.0579255,3.0951,0.0291988,0.0514815,0.0285596,0.00340239,0.0163953,0.0461553,0,0.167596,0,
26299,105,,0.000348093,,,,,,,,,,,,,,,,,,,,,,,,,,,,
26349,105,,0.000348093,,,,,,,,,,,,,,,,,,,,,,,,,,,,
26399,105,,0.000348093,,,,,,,,,,,,,,,,,,,,,,,,,,,,
26449,105,,0.000348093,,,,,,,,,,,,,,,,,,,,,,,,,,,,
26499,105,105,0.000348093,6.30013,0,0.184993,0.103595,7.14904e-05,0.106516,6.73539e-05,0.0197362,0.019767,0,0.031878,0.135473,0,6.1881,11.0012,1.12892,0.0609058,3.18709,0.0294941,0.0534193,0.0282197,0.00378574,0.0149729,0.0470728,0,0.172426,0,
26549,106,,0.000344612,,,,,,,,,,,,,,,,,,,,,,,,,,,,
26599,106,,0.000344612,,,,,,,,,,,,,,,,,,,,,,,,,,,,
26649,106,,0.000344612,,,,,,,,,,,,,,,,,,,,,,,,,,,,
26699,106,,0.000344612,,,,,,,,,,,,,,,,,,,,,,,,,,,,
26749,106,106,0.000344612,6.23347,0,0.188327,0.104885,7.10679e-05,0.106841,6.67108e-05,0.0195231,0.0195647,0,0.0330416,0.137927,0,6.25378,11.103,1.12159,0.0605614,3.18516,0.0299721,0.0535099,0.0279701,0.00397163,0.0172358,0.0471729,0,0.177672,0,
26799,107,,0.000341166,,,,,,,,,,,,,,,,,,,,,,,,,,,,
26849,107,,0.000341166,,,,,,,,,,,,,,,,,,,,,,,,,,,,
26899,107,,0.000341166,,,,,,,,,,,,,,,,,,,,,,,,,,,,
26949,107,,0.000341166,,,,,,,,,,,,,,,,,,,,,,,,,,,,
26999,107,107,0.000341166,6.1668,0,0.19166,0.100893,6.98454e-05,0.109802,6.54278e-05,0.0193113,0.0193568,0,0.0335431,0.134436,0,6.25106,10.9699,1.1324,0.0573181,3.05586,0.0284739,0.049951,0.0275805,0.00385375,0.0152382,0.0457461,0,0.177775,0,
27049,108,,0.000337754,,,,,,,,,,,,,,,,,,,,,,,,,,,,
27099,108,,0.000337754,,,,,,,,,,,,,,,,,,,,,,,,,,,,
27149,108,,0.000337754,,,,,,,,,,,,,,,,,,,,,,,,,,,,
27199,108,,0.000337754,,,,,,,,,,,,,,,,,,,,,,,,,,,,
27249,108,108,0.000337754,6.10013,0,0.194993,0.100629,6.92466e-05,0.110943,6.48585e-05,0.0191102,0.0191512,0,0.034004,0.134633,0,6.31987,10.9717,1.13176,0.0604378,3.08749,0.0296584,0.0511506,0.0277659,0.00387977,0.0181634,0.0473325,0,0.179185,0,
27299,109,,0.000334377,,,,,,,,,,,,,,,,,,,,,,,,,,,,
27349,109,,0.000334377,,,,,,,,,,,,,,,,,,,,,,,,,,,,
27399,109,,0.000334377,,,,,,,,,,,,,,,,,,,,,,,,,,,,
27449,109,,0.000334377,,,,,,,,,,,,,,,,,,,,,,,,,,,,
27499,109,109,0.000334377,6.03347,0,0.198327,0.0988642,6.90169e-05,0.11236,6.41279e-05,0.0188988,0.0189376,0,0.0346163,0.133481,0,6.06669,10.101,1.0934,0.0527211,2.83201,0.0286692,0.0515673,0.0278168,0.0028923,0.0143885,0.0466809,0,0.157653,0,
27549,110,,0.000331033,,,,,,,,,,,,,,,,,,,,,,,,,,,,
27599,110,,0.000331033,,,,,,,,,,,,,,,,,,,,,,,,,,,,
27649,110,,0.000331033,,,,,,,,,,,,,,,,,,,,,,,,,,,,
27699,110,,0.000331033,,,,,,,,,,,,,,,,,,,,,,,,,,,,
27749,110,110,0.000331033,5.9668,0,0.20166,0.0963695,6.77178e-05,0.115462,6.33998e-05,0.0186965,0.0187372,0,0.0346724,0.131042,0,6.31548,11.12,1.13162,0.0612223,3.19151,0.0293267,0.0507457,0.0280432,0.00404202,0.0152166,0.0485858,0,0.185858,0,
27799,111,,0.000327723,,,,,,,,,,,,,,,,,,,,,,,,,,,,
27849,111,,0.000327723,,,,,,,,,,,,,,,,,,,,,,,,,,,,
27899,111,,0.000327723,,,,,,,,,,,,,,,,,,,,,,,,,,,,
27949,111,,0.000327723,,,,,,,,,,,,,,,,,,,,,,,,,,,,
27999,111,111,0.000327723,5.90013,0,0.204993,0.0954734,6.73646e-05,0.114478,6.28949e-05,0.0184832,0.0185249,0,0.0356194,0.131093,0,6.1646,10.6824,1.10437,0.0605828,3.03849,0.0284197,0.0509352,0.0274845,0.00332323,0.0147589,0.0455966,0,0.172317,0,
28049,112,,0.000324446,,,,,,,,,,,,,,,,,,,,,,,,,,,,
28099,112,,0.000324446,,,,,,,,,,,,,,,,,,,,,,,,,,,,
28149,112,,0.000324446,,,,,,,,,,,,,,,,,,,,,,,,,,,,
28199,112,,0.000324446,,,,,,,,,,,,,,,,,,,,,,,,,,,,
28249,112,112,0.000324446,5.83347,0,0.208327,0.0942703,6.64546e-05,0.118447,6.22146e-05,0.0182831,0.0183262,0,0.0354491,0.129719,0,6.18097,11.3416,1.13522,0.063885,3.2028,0.0293804,0.0506859,0.0276806,0.00407671,0.016733,0.0477256,0,0.191502,0,
28299,113,,0.000321201,,,,,,,,,,,,,,,,,,,,,,,,,,,,
28349,113,,0.000321201,,,,,,,,,,,,,,,,,,,,,,,,,,,,
28399,113,,0.000321201,,,,,,,,,,,,,,,,,,,,,,,,,,,,
28449,113,,0.000321201,,,,,,,,,,,,,,,,,,,,,,,,,,,,
28499,113,113,0.000321201,5.7668,0,0.21166,0.0921341,6.63373e-05,0.117167,6.16549e-05,0.018064,0.0181117,0,0.0362723,0.128406,0,6.15294,10.713,1.10018,0.0592872,3.06557,0.029082,0.0524666,0.0280064,0.00332177,0.0145399,0.0470756,0,0.170107,0,
28549,114,,0.000317989,,,,,,,,,,,,,,,,,,,,,,,,,,,,
28599,114,,0.000317989,,,,,,,,,,,,,,,,,,,,,,,,,,,,
28649,114,,0.000317989,,,,,,,,,,,,,,,,,,,,,,,,,,,,
28699,114,,0.000317989,,,,,,,,,,,,,,,,,,,,,,,,,,,,
28749,114,114,0.000317989,5.70013,0,0.214993,0.0938369,6.63186e-05,0.11663,6.10111e-05,0.0178605,0.017906,0,0.0383801,0.132217,0,6.44801,12.0384,1.17333,0.0667187,3.49656,0.0296615,0.0530709,0.0274091,0.00487894,0.0165354,0.0464132,0,0.193191,0,
28799,115,,0.000314809,,,,,,,,,,,,,,,,,,,,,,,,,,,,
28849,115,,0.000314809,,,,,,,,,,,,,,,,,,,,,,,,,,,,
28899,115,,0.000314809,,,,,,,,,,,,,,,,,,,,,,,,,,,,
28949,115,,0.000314809,,,,,,,,,,,,,,,,,,,,,,,,,,,,
28999,115,115,0.000314809,5.63347,0,0.218327,0.0896812,6.43733e-05,0.117564,6.01598e-05,0.0176573,0.0177029,0,0.0385476,0.128229,0,6.15991,10.6897,1.11613,0.0568517,3.00453,0.0288862,0.0506277,0.0279102,0.00341719,0.0157997,0.0466764,0,0.176035,0,
29049,116,,0.000311661,,,,,,,,,,,,,,,,,,,,,,,,,,,,
29099,116,,0.000311661,,,,,,,,,,,,,,,,,,,,,,,,,,,,
29149,116,,0.000311661,,,,,,,,,,,,,,,,,,,,,,,,,,,,
29199,116,,0.000311661,,,,,,,,,,,,,,,,,,,,,,,,,,,,
29249,116,116,0.000311661,5.5668,0,0.22166,0.0879933,6.357e-05,0.124424,5.94389e-05,0.0174515,0.0175009,0,0.0370315,0.125025,0,6.16135,10.1743,1.106,0.0520356,2.82404,0.0288534,0.0513959,0.0279425,0.00295592,0.0139309,0.0480418,0,0.157643,0,
29299,117,,0.000308544,,,,,,,,,,,,,,,,,,,,,,,,,,,,
29349,117,,0.000308544,,,,,,,,,,,,,,,,,,,,,,,,,,,,
29399,117,,0.000308544,,,,,,,,,,,,,,,,,,,,,,,,,,,,
29449,117,,0.000308544,,,,,,,,,,,,,,,,,,,,,,,,,,,,
29499,117,117,0.000308544,5.50013,0,0.224993,0.0872171,6.32548e-05,0.120922,5.89026e-05,0.0172486,0.0172874,0,0.0393252,0.126542,0,6.1757,10.859,1.12409,0.0596929,3.07922,0.0285039,0.0499433,0.0275215,0.00364911,0.0148662,0.0465395,0,0.17629,0,
29549,118,,0.000305459,,,,,,,,,,,,,,,,,,,,,,,,,,,,
29599,118,,0.000305459,,,,,,,,,,,,,,,,,,,,,,,,,,,,
29649,118,,0.000305459,,,,,,,,,,,,,,,,,,,,,,,,,,,,
29699,118,,0.000305459,,,,,,,,,,,,,,,,,,,,,,,,,,,,
29749,118,118,0.000305459,5.43347,0,0.228327,0.0849204,6.2152e-05,0.124193,5.83197e-05,0.0170373,0.0170639,0,0.0397206,0.124641,0,6.37684,11.9425,1.15917,0.0683512,3.49936,0.0284404,0.0497017,0.0275722,0.00500375,0.0145342,0.04539,0,0.205428,0,
29799,119,,0.000302404,,,,,,,,,,,,,,,,,,,,,,,,,,,,
29849,119,,0.000302404,,,,,,,,,,,,,,,,,,,,,,,,,,,,
29899,119,,0.000302404,,,,,,,,,,,,,,,,,,,,,,,,,,,,
29949,119,,0.000302404,,,,,,,,,,,,,,,,,,,,,,,,,,,,
29999,119,119,0.000302404,5.3668,0,0.23166,0.0835172,6.16091e-05,0.124934,5.74951e-05,0.0168215,0.0168628,0,0.0402725,0.12379,0,6.21112,10.8912,1.1156,0.0574827,3.02057,0.0284058,0.04966,0.0275141,0.00354951,0.0146386,0.0466666,0,0.17652,0,
30049,120,,0.00029938,,,,,,,,,,,,,,,,,,,,,,,,,,,,
30099,120,,0.00029938,,,,,,,,,,,,,,,,,,,,,,,,,,,,
30149,120,,0.00029938,,,,,,,,,,,,,,,,,,,,,,,,,,,,
30199,120,,0.00029938,,,,,,,,,,,,,,,,,,,,,,,,,,,,
30249,120,120,0.00029938,5.30013,0,0.234993,0.0813454,6.07341e-05,0.130349,5.67639e-05,0.0166185,0.0166786,0,0.0397124,0.121058,0,6.11195,10.4171,1.09789,0.0556023,2.99574,0.0288753,0.050433,0.0278856,0.00333777,0.0159906,0.0467297,0,0.163417,0,
30299,121,,0.000296387,,,,,,,,,,,,,,,,,,,,,,,,,,,,
30349,121,,0.000296387,,,,,,,,,,,,,,,,,,,,,,,,,,,,
30399,121,,0.000296387,,,,,,,,,,,,,,,,,,,,,,,,,,,,
30449,121,,0.000296387,,,,,,,,,,,,,,,,,,,,,,,,,,,,
30499,121,121,0.000296387,5.23347,0,0.238327,0.0801348,6.07185e-05,0.132514,5.61561e-05,0.0164071,0.0164475,0,0.0395065,0.119641,0,6.30503,10.4467,1.12332,0.0561161,2.90514,0.029386,0.0523484,0.0276893,0.00326438,0.0167535,0.0468747,0,0.16368,0,
30549,122,,0.000293423,,,,,,,,,,,,,,,,,,,,,,,,,,,,
30599,122,,0.000293423,,,,,,,,,,,,,,,,,,,,,,,,,,,,
30649,122,,0.000293423,,,,,,,,,,,,,,,,,,,,,,,,,,,,
30699,122,,0.000293423,,,,,,,,,,,,,,,,,,,,,,,,,,,,
30749,122,122,0.000293423,5.1668,0,0.24166,0.0784996,5.99565e-05,0.135972,5.53294e-05,0.0162027,0.0162484,0,0.0399872,0.118487,0,6.11311,9.90939,1.10123,0.0570892,2.82915,0.0293444,0.0566561,0.0275452,0.00274567,0.0141264,0.0456487,0,0.150284,0,
30799,123,,0.000290489,,,,,,,,,,,,,,,,,,,,,,,,,,,,
30849,123,,0.000290489,,,,,,,,,,,,,,,,,,,,,,,,,,,,
30899,123,,0.000290489,,,,,,,,,,,,,,,,,,,,,,,,,,,,
30949,123,,0.000290489,,,,,,,,,,,,,,,,,,,,,,,,,,,,
30999,123,123,0.000290489,5.10013,0,0.244993,0.078358,5.99608e-05,0.13885,5.46943e-05,0.0159992,0.016037,0,0.039324,0.117682,0,6.11757,10.2228,1.09947,0.0519224,2.80342,0.0286266,0.0511122,0.0275725,0.00294442,0.0151458,0.0463578,0,0.161992,0,
31049,124,,0.000287584,,,,,,,,,,,,,,,,,,,,,,,,,,,,
31099,124,,0.000287584,,,,,,,,,,,,,,,,,,,,,,,,,,,,
31149,124,,0.000287584,,,,,,,,,,,,,,,,,,,,,,,,,,,,
31199,124,,0.000287584,,,,,,,,,,,,,,,,,,,,,,,,,,,,
31249,124,124,0.000287584,5.03347,0,0.248327,0.0761544,5.82087e-05,0.134502,5.38191e-05,0.0157837,0.0158136,0,0.0413026,0.117457,0,6.24603,10.3434,1.11667,0.0560216,2.97912,0.0283428,0.0506963,0.0274276,0.00317949,0.0147747,0.0456361,0,0.166574,0,
31299,125,,0.000284708,,,,,,,,,,,,,,,,,,,,,,,,,,,,
31349,125,,0.000284708,,,,,,,,,,,,,,,,,,,,,,,,,,,,
31399,125,,0.000284708,,,,,,,,,,,,,,,,,,,,,,,,,,,,
31449,125,,0.000284708,,,,,,,,,,,,,,,,,,,,,,,,,,,,
31499,125,125,0.000284708,4.9668,0,0.25166,0.0750112,5.77256e-05,0.141307,5.34409e-05,0.0155862,0.0156213,0,0.0404236,0.115435,0,6.16107,9.88742,1.09873,0.0498692,2.73928,0.0285848,0.051042,0.0275714,0.00287385,0.0142851,0.0471518,0,0.151182,0,
31549,126,,0.000281861,,,,,,,,,,,,,,,,,,,,,,,,,,,,
31599,126,,0.000281861,,,,,,,,,,,,,,,,,,,,,,,,,,,,
31649,126,,0.000281861,,,,,,,,,,,,,,,,,,,,,,,,,,,,
31699,126,,0.000281861,,,,,,,,,,,,,,,,,,,,,,,,,,,,
31749,126,126,0.000281861,4.90013,0,0.254993,0.0739911,5.74664e-05,0.14217,5.27287e-05,0.01538,0.0154176,0,0.0413291,0.11532,0,6.02903,10.2801,1.09766,0.0602653,2.97182,0.0295518,0.0541945,0.0275892,0.00306379,0.0157288,0.0471826,0,0.16121,0,
31799,127,,0.000279042,,,,,,,,,,,,,,,,,,,,,,,,,,,,
31849,127,,0.000279042,,,,,,,,,,,,,,,,,,,,,,,,,,,,
31899,127,,0.000279042,,,,,,,,,,,,,,,,,,,,,,,,,,,,
31949,127,,0.000279042,,,,,,,,,,,,,,,,,,,,,,,,,,,,
31999,127,127,0.000279042,4.83347,0,0.258327,0.0714707,5.64628e-05,0.148233,5.21142e-05,0.0151711,0.0152019,0,0.0406003,0.112071,0,6.17007,10.2398,1.1081,0.0518574,2.84681,0.0292873,0.0508523,0.0275599,0.00298536,0.0174679,0.0475709,0,0.15776,0,
32049,128,,0.000276252,,,,,,,,,,,,,,,,,,,,,,,,,,,,
32099,128,,0.000276252,,,,,,,,,,,,,,,,,,,,,,,,,,,,
32149,128,,0.000276252,,,,,,,,,,,,,,,,,,,,,,,,,,,,
32199,128,,0.000276252,,,,,,,,,,,,,,,,,,,,,,,,,,,,
32249,128,128,0.000276252,4.7668,0,0.26166,0.0706847,5.61541e-05,0.147298,5.13476e-05,0.01496,0.0150097,0,0.0410193,0.111704,0,6.05943,9.71007,1.08077,0.0495116,2.71308,0.0280614,0.0500956,0.027423,0.00267228,0.0145191,0.0455968,0,0.152041,0,
32299,129,,0.000273489,,,,,,,,,,,,,,,,,,,,,,,,,,,,
32349,129,,0.000273489,,,,,,,,,,,,,,,,,,,,,,,,,,,,
32399,129,,0.000273489,,,,,,,,,,,,,,,,,,,,,,,,,,,,
32449,129,,0.000273489,,,,,,,,,,,,,,,,,,,,,,,,,,,,
32499,129,129,0.000273489,4.70013,0,0.264993,0.0707206,5.56408e-05,0.151938,5.09766e-05,0.0147458,0.0148063,0,0.0411145,0.111835,0,6.06318,10.0624,1.09124,0.0532939,2.82683,0.0288099,0.0518767,0.0275465,0.00283496,0.015118,0.0466736,0,0.153942,0,
32549,130,,0.000270754,,,,,,,,,,,,,,,,,,,,,,,,,,,,
32599,130,,0.000270754,,,,,,,,,,,,,,,,,,,,,,,,,,,,
32649,130,,0.000270754,,,,,,,,,,,,,,,,,,,,,,,,,,,,
32699,130,,0.000270754,,,,,,,,,,,,,,,,,,,,,,,,,,,,
32749,130,130,0.000270754,4.63347,0,0.268327,0.0684165,5.42805e-05,0.149882,5.0148e-05,0.014539,0.0146218,0,0.0433712,0.111788,0,6.20804,10.4612,1.11612,0.0537383,2.971,0.0282017,0.0503004,0.0276609,0.00344719,0.0138201,0.0457797,0,0.159153,0,
32799,131,,0.000268047,,,,,,,,,,,,,,,,,,,,,,,,,,,,
32849,131,,0.000268047,,,,,,,,,,,,,,,,,,,,,,,,,,,,
32899,131,,0.000268047,,,,,,,,,,,,,,,,,,,,,,,,,,,,
32949,131,,0.000268047,,,,,,,,,,,,,,,,,,,,,,,,,,,,
32999,131,131,0.000268047,4.5668,0,0.27166,0.066957,5.32268e-05,0.147298,4.9401e-05,0.0143363,0.014385,0,0.0448788,0.111836,0,6.06102,10.2634,1.09331,0.0542733,2.83374,0.0279918,0.0500786,0.027217,0.00294161,0.0140748,0.0456471,0,0.161929,0,
33049,132,,0.000265366,,,,,,,,,,,,,,,,,,,,,,,,,,,,
33099,132,,0.000265366,,,,,,,,,,,,,,,,,,,,,,,,,,,,
33149,132,,0.000265366,,,,,,,,,,,,,,,,,,,,,,,,,,,,
33199,132,,0.000265366,,,,,,,,,,,,,,,,,,,,,,,,,,,,
33249,132,132,0.000265366,4.50013,0,0.274993,0.0654088,5.28404e-05,0.149871,4.85975e-05,0.0141228,0.014167,0,0.045962,0.111371,0,6.1086,10.1657,1.08946,0.0550884,2.93891,0.0290717,0.0532742,0.027757,0.00301437,0.0137804,0.0475326,0,0.155427,0,
33299,133,,0.000262713,,,,,,,,,,,,,,,,,,,,,,,,,,,,
33349,133,,0.000262713,,,,,,,,,,,,,,,,,,,,,,,,,,,,
33399,133,,0.000262713,,,,,,,,,,,,,,,,,,,,,,,,,,,,
33449,133,,0.000262713,,,,,,,,,,,,,,,,,,,,,,,,,,,,
33499,133,133,0.000262713,4.43347,0,0.278327,0.0658843,5.30177e-05,0.155005,4.79918e-05,0.0139204,0.0139721,0,0.0438063,0.109691,0,6.16601,10.8246,1.12904,0.0582478,3.17581,0.0287295,0.0506583,0.0275407,0.00363083,0.0151527,0.0466653,0,0.168186,0,
33549,134,,0.000260085,,,,,,,,,,,,,,,,,,,,,,,,,,,,
33599,134,,0.000260085,,,,,,,,,,,,,,,,,,,,,,,,,,,,
33649,134,,0.000260085,,,,,,,,,,,,,,,,,,,,,,,,,,,,
33699,134,,0.000260085,,,,,,,,,,,,,,,,,,,,,,,,,,,,
33749,134,134,0.000260085,4.3668,0,0.28166,0.0635098,5.19382e-05,0.157236,4.76295e-05,0.0137134,0.0137504,0,0.0439665,0.107476,0,6.17569,10.1474,1.09362,0.0496079,2.74245,0.0282565,0.0501977,0.0272978,0.00292832,0.0142355,0.0466231,0,0.153275,0,
33799,135,,0.000257485,,,,,,,,,,,,,,,,,,,,,,,,,,,,
33849,135,,0.000257485,,,,,,,,,,,,,,,,,,,,,,,,,,,,
33899,135,,0.000257485,,,,,,,,,,,,,,,,,,,,,,,,,,,,
33949,135,,0.000257485,,,,,,,,,,,,,,,,,,,,,,,,,,,,
33999,135,135,0.000257485,4.30013,0,0.284993,0.0624329,5.13079e-05,0.158381,4.68459e-05,0.0134999,0.0135758,0,0.0439247,0.106358,0,6.24826,10.232,1.1021,0.0563687,2.80005,0.0286935,0.0517352,0.0278562,0.00310587,0.0148761,0.0458942,0,0.169812,0,
34049,136,,0.00025491,,,,,,,,,,,,,,,,,,,,,,,,,,,,
34099,136,,0.00025491,,,,,,,,,,,,,,,,,,,,,,,,,,,,
34149,136,,0.00025491,,,,,,,,,,,,,,,,,,,,,,,,,,,,
34199,136,,0.00025491,,,,,,,,,,,,,,,,,,,,,,,,,,,,
34249,136,136,0.00025491,4.23347,0,0.288327,0.0620084,5.09153e-05,0.158609,4.61376e-05,0.0132865,0.013363,0,0.0455758,0.107584,0,6.13585,10.6132,1.11421,0.0559414,2.97916,0.0285895,0.0528233,0.0276141,0.00313318,0.0138145,0.0455624,0,0.160187,0,
34299,137,,0.000252361,,,,,,,,,,,,,,,,,,,,,,,,,,,,
34349,137,,0.000252361,,,,,,,,,,,,,,,,,,,,,,,,,,,,
34399,137,,0.000252361,,,,,,,,,,,,,,,,,,,,,,,,,,,,
34449,137,,0.000252361,,,,,,,,,,,,,,,,,,,,,,,,,,,,
34499,137,137,0.000252361,4.1668,0,0.29166,0.0611776,5.0134e-05,0.158957,4.55755e-05,0.0130879,0.0131307,0,0.0471692,0.108347,0,6.08092,10.3215,1.0916,0.0517815,2.87628,0.0279204,0.0495913,0.0273125,0.00313605,0.0136436,0.0459185,0,0.161974,0,
34549,138,,0.000249837,,,,,,,,,,,,,,,,,,,,,,,,,,,,
34599,138,,0.000249837,,,,,,,,,,,,,,,,,,,,,,,,,,,,
34649,138,,0.000249837,,,,,,,,,,,,,,,,,,,,,,,,,,,,
34699,138,,0.000249837,,,,,,,,,,,,,,,,,,,,,,,,,,,,
34749,138,138,0.000249837,4.10013,0,0.294993,0.0582658,4.8923e-05,0.164439,4.45704e-05,0.0128778,0.0129383,0,0.0473604,0.105626,0,6.31197,10.9863,1.13077,0.0544729,3.01025,0.0280902,0.0495929,0.0272232,0.00378776,0.0139738,0.0458733,0,0.176732,0,
34799,139,,0.000247339,,,,,,,,,,,,,,,,,,,,,,,,,,,,
34849,139,,0.000247339,,,,,,,,,,,,,,,,,,,,,,,,,,,,
34899,139,,0.000247339,,,,,,,,,,,,,,,,,,,,,,,,,,,,
34949,139,,0.000247339,,,,,,,,,,,,,,,,,,,,,,,,,,,,
34999,139,139,0.000247339,4.03347,0,0.298327,0.057454,4.85634e-05,0.165474,4.38891e-05,0.0126711,0.0127259,0,0.0468679,0.104322,0,6.18148,10.4141,1.09314,0.0569904,2.88135,0.029509,0.0526263,0.0275364,0.00321133,0.0175801,0.0465909,0,0.159755,0,
35049,140,,0.000244865,,,,,,,,,,,,,,,,,,,,,,,,,,,,
35099,140,,0.000244865,,,,,,,,,,,,,,,,,,,,,,,,,,,,
35149,140,,0.000244865,,,,,,,,,,,,,,,,,,,,,,,,,,,,
35199,140,,0.000244865,,,,,,,,,,,,,,,,,,,,,,,,,,,,
35249,140,140,0.000244865,3.9668,0,0.30166,0.0560562,4.79288e-05,0.16879,4.33985e-05,0.0124678,0.0125289,0,0.0472307,0.103287,0,6.27565,11.1298,1.12717,0.0548499,3.03853,0.0280454,0.0497376,0.0272016,0.00375549,0.0137326,0.0457996,0,0.17325,0,
35299,141,,0.000242417,,,,,,,,,,,,,,,,,,,,,,,,,,,,
35349,141,,0.000242417,,,,,,,,,,,,,,,,,,,,,,,,,,,,
35399,141,,0.000242417,,,,,,,,,,,,,,,,,,,,,,,,,,,,
35449,141,,0.000242417,,,,,,,,,,,,,,,,,,,,,,,,,,,,
35499,141,141,0.000242417,3.90013,0,0.304993,0.056296,4.75588e-05,0.166504,4.27082e-05,0.0122556,0.0123146,0,0.0487862,0.105082,0,6.20504,10.3863,1.1058,0.0574857,2.95184,0.0290079,0.0519194,0.027564,0.00315104,0.0151273,0.0472776,0,0.164855,0,
35549,142,,0.000239992,,,,,,,,,,,,,,,,,,,,,,,,,,,,
35599,142,,0.000239992,,,,,,,,,,,,,,,,,,,,,,,,,,,,
35649,142,,0.000239992,,,,,,,,,,,,,,,,,,,,,,,,,,,,
35699,142,,0.000239992,,,,,,,,,,,,,,,,,,,,,,,,,,,,
35749,142,142,0.000239992,3.83347,0,0.308327,0.0543748,4.67398e-05,0.17589,4.21274e-05,0.0120481,0.0121176,0,0.0468647,0.101239,0,6.18662,10.0106,1.09199,0.0498021,2.73528,0.0280137,0.050364,0.0272431,0.00289838,0.013541,0.0460221,0,0.152731,0,
35799,143,,0.000237593,,,,,,,,,,,,,,,,,,,,,,,,,,,,
35849,143,,0.000237593,,,,,,,,,,,,,,,,,,,,,,,,,,,,
35899,143,,0.000237593,,,,,,,,,,,,,,,,,,,,,,,,,,,,
35949,143,,0.000237593,,,,,,,,,,,,,,,,,,,,,,,,,,,,
35999,143,143,0.000237593,3.7668,0,0.31166,0.0541439,4.58091e-05,0.168674,4.1538e-05,0.0118505,0.0118991,0,0.0501371,0.104281,0,6.08622,9.84873,1.08452,0.0494438,2.71214,0.0286115,0.0509153,0.0276909,0.00272928,0.0139388,0.0477835,0,0.151509,0,
36049,144,,0.000235217,,,,,,,,,,,,,,,,,,,,,,,,,,,,
36099,144,,0.000235217,,,,,,,,,,,,,,,,,,,,,,,,,,,,
36149,144,,0.000235217,,,,,,,,,,,,,,,,,,,,,,,,,,,,
36199,144,,0.000235217,,,,,,,,,,,,,,,,,,,,,,,,,,,,
36249,144,144,0.000235217,3.70013,0,0.314993,0.0527986,4.52202e-05,0.171919,4.08822e-05,0.0116334,0.0116743,0,0.0495816,0.10238,0,6.20985,10.0842,1.09795,0.0503353,2.79149,0.0280577,0.0495044,0.027626,0.00306383,0.0140678,0.0460265,0,0.157287,0,
36299,145,,0.000232864,,,,,,,,,,,,,,,,,,,,,,,,,,,,
36349,145,,0.000232864,,,,,,,,,,,,,,,,,,,,,,,,,,,,
36399,145,,0.000232864,,,,,,,,,,,,,,,,,,,,,,,,,,,,
36449,145,,0.000232864,,,,,,,,,,,,,,,,,,,,,,,,,,,,
36499,145,145,0.000232864,3.63347,0,0.318327,0.0506079,4.49254e-05,0.182606,4.03339e-05,0.0114308,0.0115132,0,0.0474296,0.0980375,0,6.0632,9.65816,1.07794,0.050862,2.7011,0.0284616,0.0503627,0.0276875,0.00251928,0.0139816,0.0477572,0,0.148122,0,
36549,146,,0.000230536,,,,,,,,,,,,,,,,,,,,,,,,,,,,
36599,146,,0.000230536,,,,,,,,,,,,,,,,,,,,,,,,,,,,
36649,146,,0.000230536,,,,,,,,,,,,,,,,,,,,,,,,,,,,
36699,146,,0.000230536,,,,,,,,,,,,,,,,,,,,,,,,,,,,
36749,146,146,0.000230536,3.5668,0,0.32166,0.049144,4.42983e-05,0.182483,3.94502e-05,0.0112149,0.0112587,0,0.0478985,0.0970426,0,6.30964,11.2315,1.13383,0.0600644,3.17575,0.0286585,0.052322,0.0272099,0.00361146,0.0140338,0.0461153,0,0.172293,0,
36799,147,,0.00022823,,,,,,,,,,,,,,,,,,,,,,,,,,,,
36849,147,,0.00022823,,,,,,,,,,,,,,,,,,,,,,,,,,,,
36899,147,,0.00022823,,,,,,,,,,,,,,,,,,,,,,,,,,,,
36949,147,,0.00022823,,,,,,,,,,,,,,,,,,,,,,,,,,,,
36999,147,147,0.00022823,3.50013,0,0.324993,0.0490118,4.3927e-05,0.18074,3.89189e-05,0.0110204,0.0110775,0,0.0493116,0.0983234,0,6.1959,11.2531,1.1304,0.060326,3.27541,0.0284476,0.0516287,0.0271923,0.00382309,0.0134016,0.0461923,0,0.173486,0,
37049,148,,0.000225948,,,,,,,,,,,,,,,,,,,,,,,,,,,,
37099,148,,0.000225948,,,,,,,,,,,,,,,,,,,,,,,,,,,,
37149,148,,0.000225948,,,,,,,,,,,,,,,,,,,,,,,,,,,,
37199,148,,0.000225948,,,,,,,,,,,,,,,,,,,,,,,,,,,,
37249,148,148,0.000225948,3.43347,0,0.328327,0.0479216,4.33282e-05,0.184701,3.83243e-05,0.01081,0.0108723,0,0.0489189,0.0968405,0,6.08009,9.57046,1.08424,0.0533202,2.70198,0.0299054,0.0547806,0.0277877,0.00243883,0.0147065,0.0498132,0,0.143505,0,
37299,149,,0.000223689,,,,,,,,,,,,,,,,,,,,,,,,,,,,
37349,149,,0.000223689,,,,,,,,,,,,,,,,,,,,,,,,,,,,
37399,149,,0.000223689,,,,,,,,,,,,,,,,,,,,,,,,,,,,
37449,149,,0.000223689,,,,,,,,,,,,,,,,,,,,,,,,,,,,
37499,149,149,0.000223689,3.3668,0,0.33166,0.0468606,4.23397e-05,0.18678,3.76443e-05,0.0106001,0.0106641,0,0.0494649,0.0963256,0,6.31781,10.3126,1.11473,0.0625004,2.95675,0.030125,0.0589521,0.0278025,0.00321387,0.0137635,0.0468928,0,0.160083,0,
37549,150,,0.000221452,,,,,,,,,,,,,,,,,,,,,,,,,,,,
37599,150,,0.000221452,,,,,,,,,,,,,,,,,,,,,,,,,,,,
37649,150,,0.000221452,,,,,,,,,,,,,,,,,,,,,,,,,,,,
37699,150,,0.000221452,,,,,,,,,,,,,,,,,,,,,,,,,,,,
37749,150,150,0.000221452,3.30013,0,0.334993,0.0464382,4.21489e-05,0.189297,3.70662e-05,0.010396,0.0104486,0,0.0500613,0.0964996,0,6.17216,10.1446,1.10105,0.0496997,2.76869,0.0278861,0.0493988,0.0272718,0.00299245,0.0135752,0.0461923,0,0.157931,0,
37799,151,,0.000219237,,,,,,,,,,,,,,,,,,,,,,,,,,,,
37849,151,,0.000219237,,,,,,,,,,,,,,,,,,,,,,,,,,,,
37899,151,,0.000219237,,,,,,,,,,,,,,,,,,,,,,,,,,,,
37949,151,,0.000219237,,,,,,,,,,,,,,,,,,,,,,,,,,,,
37999,151,151,0.000219237,3.23347,0,0.338327,0.0459865,4.1482e-05,0.185809,3.64494e-05,0.0101814,0.0102701,0,0.0516068,0.0975933,0,6.1839,10.3024,1.11772,0.06046,2.89589,0.0296236,0.056724,0.0276775,0.00308432,0.013968,0.0466642,0,0.158027,0,
38049,152,,0.000217045,,,,,,,,,,,,,,,,,,,,,,,,,,,,
38099,152,,0.000217045,,,,,,,,,,,,,,,,,,,,,,,,,,,,
38149,152,,0.000217045,,,,,,,,,,,,,,,,,,,,,,,,,,,,
38199,152,,0.000217045,,,,,,,,,,,,,,,,,,,,,,,,,,,,
38249,152,152,0.000217045,3.1668,0,0.34166,0.0437417,4.06553e-05,0.193363,3.58766e-05,0.00997745,0.0100264,0,0.0497769,0.0935185,0,6.1533,10.4053,1.09761,0.0568903,2.91974,0.0289575,0.0534965,0.0272759,0.0031792,0.0141116,0.0467243,0,0.161233,0,
38299,153,,0.000214874,,,,,,,,,,,,,,,,,,,,,,,,,,,,
38349,153,,0.000214874,,,,,,,,,,,,,,,,,,,,,,,,,,,,
38399,153,,0.000214874,,,,,,,,,,,,,,,,,,,,,,,,,,,,
38449,153,,0.000214874,,,,,,,,,,,,,,,,,,,,,,,,,,,,
38499,153,153,0.000214874,3.10013,0,0.344993,0.042246,3.96367e-05,0.198674,3.51584e-05,0.00977034,0.00982243,0,0.0501217,0.0923677,0,6.00846,9.57993,1.07645,0.0549762,2.75515,0.0290194,0.0551176,0.0274599,0.00249408,0.0137194,0.0463058,0,0.1443,0,
38549,154,,0.000212726,,,,,,,,,,,,,,,,,,,,,,,,,,,,
38599,154,,0.000212726,,,,,,,,,,,,,,,,,,,,,,,,,,,,
38649,154,,0.000212726,,,,,,,,,,,,,,,,,,,,,,,,,,,,
38699,154,,0.000212726,,,,,,,,,,,,,,,,,,,,,,,,,,,,
38749,154,154,0.000212726,3.03347,0,0.348327,0.0421446,3.93429e-05,0.192531,3.45087e-05,0.00956435,0.00961768,0,0.0522852,0.0944298,0,6.23177,12.2911,1.14902,0.0762281,3.66877,0.0292124,0.052542,0.0271029,0.00478756,0.0152906,0.0463388,0,0.207246,0,
38799,155,,0.000210598,,,,,,,,,,,,,,,,,,,,,,,,,,,,
38849,155,,0.000210598,,,,,,,,,,,,,,,,,,,,,,,,,,,,
38899,155,,0.000210598,,,,,,,,,,,,,,,,,,,,,,,,,,,,
38949,155,,0.000210598,,,,,,,,,,,,,,,,,,,,,,,,,,,,
38999,155,155,0.000210598,2.9668,0,0.35166,0.0417383,3.89192e-05,0.195527,3.38984e-05,0.00934851,0.00941739,0,0.0529275,0.0946658,0,6.27843,10.5997,1.1021,0.053775,3.03477,0.0287237,0.049629,0.0270895,0.00340899,0.0172222,0.0462689,0,0.167605,0,
39049,156,,0.000208492,,,,,,,,,,,,,,,,,,,,,,,,,,,,
39099,156,,0.000208492,,,,,,,,,,,,,,,,,,,,,,,,,,,,
39149,156,,0.000208492,,,,,,,,,,,,,,,,,,,,,,,,,,,,
39199,156,,0.000208492,,,,,,,,,,,,,,,,,,,,,,,,,,,,
39249,156,156,0.000208492,2.90013,0,0.354993,0.0400669,3.81593e-05,0.196632,3.32486e-05,0.00914182,0.00919699,0,0.0520015,0.0920684,0,6.05776,10.087,1.1139,0.049132,2.80572,0.0278424,0.050338,0.0271942,0.00295585,0.0129844,0.0457395,0,0.144229,0,
39299,157,,0.000206408,,,,,,,,,,,,,,,,,,,,,,,,,,,,
39349,157,,0.000206408,,,,,,,,,,,,,,,,,,,,,,,,,,,,
39399,157,,0.000206408,,,,,,,,,,,,,,,,,,,,,,,,,,,,
39449,157,,0.000206408,,,,,,,,,,,,,,,,,,,,,,,,,,,,
39499,157,157,0.000206408,2.83347,0,0.358327,0.0382725,3.75687e-05,0.209949,3.28678e-05,0.00894098,0.00900771,0,0.0505869,0.0888594,0,6.08393,9.32682,1.07181,0.0467503,2.5899,0.0283365,0.0510216,0.0275508,0.00245519,0.0141391,0.046516,0,0.140251,0,
39549,158,,0.000204343,,,,,,,,,,,,,,,,,,,,,,,,,,,,
39599,158,,0.000204343,,,,,,,,,,,,,,,,,,,,,,,,,,,,
39649,158,,0.000204343,,,,,,,,,,,,,,,,,,,,,,,,,,,,
39699,158,,0.000204343,,,,,,,,,,,,,,,,,,,,,,,,,,,,
39749,158,158,0.000204343,2.7668,0,0.36166,0.0381357,3.71218e-05,0.209011,3.21098e-05,0.00873359,0.00879042,0,0.0528626,0.0909983,0,6.21296,11.5311,1.15914,0.0589176,3.12209,0.0287903,0.0533302,0.027491,0.00407892,0.0131328,0.0459185,0,0.179219,0,
39799,159,,0.0002023,,,,,,,,,,,,,,,,,,,,,,,,,,,,
39849,159,,0.0002023,,,,,,,,,,,,,,,,,,,,,,,,,,,,
39899,159,,0.0002023,,,,,,,,,,,,,,,,,,,,,,,,,,,,
39949,159,,0.0002023,,,,,,,,,,,,,,,,,,,,,,,,,,,,
39999,159,159,0.0002023,2.70013,0,0.364994,0.0365824,3.58406e-05,0.204309,3.13287e-05,0.0085212,0.00856091,0,0.0536489,0.0902313,0,6.07552,10.3083,1.09955,0.0548049,2.9259,0.0284969,0.0524274,0.0272123,0.0030444,0.0137196,0.0460808,0,0.160798,0,
40049,160,,0.000200277,,,,,,,,,,,,,,,,,,,,,,,,,,,,
40099,160,,0.000200277,,,,,,,,,,,,,,,,,,,,,,,,,,,,
40149,160,,0.000200277,,,,,,,,,,,,,,,,,,,,,,,,,,,,
40199,160,,0.000200277,,,,,,,,,,,,,,,,,,,,,,,,,,,,
40249,160,160,0.000200277,2.63347,0,0.368327,0.0360154,3.57262e-05,0.212453,3.08658e-05,0.00832196,0.00839101,0,0.0522981,0.0883135,0,6.08682,10.1211,1.10079,0.0511626,2.72846,0.0283349,0.0510335,0.0272519,0.00281693,0.014069,0.046503,0,0.162137,0,
40299,161,,0.000198274,,,,,,,,,,,,,,,,,,,,,,,,,,,,
40349,161,,0.000198274,,,,,,,,,,,,,,,,,,,,,,,,,,,,
40399,161,,0.000198274,,,,,,,,,,,,,,,,,,,,,,,,,,,,
40449,161,,0.000198274,,,,,,,,,,,,,,,,,,,,,,,,,,,,
40499,161,161,0.000198274,2.5668,0,0.37166,0.0354199,3.56501e-05,0.211604,3.02432e-05,0.00810941,0.00818679,0,0.0522592,0.0876791,0,6.18456,9.74955,1.08405,0.0506909,2.62638,0.0290965,0.0545326,0.027217,0.00275705,0.0136733,0.0473027,0,0.146561,0,
40549,162,,0.000196292,,,,,,,,,,,,,,,,,,,,,,,,,,,,
40599,162,,0.000196292,,,,,,,,,,,,,,,,,,,,,,,,,,,,
40649,162,,0.000196292,,,,,,,,,,,,,,,,,,,,,,,,,,,,
40699,162,,0.000196292,,,,,,,,,,,,,,,,,,,,,,,,,,,,
40749,162,162,0.000196292,2.50013,0,0.374993,0.0338259,3.39464e-05,0.213674,2.96898e-05,0.00789678,0.00796483,0,0.0533987,0.0872246,0,5.99557,9.22944,1.06473,0.0481995,2.59897,0.0282607,0.052872,0.0271506,0.00233529,0.0132618,0.0456838,0,0.138197,0,
40799,163,,0.000194329,,,,,,,,,,,,,,,,,,,,,,,,,,,,
40849,163,,0.000194329,,,,,,,,,,,,,,,,,,,,,,,,,,,,
40899,163,,0.000194329,,,,,,,,,,,,,,,,,,,,,,,,,,,,
40949,163,,0.000194329,,,,,,,,,,,,,,,,,,,,,,,,,,,,
40999,163,163,0.000194329,2.43347,0,0.378327,0.0324031,3.4036e-05,0.217765,2.89328e-05,0.00769599,0.00775613,0,0.0530233,0.0854264,0,5.99339,9.87031,1.07018,0.0500294,2.73832,0.0278804,0.0495823,0.0272548,0.00257926,0.0136888,0.0462969,0,0.154831,0,
41049,164,,0.000192385,,,,,,,,,,,,,,,,,,,,,,,,,,,,
41099,164,,0.000192385,,,,,,,,,,,,,,,,,,,,,,,,,,,,
41149,164,,0.000192385,,,,,,,,,,,,,,,,,,,,,,,,,,,,
41199,164,,0.000192385,,,,,,,,,,,,,,,,,,,,,,,,,,,,
41249,164,164,0.000192385,2.3668,0,0.38166,0.031672,3.32685e-05,0.227756,2.84689e-05,0.00748806,0.00756375,0,0.0524571,0.0841291,0,6.2086,11.5363,1.1339,0.0600348,3.18341,0.0292479,0.0530602,0.0274812,0.00420857,0.0152351,0.0462544,0,0.174807,0,
41299,165,,0.000190461,,,,,,,,,,,,,,,,,,,,,,,,,,,,
41349,165,,0.000190461,,,,,,,,,,,,,,,,,,,,,,,,,,,,
41399,165,,0.000190461,,,,,,,,,,,,,,,,,,,,,,,,,,,,
41449,165,,0.000190461,,,,,,,,,,,,,,,,,,,,,,,,,,,,
41499,165,165,0.000190461,2.30013,0,0.384993,0.0306615,3.24709e-05,0.220447,2.76714e-05,0.00727732,0.00733844,0,0.0547938,0.0854552,0,6.13128,10.5107,1.1037,0.0539008,2.93641,0.0280605,0.0504306,0.0270744,0.00302835,0.0136614,0.0461079,0,0.162054,0,
41549,166,,0.000188557,,,,,,,,,,,,,,,,,,,,,,,,,,,,
41599,166,,0.000188557,,,,,,,,,,,,,,,,,,,,,,,,,,,,
41649,166,,0.000188557,,,,,,,,,,,,,,,,,,,,,,,,,,,,
41699,166,,0.000188557,,,,,,,,,,,,,,,,,,,,,,,,,,,,
41749,166,166,0.000188557,2.23347,0,0.388327,0.0300513,3.2195e-05,0.227371,2.71153e-05,0.00707257,0.00715658,0,0.05401,0.0840612,0,6.15626,9.75734,1.08761,0.0478009,2.68214,0.0279542,0.0500439,0.0271249,0.00281934,0.0136669,0.0461159,0,0.146717,0,
41799,167,,0.000186671,,,,,,,,,,,,,,,,,,,,,,,,,,,,
41849,167,,0.000186671,,,,,,,,,,,,,,,,,,,,,,,,,,,,
41899,167,,0.000186671,,,,,,,,,,,,,,,,,,,,,,,,,,,,
41949,167,,0.000186671,,,,,,,,,,,,,,,,,,,,,,,,,,,,
41999,167,167,0.000186671,2.1668,0,0.39166,0.0287446,3.10218e-05,0.221324,2.64976e-05,0.0068558,0.00690986,0,0.0563526,0.0850973,0,6.16263,10.2706,1.09698,0.0507373,2.81776,0.0280979,0.0505659,0.0272224,0.00304494,0.0132775,0.046379,0,0.153007,0,
42049,168,,0.000184805,,,,,,,,,,,,,,,,,,,,,,,,,,,,
42099,168,,0.000184805,,,,,,,,,,,,,,,,,,,,,,,,,,,,
42149,168,,0.000184805,,,,,,,,,,,,,,,,,,,,,,,,,,,,
42199,168,,0.000184805,,,,,,,,,,,,,,,,,,,,,,,,,,,,
42249,168,168,0.000184805,2.10013,0,0.394993,0.0282657,3.10918e-05,0.226536,2.61031e-05,0.00665563,0.00672639,0,0.0546821,0.0829478,0,6.13656,9.37929,1.06931,0.0446625,2.50486,0.0279134,0.050746,0.0270013,0.00248205,0.0137385,0.0455992,0,0.137893,0,
42299,169,,0.000182957,,,,,,,,,,,,,,,,,,,,,,,,,,,,
42349,169,,0.000182957,,,,,,,,,,,,,,,,,,,,,,,,,,,,
42399,169,,0.000182957,,,,,,,,,,,,,,,,,,,,,,,,,,,,
42449,169,,0.000182957,,,,,,,,,,,,,,,,,,,,,,,,,,,,
42499,169,169,0.000182957,2.03347,0,0.398327,0.0269344,3.02607e-05,0.231449,2.54256e-05,0.0064522,0.00652536,0,0.0551416,0.082076,0,5.99853,9.18027,1.07051,0.0467854,2.57988,0.0280481,0.0516424,0.0270742,0.00224725,0.0135576,0.045719,0,0.137382,0,
42549,170,,0.000181127,,,,,,,,,,,,,,,,,,,,,,,,,,,,
42599,170,,0.000181127,,,,,,,,,,,,,,,,,,,,,,,,,,,,
42649,170,,0.000181127,,,,,,,,,,,,,,,,,,,,,,,,,,,,
42699,170,,0.000181127,,,,,,,,,,,,,,,,,,,,,,,,,,,,
42749,170,170,0.000181127,1.9668,0,0.40166,0.0264233,2.98698e-05,0.232203,2.47774e-05,0.00623997,0.00632691,0,0.0559911,0.0824145,0,6.10951,9.37586,1.0766,0.0459346,2.57231,0.0279383,0.0502217,0.0273655,0.00250687,0.0136586,0.0459387,0,0.141672,0,
42799,171,,0.000179316,,,,,,,,,,,,,,,,,,,,,,,,,,,,
42849,171,,0.000179316,,,,,,,,,,,,,,,,,,,,,,,,,,,,
42899,171,,0.000179316,,,,,,,,,,,,,,,,,,,,,,,,,,,,
42949,171,,0.000179316,,,,,,,,,,,,,,,,,,,,,,,,,,,,
42999,171,171,0.000179316,1.90013,0,0.404993,0.0254494,2.87427e-05,0.230257,2.42632e-05,0.00603087,0.00610387,0,0.0573076,0.082757,0,6.16949,10.9581,1.106,0.0611914,3.12486,0.0294448,0.0549173,0.0278029,0.00350031,0.0142483,0.0467554,0,0.171765,0,
43049,172,,0.000177523,,,,,,,,,,,,,,,,,,,,,,,,,,,,
43099,172,,0.000177523,,,,,,,,,,,,,,,,,,,,,,,,,,,,
43149,172,,0.000177523,,,,,,,,,,,,,,,,,,,,,,,,,,,,
43199,172,,0.000177523,,,,,,,,,,,,,,,,,,,,,,,,,,,,
43249,172,172,0.000177523,1.83347,0,0.408327,0.0247902,2.82624e-05,0.231564,2.34467e-05,0.00583482,0.00590192,0,0.0587694,0.0835596,0,6.21012,10.171,1.09961,0.0489561,2.74316,0.0281128,0.0507723,0.0274901,0.00311879,0.0132665,0.0459164,0,0.15484,0,
43299,173,,0.000175747,,,,,,,,,,,,,,,,,,,,,,,,,,,,
43349,173,,0.000175747,,,,,,,,,,,,,,,,,,,,,,,,,,,,
43399,173,,0.000175747,,,,,,,,,,,,,,,,,,,,,,,,,,,,
43449,173,,0.000175747,,,,,,,,,,,,,,,,,,,,,,,,,,,,
43499,173,173,0.000175747,1.7668,0,0.41166,0.0235331,2.778e-05,0.239732,2.31991e-05,0.00562458,0.00568062,0,0.0575322,0.0810653,0,6.12544,10.3537,1.11066,0.0503554,2.82405,0.0280305,0.0505609,0.0272987,0.0029476,0.0136495,0.0456958,0,0.150867,0,
43549,174,,0.00017399,,,,,,,,,,,,,,,,,,,,,,,,,,,,
43599,174,,0.00017399,,,,,,,,,,,,,,,,,,,,,,,,,,,,
43649,174,,0.00017399,,,,,,,,,,,,,,,,,,,,,,,,,,,,
43699,174,,0.00017399,,,,,,,,,,,,,,,,,,,,,,,,,,,,
43749,174,174,0.00017399,1.70013,0,0.414993,0.0227299,2.71569e-05,0.241041,2.27048e-05,0.00541362,0.00548773,0,0.0563593,0.0790893,0,6.13757,9.29486,1.07612,0.04557,2.54984,0.0282337,0.0516961,0.0273649,0.00239355,0.0131159,0.0465981,0,0.138248,0,
43799,175,,0.00017225,,,,,,,,,,,,,,,,,,,,,,,,,,,,
43849,175,,0.00017225,,,,,,,,,,,,,,,,,,,,,,,,,,,,
43899,175,,0.00017225,,,,,,,,,,,,,,,,,,,,,,,,,,,,
43949,175,,0.00017225,,,,,,,,,,,,,,,,,,,,,,,,,,,,
43999,175,175,0.00017225,1.63347,0,0.418327,0.0216123,2.653e-05,0.245024,2.19889e-05,0.00519534,0.00528915,0,0.0569645,0.0785767,0,5.99119,9.54608,1.07208,0.0487834,2.71642,0.0280171,0.0510948,0.0274166,0.0024241,0.0133279,0.0458221,0,0.139898,0,
44049,176,,0.000170527,,,,,,,,,,,,,,,,,,,,,,,,,,,,
44099,176,,0.000170527,,,,,,,,,,,,,,,,,,,,,,,,,,,,
44149,176,,0.000170527,,,,,,,,,,,,,,,,,,,,,,,,,,,,
44199,176,,0.000170527,,,,,,,,,,,,,,,,,,,,,,,,,,,,
44249,176,176,0.000170527,1.5668,0,0.42166,0.0212949,2.65812e-05,0.240605,2.14862e-05,0.00500055,0.00509919,0,0.0584821,0.079777,0,6.09088,9.97086,1.08704,0.0493327,2.80799,0.0279548,0.050084,0.027721,0.00292578,0.0130992,0.0459438,0,0.150894,0,
44299,177,,0.000168822,,,,,,,,,,,,,,,,,,,,,,,,,,,,
44349,177,,0.000168822,,,,,,,,,,,,,,,,,,,,,,,,,,,,
44399,177,,0.000168822,,,,,,,,,,,,,,,,,,,,,,,,,,,,
44449,177,,0.000168822,,,,,,,,,,,,,,,,,,,,,,,,,,,,
44499,177,177,0.000168822,1.50013,0,0.424993,0.0199673,2.54344e-05,0.246076,2.07557e-05,0.00478835,0.00489031,0,0.0583923,0.0783596,0,5.86821,9.13827,1.05778,0.0466094,2.53193,0.0281616,0.0509429,0.0273943,0.00224873,0.0138888,0.0463333,0,0.135294,0,
44549,178,,0.000167134,,,,,,,,,,,,,,,,,,,,,,,,,,,,
44599,178,,0.000167134,,,,,,,,,,,,,,,,,,,,,,,,,,,,
44649,178,,0.000167134,,,,,,,,,,,,,,,,,,,,,,,,,,,,
44699,178,,0.000167134,,,,,,,,,,,,,,,,,,,,,,,,,,,,
44749,178,178,0.000167134,1.43347,0,0.428327,0.0194791,2.57985e-05,0.255385,2.0553e-05,0.00457878,0.00468548,0,0.0565095,0.0759886,0,6.19406,9.76335,1.08624,0.0454856,2.59666,0.0277048,0.0500886,0.0273277,0.00271171,0.0136158,0.0447803,0,0.142741,0,
44799,179,,0.000165463,,,,,,,,,,,,,,,,,,,,,,,,,,,,
44849,179,,0.000165463,,,,,,,,,,,,,,,,,,,,,,,,,,,,
44899,179,,0.000165463,,,,,,,,,,,,,,,,,,,,,,,,,,,,
44949,179,,0.000165463,,,,,,,,,,,,,,,,,,,,,,,,,,,,
44999,179,179,0.000165463,1.3668,0,0.43166,0.0180643,2.42928e-05,0.248648,1.99276e-05,0.00435751,0.00444901,0,0.0582939,0.0763582,0,6.11844,9.15922,1.08942,0.0435071,2.50101,0.0277697,0.0500639,0.0272099,0.00233818,0.0137752,0.0454611,0,0.134568,0,
45049,180,,0.000163808,,,,,,,,,,,,,,,,,,,,,,,,,,,,
45099,180,,0.000163808,,,,,,,,,,,,,,,,,,,,,,,,,,,,
45149,180,,0.000163808,,,,,,,,,,,,,,,,,,,,,,,,,,,,
45199,180,,0.000163808,,,,,,,,,,,,,,,,,,,,,,,,,,,,
45249,180,180,0.000163808,1.30013,0,0.434993,0.0174513,2.40444e-05,0.258396,1.94779e-05,0.00417154,0.0042762,0,0.057573,0.0750243,0,6.31358,11.064,1.11764,0.0567042,3.06042,0.0282401,0.0514568,0.0273547,0.00367432,0.0133823,0.0453323,0,0.175826,0,
45299,181,,0.00016217,,,,,,,,,,,,,,,,,,,,,,,,,,,,
45349,181,,0.00016217,,,,,,,,,,,,,,,,,,,,,,,,,,,,
45399,181,,0.00016217,,,,,,,,,,,,,,,,,,,,,,,,,,,,
45449,181,,0.00016217,,,,,,,,,,,,,,,,,,,,,,,,,,,,
45499,181,181,0.00016217,1.23347,0,0.438327,0.0164833,2.28788e-05,0.247006,1.84129e-05,0.00395232,0.00403563,0,0.0622748,0.0787581,0,5.99585,8.98215,1.05312,0.0431268,2.47692,0.0279375,0.0499146,0.0276282,0.00217754,0.014784,0.0451831,0,0.131881,0,
45549,182,,0.000160548,,,,,,,,,,,,,,,,,,,,,,,,,,,,
45599,182,,0.000160548,,,,,,,,,,,,,,,,,,,,,,,,,,,,
45649,182,,0.000160548,,,,,,,,,,,,,,,,,,,,,,,,,,,,
45699,182,,0.000160548,,,,,,,,,,,,,,,,,,,,,,,,,,,,
45749,182,182,0.000160548,1.1668,0,0.44166,0.015519,2.28397e-05,0.25983,1.83289e-05,0.0037519,0.00385104,0,0.057607,0.073126,0,6.02498,9.30207,1.05969,0.0448972,2.56045,0.0277644,0.0501875,0.0273542,0.00246213,0.0133873,0.0454309,0,0.139234,0,
45799,183,,0.000158943,,,,,,,,,,,,,,,,,,,,,,,,,,,,
45849,183,,0.000158943,,,,,,,,,,,,,,,,,,,,,,,,,,,,
45899,183,,0.000158943,,,,,,,,,,,,,,,,,,,,,,,,,,,,
45949,183,,0.000158943,,,,,,,,,,,,,,,,,,,,,,,,,,,,
45999,183,183,0.000158943,1.10013,0,0.444993,0.0144688,2.19503e-05,0.256361,1.7679e-05,0.00353898,0.00362909,0,0.0587938,0.0732626,0,6.09871,10.1904,1.10231,0.0483201,2.70963,0.0280921,0.0520356,0.0272639,0.00283972,0.0132272,0.0450939,0,0.149666,0,
46049,184,,0.000157353,,,,,,,,,,,,,,,,,,,,,,,,,,,,
46099,184,,0.000157353,,,,,,,,,,,,,,,,,,,,,,,,,,,,
46149,184,,0.000157353,,,,,,,,,,,,,,,,,,,,,,,,,,,,
46199,184,,0.000157353,,,,,,,,,,,,,,,,,,,,,,,,,,,,
46249,184,184,0.000157353,1.03347,0,0.448327,0.0138462,2.20838e-05,0.265907,1.74989e-05,0.00335174,0.0034633,0,0.0577637,0.0716099,0,5.91728,8.81547,1.05097,0.0432886,2.46146,0.0281455,0.0510265,0.0275727,0.00204379,0.0134211,0.0466635,0,0.12983,0,
46299,185,,0.00015578,,,,,,,,,,,,,,,,,,,,,,,,,,,,
46349,185,,0.00015578,,,,,,,,,,,,,,,,,,,,,,,,,,,,
46399,185,,0.00015578,,,,,,,,,,,,,,,,,,,,,,,,,,,,
46449,185,,0.00015578,,,,,,,,,,,,,,,,,,,,,,,,,,,,
46499,185,185,0.00015578,0.9668,0,0.45166,0.0129056,2.14877e-05,0.265004,1.68498e-05,0.00312649,0.00326872,0,0.0594722,0.0723778,0,6.10599,9.18044,1.06392,0.0453738,2.52031,0.0281317,0.0516208,0.0272068,0.00228111,0.0131614,0.0463881,0,0.135228,0,
46549,186,,0.000154222,,,,,,,,,,,,,,,,,,,,,,,,,,,,
46599,186,,0.000154222,,,,,,,,,,,,,,,,,,,,,,,,,,,,
46649,186,,0.000154222,,,,,,,,,,,,,,,,,,,,,,,,,,,,
46699,186,,0.000154222,,,,,,,,,,,,,,,,,,,,,,,,,,,,
46749,186,186,0.000154222,0.900133,0,0.454993,0.0120689,2.1227e-05,0.27774,1.65421e-05,0.00293172,0.00304424,0,0.0580005,0.0700694,0,6.08346,9.31972,1.06924,0.0453031,2.54957,0.0280036,0.0500359,0.0280791,0.00237986,0.0139556,0.0455676,0,0.139957,0,
46799,187,,0.00015268,,,,,,,,,,,,,,,,,,,,,,,,,,,,
46849,187,,0.00015268,,,,,,,,,,,,,,,,,,,,,,,,,,,,
46899,187,,0.00015268,,,,,,,,,,,,,,,,,,,,,,,,,,,,
46949,187,,0.00015268,,,,,,,,,,,,,,,,,,,,,,,,,,,,
46999,187,187,0.00015268,0.833467,0,0.458327,0.011184,2.02729e-05,0.279676,1.57926e-05,0.00270691,0.00284205,0,0.059633,0.070817,0,6.12819,9.74687,1.08713,0.0484061,2.63765,0.0283732,0.0517816,0.0275524,0.00253621,0.0138568,0.0461392,0,0.144156,0,
47049,188,,0.000151153,,,,,,,,,,,,,,,,,,,,,,,,,,,,
47099,188,,0.000151153,,,,,,,,,,,,,,,,,,,,,,,,,,,,
47149,188,,0.000151153,,,,,,,,,,,,,,,,,,,,,,,,,,,,
47199,188,,0.000151153,,,,,,,,,,,,,,,,,,,,,,,,,,,,
47249,188,188,0.000151153,0.7668,0,0.46166,0.010285,1.97628e-05,0.280057,1.54667e-05,0.00250446,0.00262351,0,0.0589698,0.0692548,0,5.95258,9.28248,1.05842,0.0455147,2.55223,0.0279399,0.0504781,0.0276756,0.00222651,0.0131302,0.046189,0,0.137613,0,
47299,189,,0.000149641,,,,,,,,,,,,,,,,,,,,,,,,,,,,
47349,189,,0.000149641,,,,,,,,,,,,,,,,,,,,,,,,,,,,
47399,189,,0.000149641,,,,,,,,,,,,,,,,,,,,,,,,,,,,
47449,189,,0.000149641,,,,,,,,,,,,,,,,,,,,,,,,,,,,
47499,189,189,0.000149641,0.700133,0,0.464993,0.00941206,1.92777e-05,0.277427,1.4884e-05,0.00229147,0.00243539,0,0.0596621,0.0690742,0,6.09498,9.84366,1.08346,0.0500123,2.73311,0.028267,0.050611,0.0283055,0.00264363,0.0136872,0.0460876,0,0.152266,0,
47549,190,,0.000148145,,,,,,,,,,,,,,,,,,,,,,,,,,,,
47599,190,,0.000148145,,,,,,,,,,,,,,,,,,,,,,,,,,,,
47649,190,,0.000148145,,,,,,,,,,,,,,,,,,,,,,,,,,,,
47699,190,,0.000148145,,,,,,,,,,,,,,,,,,,,,,,,,,,,
47749,190,190,0.000148145,0.633467,0,0.468327,0.00860293,1.87491e-05,0.271192,1.47024e-05,0.00208603,0.00224826,0,0.0601214,0.0687243,0,5.97469,8.56661,1.03455,0.0413766,2.33693,0.0279806,0.0509493,0.0273875,0.00188017,0.0137267,0.0459593,0,0.124619,0,
47799,191,,0.000146664,,,,,,,,,,,,,,,,,,,,,,,,,,,,
47849,191,,0.000146664,,,,,,,,,,,,,,,,,,,,,,,,,,,,
47899,191,,0.000146664,,,,,,,,,,,,,,,,,,,,,,,,,,,,
47949,191,,0.000146664,,,,,,,,,,,,,,,,,,,,,,,,,,,,
47999,191,191,0.000146664,0.5668,0,0.47166,0.00780891,1.81472e-05,0.275827,1.39549e-05,0.00187656,0.00204046,0,0.061993,0.0698019,0,5.9479,8.96242,1.04488,0.0441107,2.4441,0.0280831,0.0514457,0.027829,0.00205771,0.0134267,0.0456563,0,0.130934,0,
48049,192,,0.000145197,,,,,,,,,,,,,,,,,,,,,,,,,,,,
48099,192,,0.000145197,,,,,,,,,,,,,,,,,,,,,,,,,,,,
48149,192,,0.000145197,,,,,,,,,,,,,,,,,,,,,,,,,,,,
48199,192,,0.000145197,,,,,,,,,,,,,,,,,,,,,,,,,,,,
48249,192,192,0.000145197,0.500133,0,0.474993,0.00690298,1.77645e-05,0.275441,1.34877e-05,0.0016686,0.00186146,0,0.063256,0.070159,0,5.97954,8.81242,1.05008,0.0452372,2.45463,0.0282713,0.0525202,0.0278674,0.00202335,0.013553,0.0453922,0,0.131135,0,
48299,193,,0.000143745,,,,,,,,,,,,,,,,,,,,,,,,,,,,
48349,193,,0.000143745,,,,,,,,,,,,,,,,,,,,,,,,,,,,
48399,193,,0.000143745,,,,,,,,,,,,,,,,,,,,,,,,,,,,
48449,193,,0.000143745,,,,,,,,,,,,,,,,,,,,,,,,,,,,
48499,193,193,0.000143745,0.433467,0,0.478327,0.00605785,1.77573e-05,0.283544,1.33568e-05,0.00147641,0.00169764,0,0.0610832,0.0671411,0,6.01538,8.9348,1.04955,0.0428839,2.42362,0.0279453,0.0497811,0.0277678,0.0020517,0.013455,0.046671,0,0.134029,0,
48549,194,,0.000142307,,,,,,,,,,,,,,,,,,,,,,,,,,,,
48599,194,,0.000142307,,,,,,,,,,,,,,,,,,,,,,,,,,,,
48649,194,,0.000142307,,,,,,,,,,,,,,,,,,,,,,,,,,,,
48699,194,,0.000142307,,,,,,,,,,,,,,,,,,,,,,,,,,,,
48749,194,194,0.000142307,0.3668,0,0.48166,0.00530542,1.73543e-05,0.282316,1.29184e-05,0.00126872,0.00149332,0,0.0621967,0.0675022,0,6.04059,8.82025,1.04544,0.0422373,2.39831,0.0281849,0.0511691,0.0278942,0.00196547,0.0136212,0.0462743,0,0.129256,0,
48799,195,,0.000140884,,,,,,,,,,,,,,,,,,,,,,,,,,,,
48849,195,,0.000140884,,,,,,,,,,,,,,,,,,,,,,,,,,,,
48899,195,,0.000140884,,,,,,,,,,,,,,,,,,,,,,,,,,,,
48949,195,,0.000140884,,,,,,,,,,,,,,,,,,,,,,,,,,,,
48999,195,195,0.000140884,0.300133,0,0.484993,0.00432306,1.65321e-05,0.285396,1.25003e-05,0.00105117,0.0012872,0,0.0630628,0.0673858,0,5.96884,9.58309,1.07834,0.0545831,2.80911,0.0292802,0.0533305,0.0290938,0.00228782,0.0139308,0.0477581,0,0.144066,0,
49049,196,,0.000139476,,,,,,,,,,,,,,,,,,,,,,,,,,,,
49099,196,,0.000139476,,,,,,,,,,,,,,,,,,,,,,,,,,,,
49149,196,,0.000139476,,,,,,,,,,,,,,,,,,,,,,,,,,,,
49199,196,,0.000139476,,,,,,,,,,,,,,,,,,,,,,,,,,,,
49249,196,196,0.000139476,0.233467,0,0.488327,0.00344744,1.6675e-05,0.288344,1.26352e-05,0.000874267,0.00115638,0,0.0613236,0.064771,0,5.9369,8.53338,1.04201,0.0421457,2.37363,0.0287993,0.050994,0.0286933,0.00186311,0.0153278,0.0471181,0,0.123929,0,
49299,197,,0.000138081,,,,,,,,,,,,,,,,,,,,,,,,,,,,
49349,197,,0.000138081,,,,,,,,,,,,,,,,,,,,,,,,,,,,
49399,197,,0.000138081,,,,,,,,,,,,,,,,,,,,,,,,,,,,
49449,197,,0.000138081,,,,,,,,,,,,,,,,,,,,,,,,,,,,
49499,197,197,0.000138081,0.1668,0,0.49166,0.00253731,1.6302e-05,0.291722,1.22711e-05,0.000683453,0.000998453,0,0.0610191,0.0635564,0,5.88736,8.6771,1.05118,0.0436918,2.43032,0.0288242,0.0530938,0.0285184,0.00186174,0.0143519,0.0462952,0,0.126072,0,
49549,198,,0.0001367,,,,,,,,,,,,,,,,,,,,,,,,,,,,
49599,198,,0.0001367,,,,,,,,,,,,,,,,,,,,,,,,,,,,
49649,198,,0.0001367,,,,,,,,,,,,,,,,,,,,,,,,,,,,
49699,198,,0.0001367,,,,,,,,,,,,,,,,,,,,,,,,,,,,
49749,198,198,0.0001367,0.100133,0,0.494993,0.0015736,1.56532e-05,0.296313,1.16618e-05,0.00051588,0.000840432,0,0.0630046,0.0645782,0,5.93526,8.60418,1.03827,0.0432217,2.38189,0.0295447,0.0530062,0.0290488,0.00203095,0.0154342,0.0482035,0,0.128138,0,
49799,199,,0.000135333,,,,,,,,,,,,,,,,,,,,,,,,,,,,
49849,199,,0.000135333,,,,,,,,,,,,,,,,,,,,,,,,,,,,
49899,199,,0.000135333,,,,,,,,,,,,,,,,,,,,,,,,,,,,
49949,199,,0.000135333,,,,,,,,,,,,,,,,,,,,,,,,,,,,
49999,199,199,0.000135333,0.0334667,0,0.498327,0.000569414,1.59236e-05,0.302904,1.16293e-05,0.000410358,0.00075421,0,0.060976,0.0615454,0,6.10484,9.43848,1.07627,0.0479403,2.55817,0.0325861,0.0562927,0.0305619,0.00231777,0.0197422,0.0540161,0,0.137656,0,
