param_x,param_y,x,y,loss
rho_h,T0,5.089487179487179,25.65076923076923,0.024628615006804466
rho_h,T0,5.089487179487179,51.29153846153846,0.01931850239634514
rho_h,T0,5.089487179487179,76.9323076923077,0.01344006322324276
rho_h,T0,5.089487179487179,102.57307692307693,0.005718186963349581
rho_h,T0,5.089487179487179,128.21384615384613,0.0009367819293402135
rho_h,T0,5.089487179487179,153.85461538461539,0.0067009087651968
rho_h,T0,5.089487179487179,179.4953846153846,0.013765335083007812
rho_h,T0,5.089487179487179,205.13615384615383,0.019284114241600037
rho_h,T0,5.089487179487179,230.77692307692305,0.02739807777106762
rho_h,T0,5.089487179487179,256.4176923076923,0.0327223464846611
rho_h,T0,5.089487179487179,282.05846153846153,0.03814462572336197
rho_h,T0,5.089487179487179,307.6992307692308,0.04602763056755066
rho_h,T0,5.089487179487179,333.34,0.051336608827114105
rho_h,T0,5.089487179487179,358.9807692307692,0.0590488538146019
rho_h,T0,5.089487179487179,384.6215384615384,0.06424359977245331
rho_h,T0,5.089487179487179,410.2623076923077,0.0694335550069809
rho_h,T0,5.089487179487179,435.9030769230769,0.07667921483516693
rho_h,T0,5.089487179487179,461.5438461538461,0.08149602264165878
rho_h,T0,5.089487179487179,487.18461538461537,0.0880349799990654
rho_h,T0,5.089487179487179,512.8253846153846,0.0928654670715332
rho_h,T0,5.089487179487179,538.4661538461538,0.0977277010679245
rho_h,T0,5.089487179487179,564.1069230769231,0.103858083486557
rho_h,T0,5.089487179487179,589.7476923076923,0.10870997607707977
rho_h,T0,5.089487179487179,615.3884615384616,0.11297623813152313
rho_h,T0,5.089487179487179,641.0292307692307,0.11849457025527954
rho_h,T0,5.089487179487179,666.67,0.12281455099582672
rho_h,T0,5.089487179487179,692.3107692307692,0.1283215582370758
rho_h,T0,5.089487179487179,717.9515384615385,0.13211104273796082
rho_h,T0,5.089487179487179,743.5923076923077,0.13606566190719604
rho_h,T0,5.089487179487179,769.2330769230769,0.14109264314174652
rho_h,T0,5.089487179487179,794.8738461538461,0.14468073844909668
rho_h,T0,5.089487179487179,820.5146153846154,0.14991526305675507
rho_h,T0,5.089487179487179,846.1553846153846,0.1530337929725647
rho_h,T0,5.089487179487179,871.7961538461539,0.1565818041563034
rho_h,T0,5.089487179487179,897.436923076923,0.16175039112567902
rho_h,T0,5.089487179487179,923.0776923076922,0.16533255577087402
rho_h,T0,5.089487179487179,948.7184615384615,0.1700463443994522
rho_h,T0,5.089487179487179,974.3592307692307,0.17382799088954926
rho_h,T0,7.748974358974358,25.65076923076923,0.02828540839254856
rho_h,T0,7.748974358974358,51.29153846153846,0.023753227666020393
rho_h,T0,7.748974358974358,76.9323076923077,0.019376618787646294
rho_h,T0,7.748974358974358,102.57307692307693,0.015011735260486603
rho_h,T0,7.748974358974358,128.21384615384613,0.010645068250596523
rho_h,T0,7.748974358974358,153.85461538461539,0.005823777988553047
rho_h,T0,7.748974358974358,179.4953846153846,0.002981996163725853
rho_h,T0,7.748974358974358,205.13615384615383,0.0017599670682102442
rho_h,T0,7.748974358974358,230.77692307692305,0.00660950830206275
rho_h,T0,7.748974358974358,256.4176923076923,0.010346019640564919
rho_h,T0,7.748974358974358,282.05846153846153,0.014616312459111214
rho_h,T0,7.748974358974358,307.6992307692308,0.018870187923312187
rho_h,T0,7.748974358974358,333.34,0.02380160056054592
rho_h,T0,7.748974358974358,358.9807692307692,0.028133664280176163
rho_h,T0,7.748974358974358,384.6215384615384,0.032090768218040466
rho_h,T0,7.748974358974358,410.2623076923077,0.036089248955249786
rho_h,T0,7.748974358974358,435.9030769230769,0.04099038243293762
rho_h,T0,7.748974358974358,461.5438461538461,0.0448404997587204
rho_h,T0,7.748974358974358,487.18461538461537,0.04719802364706993
rho_h,T0,7.748974358974358,512.8253846153846,0.051579996943473816
rho_h,T0,7.748974358974358,538.4661538461538,0.05524895712733269
rho_h,T0,7.748974358974358,564.1069230769231,0.06018667668104172
rho_h,T0,7.748974358974358,589.7476923076923,0.06428427994251251
rho_h,T0,7.748974358974358,615.3884615384616,0.06819123029708862
rho_h,T0,7.748974358974358,641.0292307692307,0.07211709022521973
rho_h,T0,7.748974358974358,666.67,0.07671624422073364
rho_h,T0,7.748974358974358,692.3107692307692,0.08031117171049118
rho_h,T0,7.748974358974358,717.9515384615385,0.08426421880722046
rho_h,T0,7.748974358974358,743.5923076923077,0.08804367482662201
rho_h,T0,7.748974358974358,769.2330769230769,0.08999289572238922
rho_h,T0,7.748974358974358,794.8738461538461,0.09410282224416733
rho_h,T0,7.748974358974358,820.5146153846154,0.09811467677354813
rho_h,T0,7.748974358974358,846.1553846153846,0.10144886374473572
rho_h,T0,7.748974358974358,871.7961538461539,0.10493174195289612
rho_h,T0,7.748974358974358,897.436923076923,0.10870979726314545
rho_h,T0,7.748974358974358,923.0776923076922,0.11210276186466217
rho_h,T0,7.748974358974358,948.7184615384615,0.11552095413208008
rho_h,T0,7.748974358974358,974.3592307692307,0.11849100887775421
rho_h,T0,10.408461538461538,25.65076923076923,0.028549544513225555
rho_h,T0,10.408461538461538,51.29153846153846,0.026604514569044113
rho_h,T0,10.408461538461538,76.9323076923077,0.0230125579982996
rho_h,T0,10.408461538461538,102.57307692307693,0.019385263323783875
rho_h,T0,10.408461538461538,128.21384615384613,0.016152916476130486
rho_h,T0,10.408461538461538,153.85461538461539,0.013527467846870422
rho_h,T0,10.408461538461538,179.4953846153846,0.010454091243445873
rho_h,T0,10.408461538461538,205.13615384615383,0.005854716058820486
rho_h,T0,10.408461538461538,230.77692307692305,0.004777311347424984
rho_h,T0,10.408461538461538,256.4176923076923,5.207298272580374e-07
rho_h,T0,10.408461538461538,282.05846153846153,0.00465324055403471
rho_h,T0,10.408461538461538,307.6992307692308,0.006295613944530487
rho_h,T0,10.408461538461538,333.34,0.009561161510646343
rho_h,T0,10.408461538461538,358.9807692307692,0.013471823185682297
rho_h,T0,10.408461538461538,384.6215384615384,0.014881264418363571
rho_h,T0,10.408461538461538,410.2623076923077,0.01828976720571518
rho_h,T0,10.408461538461538,435.9030769230769,0.023106355220079422
rho_h,T0,10.408461538461538,461.5438461538461,0.024217963218688965
rho_h,T0,10.408461538461538,487.18461538461537,0.028317932039499283
rho_h,T0,10.408461538461538,512.8253846153846,0.03155878186225891
rho_h,T0,10.408461538461538,538.4661538461538,0.033804651349782944
rho_h,T0,10.408461538461538,564.1069230769231,0.036920636892318726
rho_h,T0,10.408461538461538,589.7476923076923,0.041542284190654755
rho_h,T0,10.408461538461538,615.3884615384616,0.04284151643514633
rho_h,T0,10.408461538461538,641.0292307692307,0.04671146348118782
rho_h,T0,10.408461538461538,666.67,0.049881890416145325
rho_h,T0,10.408461538461538,692.3107692307692,0.05212348699569702
rho_h,T0,10.408461538461538,717.9515384615385,0.05513482540845871
rho_h,T0,10.408461538461538,743.5923076923077,0.05922193080186844
rho_h,T0,10.408461538461538,769.2330769230769,0.06285293400287628
rho_h,T0,10.408461538461538,794.8738461538461,0.06444069743156433
rho_h,T0,10.408461538461538,820.5146153846154,0.06801480054855347
rho_h,T0,10.408461538461538,846.1553846153846,0.0713254064321518
rho_h,T0,10.408461538461538,871.7961538461539,0.07279694080352783
rho_h,T0,10.408461538461538,897.436923076923,0.0767299234867096
rho_h,T0,10.408461538461538,923.0776923076922,0.08010903000831604
rho_h,T0,10.408461538461538,948.7184615384615,0.08153838664293289
rho_h,T0,10.408461538461538,974.3592307692307,0.08491155505180359
rho_h,T0,13.067948717948717,25.65076923076923,0.0291166789829731
rho_h,T0,13.067948717948717,51.29153846153846,0.028226055204868317
rho_h,T0,13.067948717948717,76.9323076923077,0.02387230098247528
rho_h,T0,13.067948717948717,102.57307692307693,0.022958673536777496
rho_h,T0,13.067948717948717,128.21384615384613,0.019386110827326775
rho_h,T0,13.067948717948717,153.85461538461539,0.01816299557685852
rho_h,T0,13.067948717948717,179.4953846153846,0.01497360598295927
rho_h,T0,13.067948717948717,205.13615384615383,0.0132854413241148
rho_h,T0,13.067948717948717,230.77692307692305,0.009793654084205627
rho_h,T0,13.067948717948717,256.4176923076923,0.005855453200638294
rho_h,T0,13.067948717948717,282.05846153846153,0.0049032592214643955
rho_h,T0,13.067948717948717,307.6992307692308,0.0029760384932160378
rho_h,T0,13.067948717948717,333.34,0.0010099825449287891
rho_h,T0,13.067948717948717,358.9807692307692,0.004873941652476788
rho_h,T0,13.067948717948717,384.6215384615384,0.006287600379437208
rho_h,T0,13.067948717948717,410.2623076923077,0.009401649236679077
rho_h,T0,13.067948717948717,435.9030769230769,0.010544635355472565
rho_h,T0,13.067948717948717,461.5438461538461,0.013768143020570278
rho_h,T0,13.067948717948717,487.18461538461537,0.014902237802743912
rho_h,T0,13.067948717948717,512.8253846153846,0.01821448840200901
rho_h,T0,13.067948717948717,538.4661538461538,0.02008243463933468
rho_h,T0,13.067948717948717,564.1069230769231,0.023842016234993935
rho_h,T0,13.067948717948717,589.7476923076923,0.027331514284014702
rho_h,T0,13.067948717948717,615.3884615384616,0.02835942804813385
rho_h,T0,13.067948717948717,641.0292307692307,0.03146382421255112
rho_h,T0,13.067948717948717,666.67,0.032903704792261124
rho_h,T0,13.067948717948717,692.3107692307692,0.03608928248286247
rho_h,T0,13.067948717948717,717.9515384615385,0.037501946091651917
rho_h,T0,13.067948717948717,743.5923076923077,0.041545234620571136
rho_h,T0,13.067948717948717,769.2330769230769,0.04270092025399208
rho_h,T0,13.067948717948717,794.8738461538461,0.046069636940956116
rho_h,T0,13.067948717948717,820.5146153846154,0.04712521657347679
rho_h,T0,13.067948717948717,846.1553846153846,0.05013447254896164
rho_h,T0,13.067948717948717,871.7961538461539,0.05413114279508591
rho_h,T0,13.067948717948717,897.436923076923,0.055113159120082855
rho_h,T0,13.067948717948717,923.0776923076922,0.0590486153960228
rho_h,T0,13.067948717948717,948.7184615384615,0.06015912443399429
rho_h,T0,13.067948717948717,974.3592307692307,0.06311354041099548
rho_h,T0,15.727435897435896,25.65076923076923,0.029303306713700294
rho_h,T0,15.727435897435896,51.29153846153846,0.028304260224103928
rho_h,T0,15.727435897435896,76.9323076923077,0.0266045480966568
rho_h,T0,15.727435897435896,102.57307692307693,0.023753343150019646
rho_h,T0,15.727435897435896,128.21384615384613,0.02281152456998825
rho_h,T0,15.727435897435896,153.85461538461539,0.019386496394872665
rho_h,T0,15.727435897435896,179.4953846153846,0.018212100490927696
rho_h,T0,15.727435897435896,205.13615384615383,0.015118738636374474
rho_h,T0,15.727435897435896,230.77692307692305,0.013542108237743378
rho_h,T0,15.727435897435896,256.4176923076923,0.010715258307754993
rho_h,T0,15.727435897435896,282.05846153846153,0.009468194097280502
rho_h,T0,15.727435897435896,307.6992307692308,0.005857384297996759
rho_h,T0,15.727435897435896,333.34,0.004976523108780384
rho_h,T0,15.727435897435896,358.9807692307692,0.00431783078238368
rho_h,T0,15.727435897435896,384.6215384615384,0.0025517726317048073
rho_h,T0,15.727435897435896,410.2623076923077,0.001692325808107853
rho_h,T0,15.727435897435896,435.9030769230769,0.00520833395421505
rho_h,T0,15.727435897435896,461.5438461538461,0.00628737173974514
rho_h,T0,15.727435897435896,487.18461538461537,0.00894737895578146
rho_h,T0,15.727435897435896,512.8253846153846,0.009680243209004402
rho_h,T0,15.727435897435896,538.4661538461538,0.01289530098438263
rho_h,T0,15.727435897435896,564.1069230769231,0.014122847467660904
rho_h,T0,15.727435897435896,589.7476923076923,0.015067853033542633
rho_h,T0,15.727435897435896,615.3884615384616,0.018093321472406387
rho_h,T0,15.727435897435896,641.0292307692307,0.019494544714689255
rho_h,T0,15.727435897435896,666.67,0.023115819320082664
rho_h,T0,15.727435897435896,692.3107692307692,0.024022357538342476
rho_h,T0,15.727435897435896,717.9515384615385,0.02764693833887577
rho_h,T0,15.727435897435896,743.5923076923077,0.02841218374669552
rho_h,T0,15.727435897435896,769.2330769230769,0.031373411417007446
rho_h,T0,15.727435897435896,794.8738461538461,0.03279629349708557
rho_h,T0,15.727435897435896,820.5146153846154,0.03589380159974098
rho_h,T0,15.727435897435896,846.1553846153846,0.036828286945819855
rho_h,T0,15.727435897435896,871.7961538461539,0.038144633173942566
rho_h,T0,15.727435897435896,897.436923076923,0.04162536934018135
rho_h,T0,15.727435897435896,923.0776923076922,0.04267461597919464
rho_h,T0,15.727435897435896,948.7184615384615,0.045959703624248505
rho_h,T0,15.727435897435896,974.3592307692307,0.04689439386129379
rho_h,T0,18.386923076923075,25.65076923076923,0.029334284365177155
rho_h,T0,18.386923076923075,51.29153846153846,0.028457464650273323
rho_h,T0,18.386923076923075,76.9323076923077,0.02716892585158348
rho_h,T0,18.386923076923075,102.57307692307693,0.024488095194101334
rho_h,T0,18.386923076923075,128.21384615384613,0.023549597710371017
rho_h,T0,18.386923076923075,153.85461538461539,0.022783270105719566
rho_h,T0,18.386923076923075,179.4953846153846,0.019387081265449524
rho_h,T0,18.386923076923075,205.13615384615383,0.01826590485870838
rho_h,T0,18.386923076923075,230.77692307692305,0.01532857958227396
rho_h,T0,18.386923076923075,256.4176923076923,0.014937612228095531
rho_h,T0,18.386923076923075,282.05846153846153,0.01339401863515377
rho_h,T0,18.386923076923075,307.6992307692308,0.010609041899442673
rho_h,T0,18.386923076923075,333.34,0.00938143115490675
rho_h,T0,18.386923076923075,358.9807692307692,0.005865160375833511
rho_h,T0,18.386923076923075,384.6215384615384,0.00505389180034399
rho_h,T0,18.386923076923075,410.2623076923077,0.004773429594933987
rho_h,T0,18.386923076923075,435.9030769230769,0.0029590309131890535
rho_h,T0,18.386923076923075,461.5438461538461,0.0009374211658723652
rho_h,T0,18.386923076923075,487.18461538461537,0.0018274984322488308
rho_h,T0,18.386923076923075,512.8253846153846,0.005262813996523619
rho_h,T0,18.386923076923075,538.4661538461538,0.005830144044011831
rho_h,T0,18.386923076923075,564.1069230769231,0.008851788938045502
rho_h,T0,18.386923076923075,589.7476923076923,0.009635639376938343
rho_h,T0,18.386923076923075,615.3884615384616,0.010545613244175911
rho_h,T0,18.386923076923075,641.0292307692307,0.013744362629950047
rho_h,T0,18.386923076923075,666.67,0.01459616981446743
rho_h,T0,18.386923076923075,692.3107692307692,0.017236223444342613
rho_h,T0,18.386923076923075,717.9515384615385,0.018048539757728577
rho_h,T0,18.386923076923075,743.5923076923077,0.019288230687379837
rho_h,T0,18.386923076923075,769.2330769230769,0.023103659972548485
rho_h,T0,18.386923076923075,794.8738461538461,0.023842042312026024
rho_h,T0,18.386923076923075,820.5146153846154,0.024760499596595764
rho_h,T0,18.386923076923075,846.1553846153846,0.027655456215143204
rho_h,T0,18.386923076923075,871.7961538461539,0.028440814465284348
rho_h,T0,18.386923076923075,897.436923076923,0.0313725508749485
rho_h,T0,18.386923076923075,923.0776923076922,0.03270993381738663
rho_h,T0,18.386923076923075,948.7184615384615,0.03347834199666977
rho_h,T0,18.386923076923075,974.3592307692307,0.03608928620815277
rho_h,T0,21.046410256410255,25.65076923076923,0.03117193840444088
rho_h,T0,21.046410256410255,51.29153846153846,0.02854958549141884
rho_h,T0,21.046410256410255,76.9323076923077,0.028249837458133698
rho_h,T0,21.046410256410255,102.57307692307693,0.026604536920785904
rho_h,T0,21.046410256410255,128.21384615384613,0.023842964321374893
rho_h,T0,21.046410256410255,153.85461538461539,0.023512553423643112
rho_h,T0,21.046410256410255,179.4953846153846,0.0227719247341156
rho_h,T0,21.046410256410255,205.13615384615383,0.019387125968933105
rho_h,T0,21.046410256410255,230.77692307692305,0.018579896539449692
rho_h,T0,21.046410256410255,256.4176923076923,0.018048737198114395
rho_h,T0,21.046410256410255,282.05846153846153,0.01500774547457695
rho_h,T0,21.046410256410255,307.6992307692308,0.013541906140744686
rho_h,T0,21.046410256410255,333.34,0.010799950920045376
rho_h,T0,21.046410256410255,358.9807692307692,0.010467011481523514
rho_h,T0,21.046410256410255,384.6215384615384,0.00935341976583004
rho_h,T0,21.046410256410255,410.2623076923077,0.005865232087671757
rho_h,T0,21.046410256410255,435.9030769230769,0.005607243161648512
rho_h,T0,21.046410256410255,461.5438461538461,0.004784879740327597
rho_h,T0,21.046410256410255,487.18461538461537,0.00298188254237175
rho_h,T0,21.046410256410255,512.8253846153846,0.0025517656467854977
rho_h,T0,21.046410256410255,538.4661538461538,0.0010834219865500927
rho_h,T0,21.046410256410255,564.1069230769231,0.003844061167910695
rho_h,T0,21.046410256410255,589.7476923076923,0.005263581871986389
rho_h,T0,21.046410256410255,615.3884615384616,0.005714008584618568
rho_h,T0,21.046410256410255,641.0292307692307,0.008727711625397205
rho_h,T0,21.046410256410255,666.67,0.009437289088964462
rho_h,T0,21.046410256410255,692.3107692307692,0.010258214548230171
rho_h,T0,21.046410256410255,717.9515384615385,0.012855099514126778
rho_h,T0,21.046410256410255,743.5923076923077,0.013768142089247704
rho_h,T0,21.046410256410255,769.2330769230769,0.014662793837487698
rho_h,T0,21.046410256410255,794.8738461538461,0.017297590151429176
rho_h,T0,21.046410256410255,820.5146153846154,0.018044481053948402
rho_h,T0,21.046410256410255,846.1553846153846,0.019283639267086983
rho_h,T0,21.046410256410255,871.7961538461539,0.02279113605618477
rho_h,T0,21.046410256410255,897.436923076923,0.023130454123020172
rho_h,T0,21.046410256410255,923.0776923076922,0.024021439254283905
rho_h,T0,21.046410256410255,948.7184615384615,0.02731705829501152
rho_h,T0,21.046410256410255,974.3592307692307,0.028133630752563477
rho_h,T0,23.705897435897434,25.65076923076923,0.031179185956716537
rho_h,T0,23.705897435897434,51.29153846153846,0.029103759676218033
rho_h,T0,23.705897435897434,76.9323076923077,0.028304265812039375
rho_h,T0,23.705897435897434,102.57307692307693,0.027117416262626648
rho_h,T0,23.705897435897434,128.21384615384613,0.024594416841864586
rho_h,T0,23.705897435897434,153.85461538461539,0.02375711500644684
rho_h,T0,23.705897435897434,179.4953846153846,0.02297833003103733
rho_h,T0,23.705897435897434,205.13615384615383,0.020948359742760658
rho_h,T0,23.705897435897434,230.77692307692305,0.01938718557357788
rho_h,T0,23.705897435897434,256.4176923076923,0.0186116024851799
rho_h,T0,23.705897435897434,282.05846153846153,0.01805296167731285
rho_h,T0,23.705897435897434,307.6992307692308,0.015118878334760666
rho_h,T0,23.705897435897434,333.34,0.014875072985887527
rho_h,T0,23.705897435897434,358.9807692307692,0.01344013400375843
rho_h,T0,23.705897435897434,384.6215384615384,0.010753000155091286
rho_h,T0,23.705897435897434,410.2623076923077,0.010430725291371346
rho_h,T0,23.705897435897434,435.9030769230769,0.009353118017315865
rho_h,T0,23.705897435897434,461.5438461538461,0.005878811236470938
rho_h,T0,23.705897435897434,487.18461538461537,0.005692029371857643
rho_h,T0,23.705897435897434,512.8253846153846,0.004903091117739677
rho_h,T0,23.705897435897434,538.4661538461538,0.004338777624070644
rho_h,T0,23.705897435897434,564.1069230769231,0.00295269931666553
rho_h,T0,23.705897435897434,589.7476923076923,0.0005453645717352629
rho_h,T0,23.705897435897434,615.3884615384616,0.0015676663024351
rho_h,T0,23.705897435897434,641.0292307692307,0.00465057510882616
rho_h,T0,23.705897435897434,666.67,0.005325626581907272
rho_h,T0,23.705897435897434,692.3107692307692,0.005713433958590031
rho_h,T0,23.705897435897434,717.9515384615385,0.006702137645334005
rho_h,T0,23.705897435897434,743.5923076923077,0.009475217200815678
rho_h,T0,23.705897435897434,769.2330769230769,0.009679298847913742
rho_h,T0,23.705897435897434,794.8738461538461,0.010558117181062698
rho_h,T0,23.705897435897434,820.5146153846154,0.013490395620465279
rho_h,T0,23.705897435897434,846.1553846153846,0.01410982571542263
rho_h,T0,23.705897435897434,871.7961538461539,0.014785921201109886
rho_h,T0,23.705897435897434,897.436923076923,0.017721356824040413
rho_h,T0,23.705897435897434,923.0776923076922,0.01804446242749691
rho_h,T0,23.705897435897434,948.7184615384615,0.019273826852440834
rho_h,T0,23.705897435897434,974.3592307692307,0.01958402618765831
rho_h,T0,26.365384615384613,25.65076923076923,0.031209904700517654
rho_h,T0,26.365384615384613,51.29153846153846,0.029116667807102203
rho_h,T0,26.365384615384613,76.9323076923077,0.028452694416046143
rho_h,T0,26.365384615384613,102.57307692307693,0.02822602540254593
rho_h,T0,26.365384615384613,128.21384615384613,0.026604562997817993
rho_h,T0,26.365384615384613,153.85461538461539,0.023872431367635727
rho_h,T0,26.365384615384613,179.4953846153846,0.023656895384192467
rho_h,T0,26.365384615384613,205.13615384615383,0.02295875921845436
rho_h,T0,26.365384615384613,230.77692307692305,0.02083989977836609
rho_h,T0,26.365384615384613,256.4176923076923,0.01938718557357788
rho_h,T0,26.365384615384613,282.05846153846153,0.019153881818056107
rho_h,T0,26.365384615384613,307.6992307692308,0.018165307119488716
rho_h,T0,26.365384615384613,333.34,0.015293164178729057
rho_h,T0,26.365384615384613,358.9807692307692,0.015005002729594707
rho_h,T0,26.365384615384613,384.6215384615384,0.013541868887841702
rho_h,T0,26.365384615384613,410.2623076923077,0.013368913903832436
rho_h,T0,26.365384615384613,435.9030769230769,0.010645060800015926
rho_h,T0,26.365384615384613,461.5438461538461,0.009907417930662632
rho_h,T0,26.365384615384613,487.18461538461537,0.00935233011841774
rho_h,T0,26.365384615384613,512.8253846153846,0.008039560168981552
rho_h,T0,26.365384615384613,538.4661538461538,0.005702327936887741
rho_h,T0,26.365384615384613,564.1069230769231,0.004945965483784676
rho_h,T0,26.365384615384613,589.7476923076923,0.00477366428822279
rho_h,T0,26.365384615384613,615.3884615384616,0.0029722629114985466
rho_h,T0,26.365384615384613,641.0292307692307,0.0025518108159303665
rho_h,T0,26.365384615384613,666.67,0.0010123701067641377
rho_h,T0,26.365384615384613,692.3107692307692,0.0017462929245084524
rho_h,T0,26.365384615384613,717.9515384615385,0.00483265146613121
rho_h,T0,26.365384615384613,743.5923076923077,0.005347804166376591
rho_h,T0,26.365384615384613,769.2330769230769,0.005556441377848387
rho_h,T0,26.365384615384613,794.8738461538461,0.0067007532343268394
rho_h,T0,26.365384615384613,820.5146153846154,0.009392634965479374
rho_h,T0,26.365384615384613,846.1553846153846,0.00963564496487379
rho_h,T0,26.365384615384613,871.7961538461539,0.010346002876758575
rho_h,T0,26.365384615384613,897.436923076923,0.012804068624973297
rho_h,T0,26.365384615384613,923.0776923076922,0.01375514455139637
rho_h,T0,26.365384615384613,948.7184615384615,0.01413727831095457
rho_h,T0,26.365384615384613,974.3592307692307,0.01488126814365387
rho_h,T0,29.024871794871792,25.65076923076923,0.031230948865413666
rho_h,T0,29.024871794871792,51.29153846153846,0.02930266782641411
rho_h,T0,29.024871794871792,76.9323076923077,0.028483213856816292
rho_h,T0,29.024871794871792,102.57307692307693,0.028282582759857178
rho_h,T0,29.024871794871792,128.21384615384613,0.026718193665146828
rho_h,T0,29.024871794871792,153.85461538461539,0.024601265788078308
rho_h,T0,29.024871794871792,179.4953846153846,0.02380688115954399
rho_h,T0,29.024871794871792,205.13615384615383,0.023541036993265152
rho_h,T0,29.024871794871792,230.77692307692305,0.02289590984582901
rho_h,T0,29.024871794871792,256.4176923076923,0.02083943597972393
rho_h,T0,29.024871794871792,282.05846153846153,0.019387148320674896
rho_h,T0,29.024871794871792,307.6992307692308,0.01924939453601837
rho_h,T0,29.024871794871792,333.34,0.018211159855127335
rho_h,T0,29.024871794871792,358.9807692307692,0.01591162011027336
rho_h,T0,29.024871794871792,384.6215384615384,0.015008260495960712
rho_h,T0,29.024871794871792,410.2623076923077,0.01437331922352314
rho_h,T0,29.024871794871792,435.9030769230769,0.013472207821905613
rho_h,T0,29.024871794871792,461.5438461538461,0.010799957439303398
rho_h,T0,29.024871794871792,487.18461538461537,0.010608341544866562
rho_h,T0,29.024871794871792,512.8253846153846,0.009793649427592754
rho_h,T0,29.024871794871792,538.4661538461538,0.009327271953225136
rho_h,T0,29.024871794871792,564.1069230769231,0.00803956389427185
rho_h,T0,29.024871794871792,589.7476923076923,0.005703871138393879
rho_h,T0,29.024871794871792,615.3884615384616,0.004946387838572264
rho_h,T0,29.024871794871792,641.0292307692307,0.004778900649398565
rho_h,T0,29.024871794871792,666.67,0.004318077117204666
rho_h,T0,29.024871794871792,692.3107692307692,0.002952536102384329
rho_h,T0,29.024871794871792,717.9515384615385,5.8848338085226715e-05
rho_h,T0,29.024871794871792,743.5923076923077,0.001083433162420988
rho_h,T0,29.024871794871792,769.2330769230769,0.0018274885369464755
rho_h,T0,29.024871794871792,794.8738461538461,0.0048465183936059475
rho_h,T0,29.024871794871792,820.5146153846154,0.0053480262868106365
rho_h,T0,29.024871794871792,846.1553846153846,0.005556321702897549
rho_h,T0,29.024871794871792,871.7961538461539,0.00665805209428072
rho_h,T0,29.024871794871792,897.436923076923,0.008946467190980911
rho_h,T0,29.024871794871792,923.0776923076922,0.009506415575742722
rho_h,T0,29.024871794871792,948.7184615384615,0.009680313989520073
rho_h,T0,29.024871794871792,974.3592307692307,0.010558202862739563
rho_h,T0,31.68435897435897,25.65076923076923,0.031233003363013268
rho_h,T0,31.68435897435897,51.29153846153846,0.029303275048732758
rho_h,T0,31.68435897435897,76.9323076923077,0.02854953706264496
rho_h,T0,31.68435897435897,102.57307692307693,0.02830420434474945
rho_h,T0,31.68435897435897,128.21384615384613,0.027749553322792053
rho_h,T0,31.68435897435897,153.85461538461539,0.02660457417368889
rho_h,T0,31.68435897435897,179.4953846153846,0.02387770637869835
rho_h,T0,31.68435897435897,205.13615384615383,0.023760288953781128
rho_h,T0,31.68435897435897,230.77692307692305,0.023534145206212997
rho_h,T0,31.68435897435897,256.4176923076923,0.02289271354675293
rho_h,T0,31.68435897435897,282.05846153846153,0.020839305594563484
rho_h,T0,31.68435897435897,307.6992307692308,0.01938713528215885
rho_h,T0,31.68435897435897,333.34,0.019250987097620964
rho_h,T0,31.68435897435897,358.9807692307692,0.018232930451631546
rho_h,T0,31.68435897435897,384.6215384615384,0.018048755824565887
rho_h,T0,31.68435897435897,410.2623076923077,0.015118930488824844
rho_h,T0,31.68435897435897,435.9030769230769,0.014942027628421783
rho_h,T0,31.68435897435897,461.5438461538461,0.013565603643655777
rho_h,T0,31.68435897435897,487.18461538461537,0.013394655659794807
rho_h,T0,31.68435897435897,512.8253846153846,0.010786978527903557
rho_h,T0,31.68435897435897,538.4661538461538,0.010470513254404068
rho_h,T0,31.68435897435897,564.1069230769231,0.0097889956086874
rho_h,T0,31.68435897435897,589.7476923076923,0.009327195584774017
rho_h,T0,31.68435897435897,615.3884615384616,0.008039562962949276
rho_h,T0,31.68435897435897,641.0292307692307,0.005717962048947811
rho_h,T0,31.68435897435897,666.67,0.004990377929061651
rho_h,T0,31.68435897435897,692.3107692307692,0.004784859716892242
rho_h,T0,31.68435897435897,717.9515384615385,0.004357391037046909
rho_h,T0,31.68435897435897,743.5923076923077,0.0029758140444755554
rho_h,T0,31.68435897435897,769.2330769230769,0.0026109828613698483
rho_h,T0,31.68435897435897,794.8738461538461,0.0005483655259013176
rho_h,T0,31.68435897435897,820.5146153846154,0.0012230559950694442
rho_h,T0,31.68435897435897,846.1553846153846,0.001880774972960353
rho_h,T0,31.68435897435897,871.7961538461539,0.004873947240412235
rho_h,T0,31.68435897435897,897.436923076923,0.005350563675165176
rho_h,T0,31.68435897435897,923.0776923076922,0.00555738341063261
rho_h,T0,31.68435897435897,948.7184615384615,0.006614048499614
rho_h,T0,31.68435897435897,974.3592307692307,0.008852223865687847
rho_h,T0,34.34384615384615,25.65076923076923,0.031233113259077072
rho_h,T0,34.34384615384615,51.29153846153846,0.029308155179023743
rho_h,T0,34.34384615384615,76.9323076923077,0.029090987518429756
rho_h,T0,34.34384615384615,102.57307692307693,0.02845265343785286
rho_h,T0,34.34384615384615,128.21384615384613,0.02822807803750038
rho_h,T0,34.34384615384615,153.85461538461539,0.02671806886792183
rho_h,T0,34.34384615384615,179.4953846153846,0.024600543081760406
rho_h,T0,34.34384615384615,205.13615384615383,0.023853428661823273
rho_h,T0,34.34384615384615,230.77692307692305,0.023656990379095078
rho_h,T0,34.34384615384615,256.4176923076923,0.02297821268439293
rho_h,T0,34.34384615384615,282.05846153846153,0.022790146991610527
rho_h,T0,34.34384615384615,307.6992307692308,0.02082766592502594
rho_h,T0,34.34384615384615,333.34,0.019387125968933105
rho_h,T0,34.34384615384615,358.9807692307692,0.01925104856491089
rho_h,T0,34.34384615384615,384.6215384615384,0.018266061320900917
rho_h,T0,34.34384615384615,410.2623076923077,0.01805293932557106
rho_h,T0,34.34384615384615,435.9030769230769,0.015293048694729805
rho_h,T0,34.34384615384615,461.5438461538461,0.015006566420197487
rho_h,T0,34.34384615384615,487.18461538461537,0.014373204670846462
rho_h,T0,34.34384615384615,512.8253846153846,0.013472707942128181
rho_h,T0,34.34384615384615,538.4661538461538,0.013285449706017971
rho_h,T0,34.34384615384615,564.1069230769231,0.010645641945302486
rho_h,T0,34.34384615384615,589.7476923076923,0.010453056544065475
rho_h,T0,34.34384615384615,615.3884615384616,0.009468196891248226
rho_h,T0,34.34384615384615,641.0292307692307,0.009327187202870846
rho_h,T0,34.34384615384615,666.67,0.008039567619562149
rho_h,T0,34.34384615384615,692.3107692307692,0.0057181669399142265
rho_h,T0,34.34384615384615,717.9515384615385,0.005053891334682703
rho_h,T0,34.34384615384615,743.5923076923077,0.004902835004031658
rho_h,T0,34.34384615384615,769.2330769230769,0.0047648572362959385
rho_h,T0,34.34384615384615,794.8738461538461,0.0029818813782185316
rho_h,T0,34.34384615384615,820.5146153846154,0.00295543042011559
rho_h,T0,34.34384615384615,846.1553846153846,1.956353230525565e-07
rho_h,T0,34.34384615384615,871.7961538461539,0.0010125552071258426
rho_h,T0,34.34384615384615,897.436923076923,0.0016924787778407335
rho_h,T0,34.34384615384615,923.0776923076922,0.00459820032119751
rho_h,T0,34.34384615384615,948.7184615384615,0.004877141676843166
rho_h,T0,34.34384615384615,974.3592307692307,0.005380287766456604
rho_h,T0,37.00333333333333,25.65076923076923,0.031233061105012894
rho_h,T0,37.00333333333333,51.29153846153846,0.029334263876080513
rho_h,T0,37.00333333333333,76.9323076923077,0.02910432778298855
rho_h,T0,37.00333333333333,102.57307692307693,0.028457485139369965
rho_h,T0,37.00333333333333,128.21384615384613,0.028282631188631058
rho_h,T0,37.00333333333333,153.85461538461539,0.027186915278434753
rho_h,T0,37.00333333333333,179.4953846153846,0.026605121791362762
rho_h,T0,37.00333333333333,205.13615384615383,0.024488037452101707
rho_h,T0,37.00333333333333,230.77692307692305,0.023806452751159668
rho_h,T0,37.00333333333333,256.4176923076923,0.023549741134047508
rho_h,T0,37.00333333333333,282.05846153846153,0.022976651787757874
rho_h,T0,37.00333333333333,307.6992307692308,0.022784866392612457
rho_h,T0,37.00333333333333,333.34,0.020827660337090492
rho_h,T0,37.00333333333333,358.9807692307692,0.01938715949654579
rho_h,T0,37.00333333333333,384.6215384615384,0.019268786534667015
rho_h,T0,37.00333333333333,410.2623076923077,0.01857101544737816
rho_h,T0,37.00333333333333,435.9030769230769,0.018162965774536133
rho_h,T0,37.00333333333333,461.5438461538461,0.015369212254881859
rho_h,T0,37.00333333333333,487.18461538461537,0.015011836774647236
rho_h,T0,37.00333333333333,512.8253846153846,0.014941796660423279
rho_h,T0,37.00333333333333,538.4661538461538,0.01356562227010727
rho_h,T0,37.00333333333333,564.1069230769231,0.013399200513958931
rho_h,T0,37.00333333333333,589.7476923076923,0.010799812152981758
rho_h,T0,37.00333333333333,615.3884615384616,0.010632617399096489
rho_h,T0,37.00333333333333,641.0292307692307,0.010429264977574348
rho_h,T0,37.00333333333333,666.67,0.009468171745538712
rho_h,T0,37.00333333333333,692.3107692307692,0.009327400475740433
rho_h,T0,37.00333333333333,717.9515384615385,0.008039469830691814
rho_h,T0,37.00333333333333,743.5923076923077,0.005751828663051128
rho_h,T0,37.00333333333333,769.2330769230769,0.005603400059044361
rho_h,T0,37.00333333333333,794.8738461538461,0.004908445291221142
rho_h,T0,37.00333333333333,820.5146153846154,0.004777039401233196
rho_h,T0,37.00333333333333,846.1553846153846,0.004318127874284983
rho_h,T0,37.00333333333333,871.7961538461539,0.0029758792370557785
rho_h,T0,37.00333333333333,897.436923076923,0.0026115819346159697
rho_h,T0,37.00333333333333,923.0776923076922,0.0005480913096107543
rho_h,T0,37.00333333333333,948.7184615384615,0.001083439216017723
rho_h,T0,37.00333333333333,974.3592307692307,0.001751965843141079
rho_h,T0,39.66282051282051,25.65076923076923,0.031359851360321045
rho_h,T0,39.66282051282051,51.29153846153846,0.03116193413734436
rho_h,T0,39.66282051282051,76.9323076923077,0.02912014164030552
rho_h,T0,39.66282051282051,102.57307692307693,0.028483545407652855
rho_h,T0,39.66282051282051,128.21384615384613,0.028304215520620346
rho_h,T0,39.66282051282051,153.85461538461539,0.028226057067513466
rho_h,T0,39.66282051282051,179.4953846153846,0.02671818993985653
rho_h,T0,39.66282051282051,205.13615384615383,0.02460051327943802
rho_h,T0,39.66282051282051,230.77692307692305,0.023872386664152145
rho_h,T0,39.66282051282051,256.4176923076923,0.023760292679071426
rho_h,T0,39.66282051282051,282.05846153846153,0.02353801764547825
rho_h,T0,39.66282051282051,307.6992307692308,0.022958669811487198
rho_h,T0,39.66282051282051,333.34,0.022783178836107254
rho_h,T0,39.66282051282051,358.9807692307692,0.02026938833296299
rho_h,T0,39.66282051282051,384.6215384615384,0.01938721537590027
rho_h,T0,39.66282051282051,410.2623076923077,0.019269466400146484
rho_h,T0,39.66282051282051,435.9030769230769,0.018576670438051224
rho_h,T0,39.66282051282051,461.5438461538461,0.018165303394198418
rho_h,T0,39.66282051282051,487.18461538461537,0.01615287736058235
rho_h,T0,39.66282051282051,512.8253846153846,0.015118928626179695
rho_h,T0,39.66282051282051,538.4661538461538,0.01500666607171297
rho_h,T0,39.66282051282051,564.1069230769231,0.014373180456459522
rho_h,T0,39.66282051282051,589.7476923076923,0.013499848544597626
rho_h,T0,39.66282051282051,615.3884615384616,0.013368945568799973
rho_h,T0,39.66282051282051,641.0292307692307,0.010787059552967548
rho_h,T0,39.66282051282051,666.67,0.010608334094285965
rho_h,T0,39.66282051282051,692.3107692307692,0.010428586043417454
rho_h,T0,39.66282051282051,717.9515384615385,0.009382124058902264
rho_h,T0,39.66282051282051,743.5923076923077,0.009327307343482971
rho_h,T0,39.66282051282051,769.2330769230769,0.008720047771930695
rho_h,T0,39.66282051282051,794.8738461538461,0.0057521965354681015
rho_h,T0,39.66282051282051,820.5146153846154,0.005606938153505325
rho_h,T0,39.66282051282051,846.1553846153846,0.004959380254149437
rho_h,T0,39.66282051282051,871.7961538461539,0.0047848401591181755
rho_h,T0,39.66282051282051,897.436923076923,0.0043573095463216305
rho_h,T0,39.66282051282051,923.0776923076922,0.002980956807732582
rho_h,T0,39.66282051282051,948.7184615384615,0.0029554273933172226
rho_h,T0,39.66282051282051,974.3592307692307,0.0017933748895302415
rho_h,T0,42.32230769230769,25.65076923076923,0.03135988116264343
rho_h,T0,42.32230769230769,51.29153846153846,0.031171929091215134
rho_h,T0,42.32230769230769,76.9323076923077,0.029302623122930527
rho_h,T0,42.32230769230769,102.57307692307693,0.02854952961206436
rho_h,T0,42.32230769230769,128.21384615384613,0.02845223806798458
rho_h,T0,42.32230769230769,153.85461538461539,0.028249820694327354
rho_h,T0,42.32230769230769,179.4953846153846,0.0271652452647686
rho_h,T0,42.32230769230769,205.13615384615383,0.026605112478137016
rho_h,T0,42.32230769230769,230.77692307692305,0.024594370275735855
rho_h,T0,42.32230769230769,256.4176923076923,0.023843582719564438
rho_h,T0,42.32230769230769,282.05846153846153,0.023752465844154358
rho_h,T0,42.32230769230769,307.6992307692308,0.023534193634986877
rho_h,T0,42.32230769230769,333.34,0.02295847050845623
rho_h,T0,42.32230769230769,358.9807692307692,0.022771917283535004
rho_h,T0,42.32230769230769,384.6215384615384,0.02026914246380329
rho_h,T0,42.32230769230769,410.2623076923077,0.019387230277061462
rho_h,T0,42.32230769230769,435.9030769230769,0.019314859062433243
rho_h,T0,42.32230769230769,461.5438461538461,0.018602363765239716
rho_h,T0,42.32230769230769,487.18461538461537,0.01821114681661129
rho_h,T0,42.32230769230769,512.8253846153846,0.018048778176307678
rho_h,T0,42.32230769230769,538.4661538461538,0.0152922747656703
rho_h,T0,42.32230769230769,564.1069230769231,0.015008294954895973
rho_h,T0,42.32230769230769,589.7476923076923,0.01493748091161251
rho_h,T0,42.32230769230769,615.3884615384616,0.013565616682171822
rho_h,T0,42.32230769230769,641.0292307692307,0.013440120965242386
rho_h,T0,42.32230769230769,666.67,0.01328466460108757
rho_h,T0,42.32230769230769,692.3107692307692,0.010718499310314655
rho_h,T0,42.32230769230769,717.9515384615385,0.010471070185303688
rho_h,T0,42.32230769230769,743.5923076923077,0.009820109233260155
rho_h,T0,42.32230769230769,769.2330769230769,0.009377159178256989
rho_h,T0,42.32230769230769,794.8738461538461,0.00930820032954216
rho_h,T0,42.32230769230769,820.5146153846154,0.008731462061405182
rho_h,T0,42.32230769230769,846.1553846153846,0.00578685337677598
rho_h,T0,42.32230769230769,871.7961538461539,0.005607034079730511
rho_h,T0,42.32230769230769,897.436923076923,0.004946388769894838
rho_h,T0,42.32230769230769,923.0776923076922,0.004810003563761711
rho_h,T0,42.32230769230769,948.7184615384615,0.004757835529744625
rho_h,T0,42.32230769230769,974.3592307692307,0.0043175192549824715
rho_h,T0,44.98179487179487,25.65076923076923,0.03185036778450012
rho_h,T0,44.98179487179487,51.29153846153846,0.031179148703813553
rho_h,T0,44.98179487179487,76.9323076923077,0.029303256422281265
rho_h,T0,44.98179487179487,102.57307692307693,0.02860206365585327
rho_h,T0,44.98179487179487,128.21384615384613,0.028456129133701324
rho_h,T0,44.98179487179487,153.85461538461539,0.02828514575958252
rho_h,T0,44.98179487179487,179.4953846153846,0.027751684188842773
rho_h,T0,44.98179487179487,205.13615384615383,0.026718035340309143
rho_h,T0,44.98179487179487,230.77692307692305,0.024600937962532043
rho_h,T0,44.98179487179487,256.4176923076923,0.023877184838056564
rho_h,T0,44.98179487179487,282.05846153846153,0.023806385695934296
rho_h,T0,44.98179487179487,307.6992307692308,0.023652181029319763
rho_h,T0,44.98179487179487,333.34,0.022978316992521286
rho_h,T0,44.98179487179487,358.9807692307692,0.022892829030752182
rho_h,T0,44.98179487179487,384.6215384615384,0.022771276533603668
rho_h,T0,44.98179487179487,410.2623076923077,0.020193468779325485
rho_h,T0,44.98179487179487,435.9030769230769,0.01938721537590027
rho_h,T0,44.98179487179487,461.5438461538461,0.019314967095851898
rho_h,T0,44.98179487179487,487.18461538461537,0.018611252307891846
rho_h,T0,44.98179487179487,512.8253846153846,0.018212150782346725
rho_h,T0,44.98179487179487,538.4661538461538,0.018052857369184494
rho_h,T0,44.98179487179487,564.1069230769231,0.015328578650951385
rho_h,T0,44.98179487179487,589.7476923076923,0.015030371025204659
rho_h,T0,44.98179487179487,615.3884615384616,0.014982866123318672
rho_h,T0,44.98179487179487,641.0292307692307,0.014373118989169598
rho_h,T0,44.98179487179487,666.67,0.013527380302548409
rho_h,T0,44.98179487179487,692.3107692307692,0.013394638895988464
rho_h,T0,44.98179487179487,717.9515384615385,0.010799167677760124
rho_h,T0,44.98179487179487,743.5923076923077,0.010645048692822456
rho_h,T0,44.98179487179487,769.2330769230769,0.010454721748828888
rho_h,T0,44.98179487179487,794.8738461538461,0.009793639183044434
rho_h,T0,44.98179487179487,820.5146153846154,0.009353450499475002
rho_h,T0,44.98179487179487,846.1553846153846,0.00930759496986866
rho_h,T0,44.98179487179487,871.7961538461539,0.008731459267437458
rho_h,T0,44.98179487179487,897.436923076923,0.005823477171361446
rho_h,T0,44.98179487179487,923.0776923076922,0.005692130420356989
rho_h,T0,44.98179487179487,948.7184615384615,0.004988506902009249
rho_h,T0,44.98179487179487,974.3592307692307,0.004902806133031845
rho_h,T0,47.64128205128205,25.65076923076923,0.03185126557946205
rho_h,T0,47.64128205128205,51.29153846153846,0.031179174780845642
rho_h,T0,47.64128205128205,76.9323076923077,0.029303282499313354
rho_h,T0,47.64128205128205,102.57307692307693,0.02910374477505684
rho_h,T0,47.64128205128205,128.21384615384613,0.028483163565397263
rho_h,T0,47.64128205128205,153.85461538461539,0.028304211795330048
rho_h,T0,47.64128205128205,179.4953846153846,0.028228018432855606
rho_h,T0,47.64128205128205,205.13615384615383,0.02711739018559456
rho_h,T0,47.64128205128205,230.77692307692305,0.026637502014636993
rho_h,T0,47.64128205128205,256.4176923076923,0.024598997086286545
rho_h,T0,47.64128205128205,282.05846153846153,0.023871995508670807
rho_h,T0,47.64128205128205,307.6992307692308,0.023760268464684486
rho_h,T0,47.64128205128205,333.34,0.023549560457468033
rho_h,T0,47.64128205128205,358.9807692307692,0.022978179156780243
rho_h,T0,47.64128205128205,384.6215384615384,0.022892700508236885
rho_h,T0,47.64128205128205,410.2623076923077,0.020948410034179688
rho_h,T0,47.64128205128205,435.9030769230769,0.02019338309764862
rho_h,T0,47.64128205128205,461.5438461538461,0.019387219101190567
rho_h,T0,47.64128205128205,487.18461538461537,0.019318044185638428
rho_h,T0,47.64128205128205,512.8253846153846,0.018610764294862747
rho_h,T0,47.64128205128205,538.4661538461538,0.01823306456208229
rho_h,T0,47.64128205128205,564.1069230769231,0.01815413124859333
rho_h,T0,47.64128205128205,589.7476923076923,0.015911463648080826
rho_h,T0,47.64128205128205,615.3884615384616,0.01511888112872839
rho_h,T0,47.64128205128205,641.0292307692307,0.015006572008132935
rho_h,T0,47.64128205128205,666.67,0.014892035163939
rho_h,T0,47.64128205128205,692.3107692307692,0.013565627858042717
rho_h,T0,47.64128205128205,717.9515384615385,0.013441725634038448
rho_h,T0,47.64128205128205,743.5923076923077,0.01329481415450573
rho_h,T0,47.64128205128205,769.2330769230769,0.01078709028661251
rho_h,T0,47.64128205128205,794.8738461538461,0.010632786899805069
rho_h,T0,47.64128205128205,820.5146153846154,0.010454093106091022
rho_h,T0,47.64128205128205,846.1553846153846,0.009790048003196716
rho_h,T0,47.64128205128205,871.7961538461539,0.00935338158160448
rho_h,T0,47.64128205128205,897.436923076923,0.009306158870458603
rho_h,T0,47.64128205128205,923.0776923076922,0.008731517940759659
rho_h,T0,47.64128205128205,948.7184615384615,0.0058235302567481995
rho_h,T0,47.64128205128205,974.3592307692307,0.005702337250113487
rho_h,T0,50.30076923076923,25.65076923076923,0.03188273310661316
rho_h,T0,50.30076923076923,51.29153846153846,0.03120984509587288
rho_h,T0,50.30076923076923,76.9323076923077,0.0293080136179924
rho_h,T0,50.30076923076923,102.57307692307693,0.029104234650731087
rho_h,T0,50.30076923076923,128.21384615384613,0.028550658375024796
rho_h,T0,50.30076923076923,153.85461538461539,0.02845226228237152
rho_h,T0,50.30076923076923,179.4953846153846,0.02825072407722473
rho_h,T0,50.30076923076923,205.13615384615383,0.02774958685040474
rho_h,T0,50.30076923076923,230.77692307692305,0.026696518063545227
rho_h,T0,50.30076923076923,256.4176923076923,0.024600990116596222
rho_h,T0,50.30076923076923,282.05846153846153,0.024488093331456184
rho_h,T0,50.30076923076923,307.6992307692308,0.023841237649321556
rho_h,T0,50.30076923076923,333.34,0.02375319041311741
rho_h,T0,50.30076923076923,358.9807692307692,0.02353750728070736
rho_h,T0,50.30076923076923,384.6215384615384,0.022976618260145187
rho_h,T0,50.30076923076923,410.2623076923077,0.0228115264326334
rho_h,T0,50.30076923076923,435.9030769230769,0.020895928144454956
rho_h,T0,50.30076923076923,461.5438461538461,0.02019292302429676
rho_h,T0,50.30076923076923,487.18461538461537,0.019387219101190567
rho_h,T0,50.30076923076923,512.8253846153846,0.019318105652928352
rho_h,T0,50.30076923076923,538.4661538461538,0.01915387436747551
rho_h,T0,50.30076923076923,564.1069230769231,0.01826605573296547
rho_h,T0,50.30076923076923,589.7476923076923,0.01816619746387005
rho_h,T0,50.30076923076923,615.3884615384616,0.01617260091006756
rho_h,T0,50.30076923076923,641.0292307692307,0.015243149362504482
rho_h,T0,50.30076923076923,666.67,0.015008247457444668
rho_h,T0,50.30076923076923,692.3107692307692,0.014942018315196037
rho_h,T0,50.30076923076923,717.9515384615385,0.014373107813298702
rho_h,T0,50.30076923076923,743.5923076923077,0.013527452945709229
rho_h,T0,50.30076923076923,769.2330769230769,0.013399122282862663
rho_h,T0,50.30076923076923,794.8738461538461,0.012812837027013302
rho_h,T0,50.30076923076923,820.5146153846154,0.010715235024690628
rho_h,T0,50.30076923076923,846.1553846153846,0.010608332231640816
rho_h,T0,50.30076923076923,871.7961538461539,0.010429266840219498
rho_h,T0,50.30076923076923,897.436923076923,0.00978897511959076
rho_h,T0,50.30076923076923,923.0776923076922,0.009353311732411385
rho_h,T0,50.30076923076923,948.7184615384615,0.009280901402235031
rho_h,T0,50.30076923076923,974.3592307692307,0.008731505833566189
rho_h,T0,52.960256410256406,25.65076923076923,0.03188297897577286
rho_h,T0,52.960256410256406,51.29153846153846,0.031209882348775864
rho_h,T0,52.960256410256406,76.9323076923077,0.029332656413316727
rho_h,T0,52.960256410256406,102.57307692307693,0.02912011928856373
rho_h,T0,52.960256410256406,128.21384615384613,0.028549522161483765
rho_h,T0,52.960256410256406,153.85461538461539,0.028455939143896103
rho_h,T0,52.960256410256406,179.4953846153846,0.028285164386034012
rho_h,T0,52.960256410256406,205.13615384615383,0.02822616882622242
rho_h,T0,52.960256410256406,230.77692307692305,0.026805026456713676
rho_h,T0,52.960256410256406,256.4176923076923,0.026637505739927292
rho_h,T0,52.960256410256406,282.05846153846153,0.02460065856575966
rho_h,T0,52.960256410256406,307.6992307692308,0.0238723736256361
rho_h,T0,52.960256410256406,333.34,0.023791149258613586
rho_h,T0,52.960256410256406,358.9807692307692,0.023656945675611496
rho_h,T0,52.960256410256406,384.6215384615384,0.02353416010737419
rho_h,T0,52.960256410256406,410.2623076923077,0.02295859530568123
rho_h,T0,52.960256410256406,435.9030769230769,0.02279006876051426
rho_h,T0,52.960256410256406,461.5438461538461,0.020895183086395264
rho_h,T0,52.960256410256406,487.18461538461537,0.020192952826619148
rho_h,T0,52.960256410256406,512.8253846153846,0.019387219101190567
rho_h,T0,52.960256410256406,538.4661538461538,0.0193181149661541
rho_h,T0,52.960256410256406,564.1069230769231,0.01915453001856804
rho_h,T0,52.960256410256406,589.7476923076923,0.018274471163749695
rho_h,T0,52.960256410256406,615.3884615384616,0.018165884539484978
rho_h,T0,52.960256410256406,641.0292307692307,0.01804865151643753
rho_h,T0,52.960256410256406,666.67,0.015328625217080116
rho_h,T0,52.960256410256406,692.3107692307692,0.015118653886020184
rho_h,T0,52.960256410256406,717.9515384615385,0.015006808564066887
rho_h,T0,52.960256410256406,743.5923076923077,0.014875050634145737
rho_h,T0,52.960256410256406,769.2330769230769,0.013565635308623314
rho_h,T0,52.960256410256406,794.8738461538461,0.013472206890583038
rho_h,T0,52.960256410256406,820.5146153846154,0.013372328132390976
rho_h,T0,52.960256410256406,846.1553846153846,0.010798690840601921
rho_h,T0,52.960256410256406,871.7961538461539,0.010645568370819092
rho_h,T0,52.960256410256406,897.436923076923,0.010471059009432793
rho_h,T0,52.960256410256406,923.0776923076922,0.010429239831864834
rho_h,T0,52.960256410256406,948.7184615384615,0.009468220174312592
rho_h,T0,52.960256410256406,974.3592307692307,0.009353099390864372
rho_h,T0,55.619743589743585,25.65076923076923,0.03188297525048256
rho_h,T0,55.619743589743585,51.29153846153846,0.031231209635734558
rho_h,T0,55.619743589743585,76.9323076923077,0.02933424711227417
rho_h,T0,55.619743589743585,102.57307692307693,0.029302585870027542
rho_h,T0,55.619743589743585,128.21384615384613,0.02860214188694954
rho_h,T0,55.619743589743585,153.85461538461539,0.02845747023820877
rho_h,T0,55.619743589743585,179.4953846153846,0.028304213657975197
rho_h,T0,55.619743589743585,205.13615384615383,0.028228167444467545
rho_h,T0,55.619743589743585,230.77692307692305,0.027186952531337738
rho_h,T0,55.619743589743585,256.4176923076923,0.026696033775806427
rho_h,T0,55.619743589743585,282.05846153846153,0.02461988851428032
rho_h,T0,55.619743589743585,307.6992307692308,0.024487927556037903
rho_h,T0,55.619743589743585,333.34,0.023852825164794922
rho_h,T0,55.619743589743585,358.9807692307692,0.023760275915265083
rho_h,T0,55.619743589743585,384.6215384615384,0.023549795150756836
rho_h,T0,55.619743589743585,410.2623076923077,0.02301255241036415
rho_h,T0,55.619743589743585,435.9030769230769,0.022958653047680855
rho_h,T0,55.619743589743585,461.5438461538461,0.022784873843193054
rho_h,T0,55.619743589743585,487.18461538461537,0.020839573815464973
rho_h,T0,55.619743589743585,512.8253846153846,0.020192826166749
rho_h,T0,55.619743589743585,538.4661538461538,0.019387222826480865
rho_h,T0,55.619743589743585,564.1069230769231,0.0193184744566679
rho_h,T0,55.619743589743585,589.7476923076923,0.019249381497502327
rho_h,T0,55.619743589743585,615.3884615384616,0.01857108250260353
rho_h,T0,55.619743589743585,641.0292307692307,0.01816590689122677
rho_h,T0,55.619743589743585,666.67,0.018050698563456535
rho_h,T0,55.619743589743585,692.3107692307692,0.015375266782939434
rho_h,T0,55.619743589743585,717.9515384615385,0.015118876472115517
rho_h,T0,55.619743589743585,743.5923076923077,0.015008064918220043
rho_h,T0,55.619743589743585,769.2330769230769,0.014941783621907234
rho_h,T0,55.619743589743585,794.8738461538461,0.0143729941919446
rho_h,T0,55.619743589743585,820.5146153846154,0.013531038537621498
rho_h,T0,55.619743589743585,846.1553846153846,0.013399247080087662
rho_h,T0,55.619743589743585,871.7961538461539,0.013285433873534203
rho_h,T0,55.619743589743585,897.436923076923,0.01078709214925766
rho_h,T0,55.619743589743585,923.0776923076922,0.01064264215528965
rho_h,T0,55.619743589743585,948.7184615384615,0.01046699658036232
rho_h,T0,55.619743589743585,974.3592307692307,0.0099073750898242
rho_h,T0,58.279230769230765,25.65076923076923,0.03188307583332062
rho_h,T0,58.279230769230765,51.29153846153846,0.031230926513671875
rho_h,T0,58.279230769230765,76.9323076923077,0.03116176836192608
rho_h,T0,58.279230769230765,102.57307692307693,0.029302656650543213
rho_h,T0,58.279230769230765,128.21384615384613,0.02909400872886181
rho_h,T0,58.279230769230765,153.85461538461539,0.02848329022526741
rho_h,T0,58.279230769230765,179.4953846153846,0.028399595990777016
rho_h,T0,58.279230769230765,205.13615384615383,0.028282560408115387
rho_h,T0,58.279230769230765,230.77692307692305,0.027756836265325546
rho_h,T0,58.279230769230765,256.4176923076923,0.02671816758811474
rho_h,T0,58.279230769230765,282.05846153846153,0.026637498289346695
rho_h,T0,58.279230769230765,307.6992307692308,0.024601195007562637
rho_h,T0,58.279230769230765,333.34,0.023872673511505127
rho_h,T0,58.279230769230765,358.9807692307692,0.023806050419807434
rho_h,T0,58.279230769230765,384.6215384615384,0.023753207176923752
rho_h,T0,58.279230769230765,410.2623076923077,0.02354099042713642
rho_h,T0,58.279230769230765,435.9030769230769,0.022978205233812332
rho_h,T0,58.279230769230765,461.5438461538461,0.02290477231144905
rho_h,T0,58.279230769230765,487.18461538461537,0.022783249616622925
rho_h,T0,58.279230769230765,512.8253846153846,0.020839503034949303
rho_h,T0,58.279230769230765,538.4661538461538,0.01952352374792099
rho_h,T0,58.279230769230765,564.1069230769231,0.019387219101190567
rho_h,T0,58.279230769230765,589.7476923076923,0.019318433478474617
rho_h,T0,58.279230769230765,615.3884615384616,0.019250985234975815
rho_h,T0,58.279230769230765,641.0292307692307,0.018576666712760925
rho_h,T0,58.279230769230765,666.67,0.01821129210293293
rho_h,T0,58.279230769230765,692.3107692307692,0.018052883446216583
rho_h,T0,58.279230769230765,717.9515384615385,0.016152895987033844
rho_h,T0,58.279230769230765,743.5923076923077,0.015199277549982071
rho_h,T0,58.279230769230765,769.2330769230769,0.015011703595519066
rho_h,T0,58.279230769230765,794.8738461538461,0.015005035325884819
rho_h,T0,58.279230769230765,820.5146153846154,0.014873798936605453
rho_h,T0,58.279230769230765,846.1553846153846,0.013565643690526485
rho_h,T0,58.279230769230765,871.7961538461539,0.013472357764840126
rho_h,T0,58.279230769230765,897.436923076923,0.013394615612924099
rho_h,T0,58.279230769230765,923.0776923076922,0.010799936950206757
rho_h,T0,58.279230769230765,948.7184615384615,0.01074930839240551
rho_h,T0,58.279230769230765,974.3592307692307,0.010614749044179916
rho_h,T0,60.938717948717944,25.65076923076923,0.03188607096672058
rho_h,T0,60.938717948717944,51.29153846153846,0.03123299404978752
rho_h,T0,60.938717948717944,76.9323076923077,0.031161900609731674
rho_h,T0,60.938717948717944,102.57307692307693,0.029303254559636116
rho_h,T0,60.938717948717944,128.21384615384613,0.029103921726346016
rho_h,T0,60.938717948717944,153.85461538461539,0.02855037711560726
rho_h,T0,60.938717948717944,179.4953846153846,0.02845270000398159
rho_h,T0,60.938717948717944,205.13615384615383,0.02828529104590416
rho_h,T0,60.938717948717944,230.77692307692305,0.028227977454662323
rho_h,T0,60.938717948717944,256.4176923076923,0.027168892323970795
rho_h,T0,60.938717948717944,282.05846153846153,0.026648733764886856
rho_h,T0,60.938717948717944,307.6992307692308,0.02462860941886902
rho_h,T0,60.938717948717944,333.34,0.024593818932771683
rho_h,T0,60.938717948717944,358.9807692307692,0.02387227490544319
rho_h,T0,60.938717948717944,384.6215384615384,0.023782601580023766
rho_h,T0,60.938717948717944,410.2623076923077,0.02365696430206299
rho_h,T0,60.938717948717944,435.9030769230769,0.02353750914335251
rho_h,T0,60.938717948717944,461.5438461538461,0.022978313267230988
rho_h,T0,60.938717948717944,487.18461538461537,0.022892041131854057
rho_h,T0,60.938717948717944,512.8253846153846,0.02278316393494606
rho_h,T0,60.938717948717944,538.4661538461538,0.020839419215917587
rho_h,T0,60.938717948717944,564.1069230769231,0.01952349953353405
rho_h,T0,60.938717948717944,589.7476923076923,0.01938721537590027
rho_h,T0,60.938717948717944,615.3884615384616,0.0193184707313776
rho_h,T0,60.938717948717944,641.0292307692307,0.019250977784395218
rho_h,T0,60.938717948717944,666.67,0.018579909577965736
rho_h,T0,60.938717948717944,692.3107692307692,0.01821293868124485
rho_h,T0,60.938717948717944,717.9515384615385,0.01816295087337494
rho_h,T0,60.938717948717944,743.5923076923077,0.01804869808256626
rho_h,T0,60.938717948717944,769.2330769230769,0.015329470857977867
rho_h,T0,60.938717948717944,794.8738461538461,0.015118717215955257
rho_h,T0,60.938717948717944,820.5146153846154,0.015005936846137047
rho_h,T0,60.938717948717944,846.1553846153846,0.014942778274416924
rho_h,T0,60.938717948717944,871.7961538461539,0.014372998848557472
rho_h,T0,60.938717948717944,897.436923076923,0.013531720265746117
rho_h,T0,60.938717948717944,923.0776923076922,0.01344012189656496
rho_h,T0,60.938717948717944,948.7184615384615,0.013368889689445496
rho_h,T0,60.938717948717944,974.3592307692307,0.01078810729086399
rho_h,T0,63.59820512820512,25.65076923076923,0.03188615292310715
rho_h,T0,63.59820512820512,51.29153846153846,0.031232984736561775
rho_h,T0,63.59820512820512,76.9323076923077,0.031171860173344612
rho_h,T0,63.59820512820512,102.57307692307693,0.02930530533194542
rho_h,T0,63.59820512820512,128.21384615384613,0.02910422906279564
rho_h,T0,63.59820512820512,153.85461538461539,0.028549518436193466
rho_h,T0,63.59820512820512,179.4953846153846,0.028457455337047577
rho_h,T0,63.59820512820512,205.13615384615383,0.02830423042178154
rho_h,T0,63.59820512820512,230.77692307692305,0.02824990451335907
rho_h,T0,63.59820512820512,256.4176923076923,0.027751661837100983
rho_h,T0,63.59820512820512,282.05846153846153,0.02671818621456623
rho_h,T0,63.59820512820512,307.6992307692308,0.026637500151991844
rho_h,T0,63.59820512820512,333.34,0.024600468575954437
rho_h,T0,63.59820512820512,358.9807692307692,0.024403367191553116
rho_h,T0,63.59820512820512,384.6215384615384,0.023843616247177124
rho_h,T0,63.59820512820512,410.2623076923077,0.023760296404361725
rho_h,T0,63.59820512820512,435.9030769230769,0.023650266230106354
rho_h,T0,63.59820512820512,461.5438461538461,0.023534152656793594
rho_h,T0,63.59820512820512,487.18461538461537,0.022976621985435486
rho_h,T0,63.59820512820512,512.8253846153846,0.02289268746972084
rho_h,T0,63.59820512820512,538.4661538461538,0.022771937772631645
rho_h,T0,63.59820512820512,564.1069230769231,0.020839300006628036
rho_h,T0,63.59820512820512,589.7476923076923,0.019523460417985916
rho_h,T0,63.59820512820512,615.3884615384616,0.019387265667319298
rho_h,T0,63.59820512820512,641.0292307692307,0.01931847631931305
rho_h,T0,63.59820512820512,666.67,0.019251041114330292
rho_h,T0,63.59820512820512,692.3107692307692,0.018602365627884865
rho_h,T0,63.59820512820512,717.9515384615385,0.01823306828737259
rho_h,T0,63.59820512820512,743.5923076923077,0.018165308982133865
rho_h,T0,63.59820512820512,769.2330769230769,0.01804865524172783
rho_h,T0,63.59820512820512,794.8738461538461,0.015332161448895931
rho_h,T0,63.59820512820512,820.5146153846154,0.015118907205760479
rho_h,T0,63.59820512820512,846.1553846153846,0.015008259564638138
rho_h,T0,63.59820512820512,871.7961538461539,0.014982856810092926
rho_h,T0,63.59820512820512,897.436923076923,0.014373265206813812
rho_h,T0,63.59820512820512,923.0776923076922,0.013566089794039726
rho_h,T0,63.59820512820512,948.7184615384615,0.01348911039531231
rho_h,T0,63.59820512820512,974.3592307692307,0.013394424691796303
rho_h,T0,66.25769230769231,25.65076923076923,0.031886111944913864
rho_h,T0,66.25769230769231,51.29153846153846,0.03123307041823864
rho_h,T0,66.25769230769231,76.9323076923077,0.031178729608654976
rho_h,T0,66.25769230769231,102.57307692307693,0.029308049008250237
rho_h,T0,66.25769230769231,128.21384615384613,0.029120128601789474
rho_h,T0,66.25769230769231,153.85461538461539,0.02856995165348053
rho_h,T0,66.25769230769231,179.4953846153846,0.028479745611548424
rho_h,T0,66.25769230769231,205.13615384615383,0.028399651870131493
rho_h,T0,66.25769230769231,230.77692307692305,0.028282739222049713
rho_h,T0,66.25769230769231,256.4176923076923,0.028226181864738464
rho_h,T0,66.25769230769231,282.05846153846153,0.027165234088897705
rho_h,T0,66.25769230769231,307.6992307692308,0.026648681610822678
rho_h,T0,66.25769230769231,333.34,0.024628547951579094
rho_h,T0,66.25769230769231,358.9807692307692,0.024594400078058243
rho_h,T0,66.25769230769231,384.6215384615384,0.0238723736256361
rho_h,T0,66.25769230769231,410.2623076923077,0.02380654588341713
rho_h,T0,66.25769230769231,435.9030769230769,0.023753218352794647
rho_h,T0,66.25769230769231,461.5438461538461,0.023549608886241913
rho_h,T0,66.25769230769231,487.18461538461537,0.023012779653072357
rho_h,T0,66.25769230769231,512.8253846153846,0.02297632209956646
rho_h,T0,66.25769230769231,538.4661538461538,0.022811492905020714
rho_h,T0,66.25769230769231,564.1069230769231,0.02277197502553463
rho_h,T0,66.25769230769231,589.7476923076923,0.020839296281337738
rho_h,T0,66.25769230769231,615.3884615384616,0.019522985443472862
rho_h,T0,66.25769230769231,641.0292307692307,0.019387267529964447
rho_h,T0,66.25769230769231,666.67,0.0193184781819582
rho_h,T0,66.25769230769231,692.3107692307692,0.019251033663749695
rho_h,T0,66.25769230769231,717.9515384615385,0.018611250445246696
rho_h,T0,66.25769230769231,743.5923076923077,0.01823342777788639
rho_h,T0,66.25769230769231,769.2330769230769,0.018165897578001022
rho_h,T0,66.25769230769231,794.8738461538461,0.01805073581635952
rho_h,T0,66.25769230769231,820.5146153846154,0.015911439433693886
rho_h,T0,66.25769230769231,846.1553846153846,0.015182693488895893
rho_h,T0,66.25769230769231,871.7961538461539,0.015011822804808617
rho_h,T0,66.25769230769231,897.436923076923,0.015005918219685555
rho_h,T0,66.25769230769231,923.0776923076922,0.014937466010451317
rho_h,T0,66.25769230769231,948.7184615384615,0.01367766223847866
rho_h,T0,66.25769230769231,974.3592307692307,0.013532280921936035
rho_h,T0,68.91717948717948,25.65076923076923,0.03188624233007431
rho_h,T0,68.91717948717948,51.29153846153846,0.03123309835791588
rho_h,T0,68.91717948717948,76.9323076923077,0.031179150566458702
rho_h,T0,68.91717948717948,102.57307692307693,0.02930814027786255
rho_h,T0,68.91717948717948,128.21384615384613,0.029281478375196457
rho_h,T0,68.91717948717948,153.85461538461539,0.029090968891978264
rho_h,T0,68.91717948717948,179.4953846153846,0.02848322130739689
rho_h,T0,68.91717948717948,205.13615384615383,0.028452619910240173
rho_h,T0,68.91717948717948,230.77692307692305,0.028285283595323563
rho_h,T0,68.91717948717948,256.4176923076923,0.028228070586919785
rho_h,T0,68.91717948717948,282.05846153846153,0.027749545872211456
rho_h,T0,68.91717948717948,307.6992307692308,0.026718083769083023
rho_h,T0,68.91717948717948,333.34,0.02663748525083065
rho_h,T0,68.91717948717948,358.9807692307692,0.02460051327943802
rho_h,T0,68.91717948717948,384.6215384615384,0.024488061666488647
rho_h,T0,68.91717948717948,410.2623076923077,0.023871883749961853
rho_h,T0,68.91717948717948,435.9030769230769,0.023782547563314438
rho_h,T0,68.91717948717948,461.5438461538461,0.02365737035870552
rho_h,T0,68.91717948717948,487.18461538461537,0.02354101464152336
rho_h,T0,68.91717948717948,512.8253846153846,0.0229782797396183
rho_h,T0,68.91717948717948,538.4661538461538,0.022958671674132347
rho_h,T0,68.91717948717948,564.1069230769231,0.022811492905020714
rho_h,T0,68.91717948717948,589.7476923076923,0.022771213203668594
rho_h,T0,68.91717948717948,615.3884615384616,0.02083100751042366
rho_h,T0,68.91717948717948,641.0292307692307,0.01952296867966652
rho_h,T0,68.91717948717948,666.67,0.019387265667319298
rho_h,T0,68.91717948717948,692.3107692307692,0.01931866817176342
rho_h,T0,68.91717948717948,717.9515384615385,0.019268784672021866
rho_h,T0,68.91717948717948,743.5923076923077,0.018611596897244453
rho_h,T0,68.91717948717948,769.2330769230769,0.018265878781676292
rho_h,T0,68.91717948717948,794.8738461538461,0.01816590130329132
rho_h,T0,68.91717948717948,820.5146153846154,0.018052952364087105
rho_h,T0,68.91717948717948,846.1553846153846,0.016152869910001755
rho_h,T0,68.91717948717948,871.7961538461539,0.01529313251376152
rho_h,T0,68.91717948717948,897.436923076923,0.015118759125471115
rho_h,T0,68.91717948717948,923.0776923076922,0.01500806212425232
rho_h,T0,68.91717948717948,948.7184615384615,0.014942002482712269
rho_h,T0,68.91717948717948,974.3592307692307,0.014373304322361946
rho_h,T0,71.57666666666667,25.65076923076923,0.03188641369342804
rho_h,T0,71.57666666666667,51.29153846153846,0.03123307228088379
rho_h,T0,71.57666666666667,76.9323076923077,0.031179159879684448
rho_h,T0,71.57666666666667,102.57307692307693,0.029332421720027924
rho_h,T0,71.57666666666667,128.21384615384613,0.02930261194705963
rho_h,T0,71.57666666666667,153.85461538461539,0.029103722423315048
rho_h,T0,71.57666666666667,179.4953846153846,0.028549425303936005
rho_h,T0,71.57666666666667,205.13615384615383,0.02845616638660431
rho_h,T0,71.57666666666667,230.77692307692305,0.02830422669649124
rho_h,T0,71.57666666666667,256.4176923076923,0.028250735253095627
rho_h,T0,71.57666666666667,282.05846153846153,0.028226016089320183
rho_h,T0,71.57666666666667,307.6992307692308,0.02711738832294941
rho_h,T0,71.57666666666667,333.34,0.026646405458450317
rho_h,T0,71.57666666666667,358.9807692307692,0.024628549814224243
rho_h,T0,71.57666666666667,384.6215384615384,0.02459895983338356
rho_h,T0,71.57666666666667,410.2623076923077,0.023872774094343185
rho_h,T0,71.57666666666667,435.9030769230769,0.023842941969633102
rho_h,T0,71.57666666666667,461.5438461538461,0.023760294541716576
rho_h,T0,71.57666666666667,487.18461538461537,0.023656873032450676
rho_h,T0,71.57666666666667,512.8253846153846,0.023537512868642807
rho_h,T0,71.57666666666667,538.4661538461538,0.0229781661182642
rho_h,T0,71.57666666666667,564.1069230769231,0.022958453744649887
rho_h,T0,71.57666666666667,589.7476923076923,0.022785332053899765
rho_h,T0,71.57666666666667,615.3884615384616,0.020948246121406555
rho_h,T0,71.57666666666667,641.0292307692307,0.020827654749155045
rho_h,T0,71.57666666666667,666.67,0.01952299475669861
rho_h,T0,71.57666666666667,692.3107692307692,0.019387267529964447
rho_h,T0,71.57666666666667,717.9515384615385,0.019319316372275352
rho_h,T0,71.57666666666667,743.5923076923077,0.019268769770860672
rho_h,T0,71.57666666666667,769.2330769230769,0.018661130219697952
rho_h,T0,71.57666666666667,794.8738461538461,0.018570976331830025
rho_h,T0,71.57666666666667,820.5146153846154,0.018211131915450096
rho_h,T0,71.57666666666667,846.1553846153846,0.018154099583625793
rho_h,T0,71.57666666666667,871.7961538461539,0.01804869994521141
rho_h,T0,71.57666666666667,897.436923076923,0.015328566543757915
rho_h,T0,71.57666666666667,923.0776923076922,0.015118908137083054
rho_h,T0,71.57666666666667,948.7184615384615,0.015008239075541496
rho_h,T0,71.57666666666667,974.3592307692307,0.015004861168563366
rho_h,T0,74.23615384615385,25.65076923076923,0.03188645839691162
rho_h,T0,74.23615384615385,51.29153846153846,0.031233038753271103
rho_h,T0,74.23615384615385,76.9323076923077,0.03117957152426243
rho_h,T0,74.23615384615385,102.57307692307693,0.029334232211112976
rho_h,T0,74.23615384615385,128.21384615384613,0.02930319681763649
rho_h,T0,74.23615384615385,153.85461538461539,0.02910430356860161
rho_h,T0,74.23615384615385,179.4953846153846,0.028549514710903168
rho_h,T0,74.23615384615385,205.13615384615383,0.028479672968387604
rho_h,T0,74.23615384615385,230.77692307692305,0.02839774265885353
rho_h,T0,74.23615384615385,256.4176923076923,0.028282620012760162
rho_h,T0,74.23615384615385,282.05846153846153,0.028227947652339935
rho_h,T0,74.23615384615385,307.6992307692308,0.027187002822756767
rho_h,T0,74.23615384615385,333.34,0.026718057692050934
rho_h,T0,74.23615384615385,358.9807692307692,0.026637475937604904
rho_h,T0,74.23615384615385,384.6215384615384,0.024600524455308914
rho_h,T0,74.23615384615385,410.2623076923077,0.024487953633069992
rho_h,T0,74.23615384615385,435.9030769230769,0.023872390389442444
rho_h,T0,74.23615384615385,461.5438461538461,0.023806462064385414
rho_h,T0,74.23615384615385,487.18461538461537,0.023753266781568527
rho_h,T0,74.23615384615385,512.8253846153846,0.023549772799015045
rho_h,T0,74.23615384615385,538.4661538461538,0.023534145206212997
rho_h,T0,74.23615384615385,564.1069230769231,0.02297830954194069
rho_h,T0,74.23615384615385,589.7476923076923,0.022904209792613983
rho_h,T0,74.23615384615385,615.3884615384616,0.022784866392612457
rho_h,T0,74.23615384615385,641.0292307692307,0.020948385819792747
rho_h,T0,74.23615384615385,666.67,0.02082769200205803
rho_h,T0,74.23615384615385,692.3107692307692,0.019522972404956818
rho_h,T0,74.23615384615385,717.9515384615385,0.019387265667319298
rho_h,T0,74.23615384615385,743.5923076923077,0.01934231072664261
rho_h,T0,74.23615384615385,769.2330769230769,0.019269321113824844
rho_h,T0,74.23615384615385,794.8738461538461,0.019153863191604614
rho_h,T0,74.23615384615385,820.5146153846154,0.01857610233128071
rho_h,T0,74.23615384615385,846.1553846153846,0.018212176859378815
rho_h,T0,74.23615384615385,871.7961538461539,0.018162991851568222
rho_h,T0,74.23615384615385,897.436923076923,0.018050171434879303
rho_h,T0,74.23615384615385,923.0776923076922,0.015375234186649323
rho_h,T0,74.23615384615385,948.7184615384615,0.015182685106992722
rho_h,T0,74.23615384615385,974.3592307692307,0.015030356124043465
rho_h,T0,76.89564102564103,25.65076923076923,0.031886421144008636
rho_h,T0,76.89564102564103,51.29153846153846,0.0312330424785614
rho_h,T0,76.89564102564103,76.9323076923077,0.031209859997034073
rho_h,T0,76.89564102564103,102.57307692307693,0.029334425926208496
rho_h,T0,76.89564102564103,128.21384615384613,0.029303275048732758
rho_h,T0,76.89564102564103,153.85461538461539,0.029104236513376236
rho_h,T0,76.89564102564103,179.4953846153846,0.02856994979083538
rho_h,T0,76.89564102564103,205.13615384615383,0.028483176603913307
rho_h,T0,76.89564102564103,230.77692307692305,0.028452783823013306
rho_h,T0,76.89564102564103,256.4176923076923,0.028285283595323563
rho_h,T0,76.89564102564103,282.05846153846153,0.028249982744455338
rho_h,T0,76.89564102564103,307.6992307692308,0.0277516208589077
rho_h,T0,76.89564102564103,333.34,0.027117373421788216
rho_h,T0,76.89564102564103,358.9807692307692,0.02664639614522457
rho_h,T0,76.89564102564103,384.6215384615384,0.024628562852740288
rho_h,T0,76.89564102564103,410.2623076923077,0.024600602686405182
rho_h,T0,76.89564102564103,435.9030769230769,0.023877684026956558
rho_h,T0,76.89564102564103,461.5438461538461,0.023852776736021042
rho_h,T0,76.89564102564103,487.18461538461537,0.02378254011273384
rho_h,T0,76.89564102564103,512.8253846153846,0.023752450942993164
rho_h,T0,76.89564102564103,538.4661538461538,0.023540958762168884
rho_h,T0,76.89564102564103,564.1069230769231,0.023511311039328575
rho_h,T0,76.89564102564103,589.7476923076923,0.022976618260145187
rho_h,T0,76.89564102564103,615.3884615384616,0.02289201319217682
rho_h,T0,76.89564102564103,641.0292307692307,0.022784825414419174
rho_h,T0,76.89564102564103,666.67,0.020895209163427353
rho_h,T0,76.89564102564103,692.3107692307692,0.02082764357328415
rho_h,T0,76.89564102564103,717.9515384615385,0.01952299103140831
rho_h,T0,76.89564102564103,743.5923076923077,0.019387267529964447
rho_h,T0,76.89564102564103,769.2330769230769,0.019342320039868355
rho_h,T0,76.89564102564103,794.8738461538461,0.019269421696662903
rho_h,T0,76.89564102564103,820.5146153846154,0.019154444336891174
rho_h,T0,76.89564102564103,846.1553846153846,0.01857665926218033
rho_h,T0,76.89564102564103,871.7961538461539,0.018232934176921844
rho_h,T0,76.89564102564103,897.436923076923,0.01816527545452118
rho_h,T0,76.89564102564103,923.0776923076922,0.01805073395371437
rho_h,T0,76.89564102564103,948.7184615384615,0.016152897849678993
rho_h,T0,76.89564102564103,974.3592307692307,0.015293160453438759
rho_h,T0,79.5551282051282,25.65076923076923,0.03188641741871834
rho_h,T0,79.5551282051282,51.29153846153846,0.031359829008579254
rho_h,T0,79.5551282051282,76.9323076923077,0.03120986372232437
rho_h,T0,79.5551282051282,102.57307692307693,0.03116193227469921
rho_h,T0,79.5551282051282,128.21384615384613,0.029305297881364822
rho_h,T0,79.5551282051282,153.85461538461539,0.029120128601789474
rho_h,T0,79.5551282051282,179.4953846153846,0.029090961441397667
rho_h,T0,79.5551282051282,205.13615384615383,0.02848418429493904
rho_h,T0,79.5551282051282,230.77692307692305,0.028455954045057297
rho_h,T0,79.5551282051282,256.4176923076923,0.028304222971200943
rho_h,T0,79.5551282051282,282.05846153846153,0.028282530605793
rho_h,T0,79.5551282051282,307.6992307692308,0.028226172551512718
rho_h,T0,79.5551282051282,333.34,0.027168897911906242
rho_h,T0,79.5551282051282,358.9807692307692,0.02671806514263153
rho_h,T0,79.5551282051282,384.6215384615384,0.026637479662895203
rho_h,T0,79.5551282051282,410.2623076923077,0.024600869044661522
rho_h,T0,79.5551282051282,435.9030769230769,0.024556981399655342
rho_h,T0,79.5551282051282,461.5438461538461,0.023872362449765205
rho_h,T0,79.5551282051282,487.18461538461537,0.023806145414710045
rho_h,T0,79.5551282051282,512.8253846153846,0.02376028522849083
rho_h,T0,79.5551282051282,538.4661538461538,0.02365694008767605
rho_h,T0,79.5551282051282,564.1069230769231,0.023540958762168884
rho_h,T0,79.5551282051282,589.7476923076923,0.022978298366069794
rho_h,T0,79.5551282051282,615.3884615384616,0.02297632396221161
rho_h,T0,79.5551282051282,641.0292307692307,0.022892683744430542
rho_h,T0,79.5551282051282,666.67,0.02278316579759121
rho_h,T0,79.5551282051282,692.3107692307692,0.020895201712846756
rho_h,T0,79.5551282051282,717.9515384615385,0.0208276454359293
rho_h,T0,79.5551282051282,743.5923076923077,0.019522327929735184
rho_h,T0,79.5551282051282,769.2330769230769,0.01938725635409355
rho_h,T0,79.5551282051282,794.8738461538461,0.019342321902513504
rho_h,T0,79.5551282051282,820.5146153846154,0.019314836710691452
rho_h,T0,79.5551282051282,846.1553846153846,0.019154544919729233
rho_h,T0,79.5551282051282,871.7961538461539,0.018579866737127304
rho_h,T0,79.5551282051282,897.436923076923,0.0182330459356308
rho_h,T0,79.5551282051282,923.0776923076922,0.018165932968258858
rho_h,T0,79.5551282051282,948.7184615384615,0.01805296540260315
rho_h,T0,79.5551282051282,974.3592307692307,0.01615292578935623
rho_h,T0,82.21461538461539,25.65076923076923,0.03188640624284744
rho_h,T0,82.21461538461539,51.29153846153846,0.03135980665683746
rho_h,T0,82.21461538461539,76.9323076923077,0.031231079250574112
rho_h,T0,82.21461538461539,102.57307692307693,0.031161876395344734
rho_h,T0,82.21461538461539,128.21384615384613,0.02930765226483345
rho_h,T0,82.21461538461539,153.85461538461539,0.029237357899546623
rho_h,T0,82.21461538461539,179.4953846153846,0.02910374477505684
rho_h,T0,82.21461538461539,205.13615384615383,0.028549514710903168
rho_h,T0,82.21461538461539,230.77692307692305,0.028457410633563995
rho_h,T0,82.21461538461539,256.4176923076923,0.028397750109434128
rho_h,T0,82.21461538461539,282.05846153846153,0.028285987675189972
rho_h,T0,82.21461538461539,307.6992307692308,0.02822798863053322
rho_h,T0,82.21461538461539,333.34,0.027749547734856606
rho_h,T0,82.21461538461539,358.9807692307692,0.026805143803358078
rho_h,T0,82.21461538461539,384.6215384615384,0.026646368205547333
rho_h,T0,82.21461538461539,410.2623076923077,0.024628551676869392
rho_h,T0,82.21461538461539,435.9030769230769,0.024600597098469734
rho_h,T0,82.21461538461539,461.5438461538461,0.024488059803843498
rho_h,T0,82.21461538461539,487.18461538461537,0.023871945217251778
rho_h,T0,82.21461538461539,512.8253846153846,0.023806430399417877
rho_h,T0,82.21461538461539,538.4661538461538,0.02375326305627823
rho_h,T0,82.21461538461539,564.1069230769231,0.02365039847791195
rho_h,T0,82.21461538461539,589.7476923076923,0.02353750169277191
rho_h,T0,82.21461538461539,615.3884615384616,0.02297818288207054
rho_h,T0,82.21461538461539,641.0292307692307,0.0229586623609066
rho_h,T0,82.21461538461539,666.67,0.022892670705914497
rho_h,T0,82.21461538461539,692.3107692307692,0.02278314158320427
rho_h,T0,82.21461538461539,717.9515384615385,0.020839855074882507
rho_h,T0,82.21461538461539,743.5923076923077,0.020305529236793518
rho_h,T0,82.21461538461539,769.2330769230769,0.01952231489121914
rho_h,T0,82.21461538461539,794.8738461538461,0.019387252628803253
rho_h,T0,82.21461538461539,820.5146153846154,0.01934323087334633
rho_h,T0,82.21461538461539,846.1553846153846,0.019314846023917198
rho_h,T0,82.21461538461539,871.7961538461539,0.01924937218427658
rho_h,T0,82.21461538461539,897.436923076923,0.01860230416059494
rho_h,T0,82.21461538461539,923.0776923076922,0.01823355257511139
rho_h,T0,82.21461538461539,948.7184615384615,0.018165912479162216
rho_h,T0,82.21461538461539,974.3592307692307,0.01815398968756199
rho_h,T0,84.87410256410257,25.65076923076923,0.031886398792266846
rho_h,T0,84.87410256410257,51.29153846153846,0.03135986626148224
rho_h,T0,84.87410256410257,76.9323076923077,0.0312311053276062
rho_h,T0,84.87410256410257,102.57307692307693,0.031171850860118866
rho_h,T0,84.87410256410257,128.21384615384613,0.029308129101991653
rho_h,T0,84.87410256410257,153.85461538461539,0.029302585870027542
rho_h,T0,84.87410256410257,179.4953846153846,0.029103856533765793
rho_h,T0,84.87410256410257,205.13615384615383,0.02854950539767742
rho_h,T0,84.87410256410257,230.77692307692305,0.02847965434193611
rho_h,T0,84.87410256410257,256.4176923076923,0.028452202677726746
rho_h,T0,84.87410256410257,282.05846153846153,0.028285346925258636
rho_h,T0,84.87410256410257,307.6992307692308,0.02824988216161728
rho_h,T0,84.87410256410257,333.34,0.028226010501384735
rho_h,T0,84.87410256410257,358.9807692307692,0.027165740728378296
rho_h,T0,84.87410256410257,384.6215384615384,0.026718109846115112
rho_h,T0,84.87410256410257,410.2623076923077,0.026637490838766098
rho_h,T0,84.87410256410257,435.9030769230769,0.024600915610790253
rho_h,T0,84.87410256410257,461.5438461538461,0.02459440380334854
rho_h,T0,84.87410256410257,487.18461538461537,0.02387276291847229
rho_h,T0,84.87410256410257,512.8253846153846,0.02384359762072563
rho_h,T0,84.87410256410257,538.4661538461538,0.02378249354660511
rho_h,T0,84.87410256410257,564.1069230769231,0.023752430453896523
rho_h,T0,84.87410256410257,589.7476923076923,0.023549629375338554
rho_h,T0,84.87410256410257,615.3884615384616,0.023534148931503296
rho_h,T0,84.87410256410257,641.0292307692307,0.02297816425561905
rho_h,T0,84.87410256410257,666.67,0.02295864000916481
rho_h,T0,84.87410256410257,692.3107692307692,0.022811513394117355
rho_h,T0,84.87410256410257,717.9515384615385,0.022771796211600304
rho_h,T0,84.87410256410257,743.5923076923077,0.020839551463723183
rho_h,T0,84.87410256410257,769.2330769230769,0.020269330590963364
rho_h,T0,84.87410256410257,794.8738461538461,0.01952224224805832
rho_h,T0,84.87410256410257,820.5146153846154,0.019387248903512955
rho_h,T0,84.87410256410257,846.1553846153846,0.019343219697475433
rho_h,T0,84.87410256410257,871.7961538461539,0.01931491680443287
rho_h,T0,84.87410256410257,897.436923076923,0.019250961020588875
rho_h,T0,84.87410256410257,923.0776923076922,0.01860235445201397
rho_h,T0,84.87410256410257,948.7184615384615,0.018266038969159126
rho_h,T0,84.87410256410257,974.3592307692307,0.0182111244648695
rho_h,T0,87.53358974358974,25.65076923076923,0.031886376440525055
rho_h,T0,87.53358974358974,51.29153846153846,0.03137614578008652
rho_h,T0,87.53358974358974,76.9323076923077,0.031230900436639786
rho_h,T0,87.53358974358974,102.57307692307693,0.03117484226822853
rho_h,T0,87.53358974358974,128.21384615384613,0.029325449839234352
rho_h,T0,87.53358974358974,153.85461538461539,0.02930273488163948
rho_h,T0,87.53358974358974,179.4953846153846,0.02910420671105385
rho_h,T0,87.53358974358974,205.13615384615383,0.028569944202899933
rho_h,T0,87.53358974358974,230.77692307692305,0.028483308851718903
rho_h,T0,87.53358974358974,256.4176923076923,0.028452660888433456
rho_h,T0,87.53358974358974,282.05846153846153,0.02830422669649124
rho_h,T0,87.53358974358974,307.6992307692308,0.028282562270760536
rho_h,T0,87.53358974358974,333.34,0.028227945789694786
rho_h,T0,87.53358974358974,358.9807692307692,0.027749542146921158
rho_h,T0,87.53358974358974,384.6215384615384,0.02671826258301735
rho_h,T0,87.53358974358974,410.2623076923077,0.026637952774763107
rho_h,T0,87.53358974358974,435.9030769230769,0.0246286503970623
rho_h,T0,87.53358974358974,461.5438461538461,0.02460114285349846
rho_h,T0,87.53358974358974,487.18461538461537,0.02448802813887596
rho_h,T0,87.53358974358974,512.8253846153846,0.023872368037700653
rho_h,T0,87.53358974358974,538.4661538461538,0.023806067183613777
rho_h,T0,87.53358974358974,564.1069230769231,0.023760290816426277
rho_h,T0,87.53358974358974,589.7476923076923,0.023656949400901794
rho_h,T0,87.53358974358974,615.3884615384616,0.023540977388620377
rho_h,T0,87.53358974358974,641.0292307692307,0.023511292412877083
rho_h,T0,87.53358974358974,666.67,0.022976625710725784
rho_h,T0,87.53358974358974,692.3107692307692,0.022950224578380585
rho_h,T0,87.53358974358974,717.9515384615385,0.022811435163021088
rho_h,T0,87.53358974358974,743.5923076923077,0.0227719247341156
rho_h,T0,87.53358974358974,769.2330769230769,0.020839499309659004
rho_h,T0,87.53358974358974,794.8738461538461,0.020269116386771202
rho_h,T0,87.53358974358974,820.5146153846154,0.0194319449365139
rho_h,T0,87.53358974358974,846.1553846153846,0.019387252628803253
rho_h,T0,87.53358974358974,871.7961538461539,0.019343238323926926
rho_h,T0,87.53358974358974,897.436923076923,0.019314946606755257
rho_h,T0,87.53358974358974,923.0776923076922,0.019250977784395218
rho_h,T0,87.53358974358974,948.7184615384615,0.01861124485731125
rho_h,T0,87.53358974358974,974.3592307692307,0.0182744562625885
rho_h,T0,90.19307692307692,25.65076923076923,0.03188636898994446
rho_h,T0,90.19307692307692,51.29153846153846,0.03185032308101654
rho_h,T0,90.19307692307692,76.9323076923077,0.03123302385210991
rho_h,T0,90.19307692307692,102.57307692307693,0.031179122626781464
rho_h,T0,90.19307692307692,128.21384615384613,0.02933419495820999
rho_h,T0,90.19307692307692,153.85461538461539,0.029303234070539474
rho_h,T0,90.19307692307692,179.4953846153846,0.029104242101311684
rho_h,T0,90.19307692307692,205.13615384615383,0.028602097183465958
rho_h,T0,90.19307692307692,230.77692307692305,0.02855057641863823
rho_h,T0,90.19307692307692,256.4176923076923,0.02845732495188713
rho_h,T0,90.19307692307692,282.05846153846153,0.028397396206855774
rho_h,T0,90.19307692307692,307.6992307692308,0.02828512340784073
rho_h,T0,90.19307692307692,333.34,0.0282281506806612
rho_h,T0,90.19307692307692,358.9807692307692,0.027756713330745697
rho_h,T0,90.19307692307692,384.6215384615384,0.02716519497334957
rho_h,T0,90.19307692307692,410.2623076923077,0.026718005537986755
rho_h,T0,90.19307692307692,435.9030769230769,0.026637479662895203
rho_h,T0,90.19307692307692,461.5438461538461,0.024600977078080177
rho_h,T0,90.19307692307692,487.18461538461537,0.024594388902187347
rho_h,T0,90.19307692307692,512.8253846153846,0.023877538740634918
rho_h,T0,90.19307692307692,538.4661538461538,0.023871898651123047
rho_h,T0,90.19307692307692,564.1069230769231,0.023806355893611908
rho_h,T0,90.19307692307692,589.7476923076923,0.02375321090221405
rho_h,T0,90.19307692307692,615.3884615384616,0.023652182891964912
rho_h,T0,90.19307692307692,641.0292307692307,0.023537974804639816
rho_h,T0,90.19307692307692,666.67,0.023012513294816017
rho_h,T0,90.19307692307692,692.3107692307692,0.022976595908403397
rho_h,T0,90.19307692307692,717.9515384615385,0.022895880043506622
rho_h,T0,90.19307692307692,743.5923076923077,0.02278532087802887
rho_h,T0,90.19307692307692,769.2330769230769,0.022771894931793213
rho_h,T0,90.19307692307692,794.8738461538461,0.020839471369981766
rho_h,T0,90.19307692307692,820.5146153846154,0.020267285406589508
rho_h,T0,90.19307692307692,846.1553846153846,0.019431937485933304
rho_h,T0,90.19307692307692,871.7961538461539,0.019387248903512955
rho_h,T0,90.19307692307692,897.436923076923,0.019343232735991478
rho_h,T0,90.19307692307692,923.0776923076922,0.01931498572230339
rho_h,T0,90.19307692307692,948.7184615384615,0.019250959157943726
rho_h,T0,90.19307692307692,974.3592307692307,0.01861155778169632
rho_h,T0,92.8525641025641,25.65076923076923,0.031886350363492966
rho_h,T0,92.8525641025641,51.29153846153846,0.031850896775722504
rho_h,T0,92.8525641025641,76.9323076923077,0.03123297542333603
rho_h,T0,92.8525641025641,102.57307692307693,0.031179144978523254
rho_h,T0,92.8525641025641,128.21384615384613,0.02933422476053238
rho_h,T0,92.8525641025641,153.85461538461539,0.02930324524641037
rho_h,T0,92.8525641025641,179.4953846153846,0.02912065200507641
rho_h,T0,92.8525641025641,205.13615384615383,0.029093895107507706
rho_h,T0,92.8525641025641,230.77692307692305,0.028549520298838615
rho_h,T0,92.8525641025641,256.4176923076923,0.02847966179251671
rho_h,T0,92.8525641025641,282.05846153846153,0.028452208265662193
rho_h,T0,92.8525641025641,307.6992307692308,0.02828536182641983
rho_h,T0,92.8525641025641,333.34,0.02825072780251503
rho_h,T0,92.8525641025641,358.9807692307692,0.02822616882622242
rho_h,T0,92.8525641025641,384.6215384615384,0.027725825086236
rho_h,T0,92.8525641025641,410.2623076923077,0.026718154549598694
rho_h,T0,92.8525641025641,435.9030769230769,0.02663796953856945
rho_h,T0,92.8525641025641,461.5438461538461,0.02462862618267536
rho_h,T0,92.8525641025641,487.18461538461537,0.02460041642189026
rho_h,T0,92.8525641025641,512.8253846153846,0.02448793314397335
rho_h,T0,92.8525641025641,538.4661538461538,0.02387234941124916
rho_h,T0,92.8525641025641,564.1069230769231,0.02384350821375847
rho_h,T0,92.8525641025641,589.7476923076923,0.023782499134540558
rho_h,T0,92.8525641025641,615.3884615384616,0.02375316619873047
rho_h,T0,92.8525641025641,641.0292307692307,0.02354975789785385
rho_h,T0,92.8525641025641,666.67,0.02353750728070736
rho_h,T0,92.8525641025641,692.3107692307692,0.022978199645876884
rho_h,T0,92.8525641025641,717.9515384615385,0.022976327687501907
rho_h,T0,92.8525641025641,743.5923076923077,0.022891942411661148
rho_h,T0,92.8525641025641,769.2330769230769,0.022784948348999023
rho_h,T0,92.8525641025641,794.8738461538461,0.022771205753087997
rho_h,T0,92.8525641025641,820.5146153846154,0.02083941549062729
rho_h,T0,92.8525641025641,846.1553846153846,0.020244231447577477
rho_h,T0,92.8525641025641,871.7961538461539,0.019431937485933304
rho_h,T0,92.8525641025641,897.436923076923,0.019387247040867805
rho_h,T0,92.8525641025641,923.0776923076922,0.01934322714805603
rho_h,T0,92.8525641025641,948.7184615384615,0.019318001344799995
rho_h,T0,92.8525641025641,974.3592307692307,0.01925097405910492
rho_h,T0,95.51205128205129,25.65076923076923,0.03189573436975479
rho_h,T0,95.51205128205129,51.29153846153846,0.031851232051849365
rho_h,T0,95.51205128205129,76.9323076923077,0.031232979148626328
rho_h,T0,95.51205128205129,102.57307692307693,0.031179141253232956
rho_h,T0,95.51205128205129,128.21384615384613,0.029334373772144318
rho_h,T0,95.51205128205129,153.85461538461539,0.029305290430784225
rho_h,T0,95.51205128205129,179.4953846153846,0.029237352311611176
rho_h,T0,95.51205128205129,205.13615384615383,0.029103703796863556
rho_h,T0,95.51205128205129,230.77692307692305,0.028549494221806526
rho_h,T0,95.51205128205129,256.4176923076923,0.02848314866423607
rho_h,T0,95.51205128205129,282.05846153846153,0.0284526739269495
rho_h,T0,95.51205128205129,307.6992307692308,0.028304221108555794
rho_h,T0,95.51205128205129,333.34,0.028282703831791878
rho_h,T0,95.51205128205129,358.9807692307692,0.028227973729372025
rho_h,T0,95.51205128205129,384.6215384615384,0.027751635760068893
rho_h,T0,95.51205128205129,410.2623076923077,0.027117375284433365
rho_h,T0,95.51205128205129,435.9030769230769,0.026718001812696457
rho_h,T0,95.51205128205129,461.5438461538461,0.026637474074959755
rho_h,T0,95.51205128205129,487.18461538461537,0.024600965902209282
rho_h,T0,95.51205128205129,512.8253846153846,0.02459895983338356
rho_h,T0,95.51205128205129,538.4661538461538,0.024403341114521027
rho_h,T0,95.51205128205129,564.1069230769231,0.023872308433055878
rho_h,T0,95.51205128205129,589.7476923076923,0.023806001991033554
rho_h,T0,95.51205128205129,615.3884615384616,0.023760277777910233
rho_h,T0,95.51205128205129,641.0292307692307,0.023657282814383507
rho_h,T0,95.51205128205129,666.67,0.02354954369366169
rho_h,T0,95.51205128205129,692.3107692307692,0.023534150794148445
rho_h,T0,95.51205128205129,717.9515384615385,0.02297813817858696
rho_h,T0,95.51205128205129,743.5923076923077,0.022958718240261078
rho_h,T0,95.51205128205129,769.2330769230769,0.02289268560707569
rho_h,T0,95.51205128205129,794.8738461538461,0.022784842178225517
rho_h,T0,95.51205128205129,820.5146153846154,0.020948240533471107
rho_h,T0,95.51205128205129,846.1553846153846,0.020839396864175797
rho_h,T0,95.51205128205129,871.7961538461539,0.020193450152873993
rho_h,T0,95.51205128205129,897.436923076923,0.01943192072212696
rho_h,T0,95.51205128205129,923.0776923076922,0.019387247040867805
rho_h,T0,95.51205128205129,948.7184615384615,0.019376587122678757
rho_h,T0,95.51205128205129,974.3592307692307,0.01931809075176716
rho_h,T0,98.17153846153846,25.65076923076923,0.031895723193883896
rho_h,T0,98.17153846153846,51.29153846153846,0.03185123950242996
rho_h,T0,98.17153846153846,76.9323076923077,0.0312330462038517
rho_h,T0,98.17153846153846,102.57307692307693,0.031179172918200493
rho_h,T0,98.17153846153846,128.21384615384613,0.031161852180957794
rho_h,T0,98.17153846153846,153.85461538461539,0.0293075330555439
rho_h,T0,98.17153846153846,179.4953846153846,0.029302546754479408
rho_h,T0,98.17153846153846,205.13615384615383,0.02910393476486206
rho_h,T0,98.17153846153846,230.77692307692305,0.028570005670189857
rho_h,T0,98.17153846153846,256.4176923076923,0.028483200818300247
rho_h,T0,98.17153846153846,282.05846153846153,0.028456132858991623
rho_h,T0,98.17153846153846,307.6992307692308,0.02839740365743637
rho_h,T0,98.17153846153846,333.34,0.028285138309001923
rho_h,T0,98.17153846153846,358.9807692307692,0.028249794617295265
rho_h,T0,98.17153846153846,384.6215384615384,0.028226014226675034
rho_h,T0,98.17153846153846,410.2623076923077,0.027168888598680496
rho_h,T0,98.17153846153846,435.9030769230769,0.026718171313405037
rho_h,T0,98.17153846153846,461.5438461538461,0.02663765847682953
rho_h,T0,98.17153846153846,487.18461538461537,0.02462862618267536
rho_h,T0,98.17153846153846,512.8253846153846,0.024600505828857422
rho_h,T0,98.17153846153846,538.4661538461538,0.024556955322623253
rho_h,T0,98.17153846153846,564.1069230769231,0.023872777819633484
rho_h,T0,98.17153846153846,589.7476923076923,0.023852795362472534
rho_h,T0,98.17153846153846,615.3884615384616,0.023806359618902206
rho_h,T0,98.17153846153846,641.0292307692307,0.023753320798277855
rho_h,T0,98.17153846153846,666.67,0.02365693636238575
rho_h,T0,98.17153846153846,692.3107692307692,0.02354096621274948
rho_h,T0,98.17153846153846,717.9515384615385,0.02351250872015953
rho_h,T0,98.17153846153846,743.5923076923077,0.022978290915489197
rho_h,T0,98.17153846153846,769.2330769230769,0.022958628833293915
rho_h,T0,98.17153846153846,794.8738461538461,0.022892683744430542
rho_h,T0,98.17153846153846,820.5146153846154,0.022783227264881134
rho_h,T0,98.17153846153846,846.1553846153846,0.02094837836921215
rho_h,T0,98.17153846153846,871.7961538461539,0.02083927020430565
rho_h,T0,98.17153846153846,897.436923076923,0.020193446427583694
rho_h,T0,98.17153846153846,923.0776923076922,0.019431916996836662
rho_h,T0,98.17153846153846,948.7184615384615,0.019387252628803253
rho_h,T0,98.17153846153846,974.3592307692307,0.019376568496227264
rho_h,T0,100.83102564102563,25.65076923076923,0.03189580887556076
rho_h,T0,100.83102564102563,51.29153846153846,0.031882695853710175
rho_h,T0,100.83102564102563,76.9323076923077,0.031233036890625954
rho_h,T0,100.83102564102563,102.57307692307693,0.0312097929418087
rho_h,T0,100.83102564102563,128.21384615384613,0.031161896884441376
rho_h,T0,100.83102564102563,153.85461538461539,0.02930806577205658
rho_h,T0,100.83102564102563,179.4953846153846,0.029302597045898438
rho_h,T0,100.83102564102563,205.13615384615383,0.0291042048484087
rho_h,T0,100.83102564102563,230.77692307692305,0.028602149337530136
rho_h,T0,100.83102564102563,256.4176923076923,0.028550636023283005
rho_h,T0,100.83102564102563,282.05846153846153,0.028457418084144592
rho_h,T0,100.83102564102563,307.6992307692308,0.028452225029468536
rho_h,T0,100.83102564102563,333.34,0.028285343199968338
rho_h,T0,100.83102564102563,358.9807692307692,0.02828243561089039
rho_h,T0,100.83102564102563,384.6215384615384,0.02822793275117874
rho_h,T0,100.83102564102563,410.2623076923077,0.02774956449866295
rho_h,T0,100.83102564102563,435.9030769230769,0.02711736410856247
rho_h,T0,100.83102564102563,461.5438461538461,0.026717983186244965
rho_h,T0,100.83102564102563,487.18461538461537,0.026637470349669456
rho_h,T0,100.83102564102563,512.8253846153846,0.024600964039564133
rho_h,T0,100.83102564102563,538.4661538461538,0.024600572884082794
rho_h,T0,100.83102564102563,564.1069230769231,0.024488046765327454
rho_h,T0,100.83102564102563,589.7476923076923,0.02387237176299095
rho_h,T0,100.83102564102563,615.3884615384616,0.02384122833609581
rho_h,T0,100.83102564102563,641.0292307692307,0.023782452568411827
rho_h,T0,100.83102564102563,666.67,0.023753196001052856
rho_h,T0,100.83102564102563,692.3107692307692,0.023650342598557472
rho_h,T0,100.83102564102563,717.9515384615385,0.023538827896118164
rho_h,T0,100.83102564102563,743.5923076923077,0.023012537509202957
rho_h,T0,100.83102564102563,769.2330769230769,0.022976581007242203
rho_h,T0,100.83102564102563,794.8738461538461,0.02295841835439205
rho_h,T0,100.83102564102563,820.5146153846154,0.02281142771244049
rho_h,T0,100.83102564102563,846.1553846153846,0.022783150896430016
rho_h,T0,100.83102564102563,871.7961538461539,0.020948315039277077
rho_h,T0,100.83102564102563,897.436923076923,0.020839273929595947
rho_h,T0,100.83102564102563,923.0776923076922,0.02019336447119713
rho_h,T0,100.83102564102563,948.7184615384615,0.019431907683610916
rho_h,T0,100.83102564102563,974.3592307692307,0.01938725635409355
rho_h,T0,103.49051282051282,25.65076923076923,0.03189580887556076
rho_h,T0,103.49051282051282,51.29153846153846,0.031882770359516144
rho_h,T0,103.49051282051282,76.9323076923077,0.03123306855559349
rho_h,T0,103.49051282051282,102.57307692307693,0.031209861859679222
rho_h,T0,103.49051282051282,128.21384615384613,0.03116186335682869
rho_h,T0,103.49051282051282,153.85461538461539,0.02930811420083046
rho_h,T0,103.49051282051282,179.4953846153846,0.02930312417447567
rho_h,T0,103.49051282051282,205.13615384615383,0.029104312881827354
rho_h,T0,103.49051282051282,230.77692307692305,0.02909095585346222
rho_h,T0,103.49051282051282,256.4176923076923,0.02854951098561287
rho_h,T0,103.49051282051282,282.05846153846153,0.028479615226387978
rho_h,T0,103.49051282051282,307.6992307692308,0.028452588245272636
rho_h,T0,103.49051282051282,333.34,0.028304215520620346
rho_h,T0,103.49051282051282,358.9807692307692,0.028282592073082924
rho_h,T0,103.49051282051282,384.6215384615384,0.02822806127369404
rho_h,T0,103.49051282051282,410.2623076923077,0.027756724506616592
rho_h,T0,103.49051282051282,435.9030769230769,0.027165669947862625
rho_h,T0,103.49051282051282,461.5438461538461,0.026718152686953545
rho_h,T0,103.49051282051282,487.18461538461537,0.026637718081474304
rho_h,T0,103.49051282051282,512.8253846153846,0.024628644809126854
rho_h,T0,103.49051282051282,538.4661538461538,0.02460050955414772
rho_h,T0,103.49051282051282,564.1069230769231,0.02459433674812317
rho_h,T0,103.49051282051282,589.7476923076923,0.023877553641796112
rho_h,T0,103.49051282051282,615.3884615384616,0.023871874436736107
rho_h,T0,103.49051282051282,641.0292307692307,0.023806514218449593
rho_h,T0,103.49051282051282,666.67,0.02376028150320053
rho_h,T0,103.49051282051282,692.3107692307692,0.023704014718532562
rho_h,T0,103.49051282051282,717.9515384615385,0.023549694567918777
rho_h,T0,103.49051282051282,743.5923076923077,0.023537514731287956
rho_h,T0,103.49051282051282,769.2330769230769,0.02297828532755375
rho_h,T0,103.49051282051282,794.8738461538461,0.022976599633693695
rho_h,T0,103.49051282051282,820.5146153846154,0.022904738783836365
rho_h,T0,103.49051282051282,846.1553846153846,0.022811463102698326
rho_h,T0,103.49051282051282,871.7961538461539,0.02278311364352703
rho_h,T0,103.49051282051282,897.436923076923,0.02089519053697586
rho_h,T0,103.49051282051282,923.0776923076922,0.02083096280694008
rho_h,T0,103.49051282051282,948.7184615384615,0.020192783325910568
rho_h,T0,103.49051282051282,974.3592307692307,0.01943187601864338
