filename,target_npz,runtime,best_loss,optimizer,loss_name,budget,num_particles,max_iter,realized_budget,w,c1,c2,seed,optuna_trial,gt_loss,nmse,gt_available,mu,D_mu,T0_mu,E,rho,h,Ly,T0,op_x,op_y,gt_E,gt_rho,gt_h,gt_Ly,gt_T0,gt_op_x,gt_op_y
random_IR_0001.npz,random_IR_0001.npz,176.397,0.00109687,PSO+Optuna,L1_STFT,1000,44,21,968,0.20506520156428173,1.5661655661202813,1.5072666603242846,91047,33,1.403e-05,1.716e-05,True,49.98253098,13.78093418,12.21358482,159520473088.0,13698.52832031,0.00364875,2.69155216,610.46588135,0.82648313,0.72444463,131819184298.85242,12673.80384034,0.00386076,2.69155916,602.76734844,0.82648812,0.72441773
random_IR_0002.npz,random_IR_0002.npz,205.178,0.00661317,PSO+Optuna,L1_STFT,1000,44,21,968,0.15780088988347202,1.1493879228130788,1.2152071277675511,98999,18,2.066e-05,0.0053809,True,65.42492943,17.89498449,6.43226766,219999993856.0,16724.0625,0.00391202,3.68607759,420.83065796,0.78830802,0.96352792,147920922722.1944,17314.43071595,0.00485465,3.6861417,383.44768441,0.78834183,0.96354235
random_IR_0003.npz,random_IR_0003.npz,261.894,0.68352252,PSO+Optuna,L1_STFT,1000,50,19,1000,0.3472112189657439,2.4311370204856946,1.4587779686902622,41708,26,4.55e-05,0.00282586,True,17.7795241,1.64114547,39.2712526,189601153024.0,14806.77734375,0.00120077,1.30562639,698.22418213,0.90465844,0.98902637,186057982895.32712,18083.2530963,0.00134852,1.30600457,20.22819526,0.93630595,0.98952299
random_IR_0004.npz,random_IR_0004.npz,171.065,0.27632079,PSO+Optuna,L1_STFT,1000,55,17,990,0.6361964616468548,2.532586986693953,0.550905481397223,43742,16,2.43e-05,0.00049345,True,17.1367111,25.63389331,47.1807183,116124483584.0,4908.36914062,0.00349132,3.42151213,808.52233887,0.5680452,0.97811854,164907916263.11115,4653.55920634,0.00284592,3.41755984,780.53137099,0.58024311,0.97288777
random_IR_0005.npz,random_IR_0005.npz,255.877,0.02083859,PSO+Optuna,L1_STFT,1000,41,23,984,0.3033038092995795,1.7985244508827631,1.0653136002990424,69397,12,8.55e-06,0.01382988,True,15.28349478,5.05394859,7.33556688,196464738304.0,9310.69726562,0.0016415,2.61346102,112.11309814,0.78805959,0.51911926,136791000829.13193,16985.59336136,0.00265865,2.61336013,264.56296655,0.78853263,0.519207
random_IR_0006.npz,random_IR_0006.npz,209.235,0.02074283,PSO+Optuna,L1_STFT,1000,35,27,980,0.45002925762738444,1.2653496482521511,1.3375727298747224,17062,35,1.207e-05,0.01427276,True,39.21585349,8.97870347,6.51718599,100479238144.0,11522.44140625,0.00340343,2.8913722,255.57701111,0.68632829,0.7241767,171318505762.83295,20172.46387607,0.00344838,2.89114294,616.93782753,0.68615887,0.72414566
random_IR_0007.npz,random_IR_0007.npz,478.944,0.03594106,PSO+Optuna,L1_STFT,1000,46,20,966,0.5377933188451793,1.3524838033138664,0.8155443414789484,12004,20,1.17e-05,0.00061087,True,24.93297298,0.90059915,36.14731671,127874236416.0,19870.81640625,0.00125475,3.1204381,901.2600708,0.57438183,0.66431844,99188531844.29764,15037.99194882,0.0012409,3.12313047,666.77004778,0.57317389,0.66455989
random_IR_0008.npz,random_IR_0008.npz,265.1,0.0203055,PSO+Optuna,L1_STFT,1000,59,15,944,0.2136473809161876,2.4928929917076204,1.1147861561401373,97518,22,6.83e-06,0.02800157,True,26.42500918,3.76253193,6.30712313,164559323136.0,13949.97265625,0.00189427,2.15484595,166.66578674,0.61529458,0.58849609,82612856044.4483,21011.42815551,0.00328079,2.15476124,438.60712745,0.61234961,0.58904166
random_IR_0009.npz,random_IR_0009.npz,314.419,0.00866782,PSO+Optuna,L1_STFT,1000,54,17,972,0.1901669797763174,1.6396229758362157,1.662588914452884,39688,33,1.049e-05,0.00039616,True,9.08714448,4.68478808,33.32495763,171309268992.0,6450.56494141,0.00140874,2.99410343,302.82870483,0.5639925,0.83180928,91322346297.76453,7025.20112963,0.00201317,2.99401414,466.31610975,0.56408382,0.8316015
random_IR_0010.npz,random_IR_0010.npz,253.519,0.05097282,PSO+Optuna,L1_STFT,1000,54,17,972,0.20992812960959234,0.9114028092313842,2.185136441988686,46403,22,1.332e-05,0.00580722,True,12.55342833,1.30389163,11.49760301,184143462400.0,12553.42773438,0.001,1.50226235,144.33433533,0.91933954,0.55681181,81856495196.33838,17864.67272114,0.00178633,1.50073056,368.73148341,0.920593,0.55708822
random_IR_0011.npz,random_IR_0011.npz,228.762,0.08867133,PSO+Optuna,L1_STFT,1000,50,19,1000,0.46631763284064076,1.7403079895050033,1.486449761779554,47575,8,1.169e-05,0.00069234,True,45.92631674,9.57933246,15.5337787,133812191232.0,13784.05664062,0.00333184,3.92966604,713.40924072,0.5266158,0.64774919,180107327647.94016,13801.09577121,0.0028746,3.93173245,976.76132058,0.52920202,0.64857541
random_IR_0012.npz,random_IR_0012.npz,158.653,0.03104863,PSO+Optuna,L1_STFT,1000,48,19,960,0.22475226084356187,0.5629034161925177,1.002546792182402,26121,29,8.64e-06,0.00751882,True,40.37741366,6.57453602,10.22038843,164191862784.0,15353.36816406,0.00262987,1.44852543,412.67285156,0.5417828,0.84921539,130382238160.7445,8408.08377261,0.00218456,1.44857003,118.73653168,0.54143227,0.84931134
random_IR_0013.npz,random_IR_0013.npz,155.435,0.12206198,PSO+Optuna,L1_STFT,1000,41,23,984,0.4930622200435382,1.4010401068042377,1.4578039206868834,40417,32,3.309e-05,0.00022629,True,5.36852248,13.98234757,54.59544864,78314446848.0,2430.0,0.00220927,2.7427907,293.09689331,0.95945001,0.66487801,155119813820.09543,4196.08160226,0.00206156,2.74314422,523.25282099,0.96535514,0.66609879
random_IR_0014.npz,random_IR_0014.npz,305.318,0.03259048,PSO+Optuna,L1_STFT,1000,45,21,990,0.4116338584209943,0.7099851970183224,2.1681510112014357,51395,28,1.054e-05,3.032e-05,True,13.27454729,2.50765465,57.32993479,176174596096.0,10324.14648438,0.00128578,3.03508902,761.02893066,0.79649526,0.51914704,95028278387.08888,7870.83454741,0.00152719,3.0354901,716.33004085,0.79739134,0.5198527
random_IR_0015.npz,random_IR_0015.npz,246.982,0.51848638,PSO+Optuna,L1_STFT,1000,30,32,990,0.11102011536006581,1.8230716577425436,2.150581277558268,74516,11,4.301e-05,0.01501469,True,31.34115827,2.22042201,9.08942891,199761887232.0,19878.55859375,0.00157663,3.50223541,284.87322998,0.99276471,0.6307326,179484685384.75702,7506.14989601,0.00101878,3.50392608,677.81975863,0.98147239,0.63188904
random_IR_0016.npz,random_IR_0016.npz,133.421,0.01081086,PSO+Optuna,L1_STFT,1000,57,16,969,0.4243519446698631,0.762907680615789,1.2882241345730092,54490,28,1.542e-05,0.00208711,True,33.9146583,32.39814531,24.91465063,219999993856.0,8854.72265625,0.00383012,2.77085948,844.97186279,0.72840196,0.92440748,212770598762.0987,6623.93469364,0.00336817,2.77085627,572.25618327,0.72909144,0.92474025
random_IR_0017.npz,random_IR_0017.npz,258.03,0.01951606,PSO+Optuna,L1_STFT,1000,40,24,1000,0.10396254928585162,1.0242551547726182,1.8431680727076665,80505,26,1.814e-05,0.00065087,True,15.1792824,8.70764546,35.77186705,157123182592.0,7176.23242188,0.00211522,3.12841177,542.99127197,0.79471821,0.94237649,201808789158.0077,9884.30792792,0.00218975,3.1284899,813.79968172,0.79482371,0.94205033
random_IR_0018.npz,random_IR_0018.npz,222.197,0.0072867,PSO+Optuna,L1_STFT,1000,34,28,986,0.35850932861447027,0.7289010889908553,2.5073903761815934,19938,34,1.266e-05,0.00361094,True,64.33104041,10.96680776,6.16938657,219999993856.0,19469.00195312,0.00330428,3.10805321,396.88305664,0.71764493,0.80716276,165530500482.13452,20404.3723328,0.00390102,3.10834161,501.32936868,0.71768897,0.80713267
random_IR_0019.npz,random_IR_0019.npz,109.415,0.01405623,PSO+Optuna,L1_STFT,1000,48,19,960,0.170704856875909,0.7576412659198474,2.2141323006354554,69543,4,6.66e-06,4.08e-06,True,17.66052758,8.8590254,38.57406866,124982411264.0,7313.17431641,0.00241489,1.1555295,681.23840332,0.71817291,0.57658917,161556360636.82275,7883.45901556,0.0022063,1.15566028,660.17693576,0.72009666,0.57638229
random_IR_0020.npz,random_IR_0020.npz,140.317,0.03713302,PSO+Optuna,L1_STFT,1000,30,32,990,0.3115948120068316,2.947134441601811,0.72513589385595,15753,8,1.063e-05,0.00621544,True,63.31357491,12.09093879,5.69963677,154152566784.0,16561.91796875,0.00382284,1.96552968,360.86437988,0.8298291,0.72146225,166939725438.14145,13227.31467837,0.00327986,1.96501875,590.87685252,0.8295306,0.72139503
random_IR_0021.npz,random_IR_0021.npz,269.954,0.00977682,PSO+Optuna,L1_STFT,1000,41,23,984,0.590516948157496,1.390188916349696,1.105680207384738,26876,11,1.145e-05,0.01228219,True,75.58020906,5.38132258,8.75161045,100553613312.0,21170.15820312,0.00357013,3.70058632,661.44854736,0.85455191,0.55906188,190347680324.05112,19198.15907429,0.00247025,3.69998513,435.87056662,0.85490541,0.55911117
random_IR_0022.npz,random_IR_0022.npz,176.315,0.02399182,PSO+Optuna,L1_STFT,1000,46,20,966,0.2269198874787153,2.8124921233115106,1.4152474079770228,35206,23,1.24e-05,0.00036595,True,15.42281783,50.31590785,52.73333181,163790290944.0,4098.13183594,0.00376338,3.76438141,813.29656982,0.58923382,0.81140852,199823286777.3368,5239.62812757,0.00385697,3.76649958,998.8470181,0.58962154,0.81162419
random_IR_0023.npz,random_IR_0023.npz,98.857,0.06470153,PSO+Optuna,L1_STFT,1000,60,15,960,0.3627003573322104,1.0917087188002212,0.9766074202815831,51455,15,1.132e-05,0.00238778,True,69.84390892,16.91295239,6.19028277,134937804800.0,15124.21777344,0.00461802,1.45924616,432.35354614,0.54985696,0.8491962,129299044475.57794,13129.09388595,0.00439203,1.45907795,807.32088554,0.54389183,0.8517401
random_IR_0024.npz,random_IR_0024.npz,144.01,0.00469339,PSO+Optuna,L1_STFT,1000,37,26,999,0.288102901118448,1.4545079117677178,1.8499675264937778,81200,13,1.061e-05,0.04441659,True,27.21367203,12.80684964,10.96395615,115325419520.0,8400.4296875,0.00323956,2.41524553,298.36950684,0.51563722,0.68653876,197937911386.0695,20769.80429405,0.00388822,2.41527378,866.38366211,0.5157399,0.68638925
random_IR_0025.npz,random_IR_0025.npz,321.985,0.27812067,PSO+Optuna,L1_STFT,1000,49,19,980,0.15720820552152762,1.1482019114492996,1.4105242867552006,48847,28,1.26e-05,0.06569984,True,66.99365101,7.19796729,0.91365812,149377482752.0,20230.03710938,0.00331159,3.21692657,61.20929337,0.51998872,0.89921653,97599468309.14922,3451.55418078,0.00168652,3.21697263,521.04139584,0.51907568,0.89891187
random_IR_0026.npz,random_IR_0026.npz,332.817,0.0346152,PSO+Optuna,L1_STFT,1000,41,23,984,0.5411795536773262,1.1779193802111503,2.049892335012485,21482,0,7.29e-06,0.00016719,True,40.57023549,2.31320407,24.64861216,95241584640.0,18195.265625,0.00222971,1.75105858,1000.0,0.58858281,0.81551933,71871356218.2901,15672.99075616,0.00238141,1.7493816,928.08201265,0.59070014,0.81452442
random_IR_0027.npz,random_IR_0027.npz,298.283,0.05900234,PSO+Optuna,L1_STFT,1000,35,27,980,0.5521095932153304,1.5284967729444867,0.9543307115694499,19673,15,1.214e-05,0.00097387,True,19.52758496,3.60294655,40.96294296,107689336832.0,10043.53222656,0.00194429,2.77395248,799.90734863,0.79769152,0.86794847,148951818862.8186,13972.55997216,0.00195157,2.77396291,934.21465578,0.79905589,0.86775979
random_IR_0028.npz,random_IR_0028.npz,114.867,0.00564393,PSO+Optuna,L1_STFT,1000,33,29,990,0.337513776481883,0.7440472834262102,1.736776526398046,1832,21,1.564e-05,0.01286104,True,44.18800754,21.31304778,14.634976,144508289024.0,10557.6640625,0.0041854,2.00470495,646.69042969,0.8724575,0.75041223,211488975667.54184,5930.42851055,0.00259288,2.00464049,209.85165054,0.87237989,0.75032482
random_IR_0029.npz,random_IR_0029.npz,260.671,0.08786887,PSO+Optuna,L1_STFT,1000,40,24,1000,0.18291206298653395,2.794998465713795,1.1541515376420344,67928,20,9.72e-06,0.02407158,True,60.77413141,3.88899255,7.05257828,92260343808.0,19822.3125,0.00306595,1.75954962,428.61431885,0.84811789,0.69341075,114704769945.09769,10597.03256049,0.00201743,1.75950242,58.03858003,0.85120831,0.6950984
random_IR_0030.npz,random_IR_0030.npz,312.284,0.0027585,PSO+Optuna,L1_STFT,1000,35,27,980,0.19516458478912757,1.5848226483400096,1.449597185816823,68980,5,1.426e-05,0.00133706,True,25.99324152,0.9628514,4.05698332,101970739200.0,18527.98632812,0.00140292,1.62083125,105.45414734,0.77283251,0.9494319,136415617217.07494,15202.58414177,0.00109871,1.62085066,67.25895897,0.77292381,0.94936893
random_IR_0031.npz,random_IR_0031.npz,277.302,0.21947533,PSO+Optuna,L1_STFT,1000,36,26,972,0.5686676257080123,1.4278213302375466,2.1851376194222567,46195,17,1.491e-05,0.0011874,True,5.58469753,2.99168417,56.55047924,187961049088.0,5584.69726562,0.001,4.0,315.81732178,0.89090812,0.66637099,70159602918.25648,7380.46068266,0.00186759,3.97198295,663.08157232,0.88160554,0.6668084
random_IR_0032.npz,random_IR_0032.npz,146.861,0.00125961,PSO+Optuna,L1_STFT,1000,30,32,990,0.48230830589319074,1.3516580890020684,0.6324064960961185,99944,36,1.419e-05,0.00608725,True,27.97841753,14.05986312,17.14145517,94114201600.0,7751.56298828,0.00360939,2.21205568,479.59078979,0.64410663,0.90104097,200515550283.45148,14254.85865951,0.00335327,2.21204529,831.05014475,0.6440356,0.90104295
random_IR_0033.npz,random_IR_0033.npz,70.916,0.04219719,PSO+Optuna,L1_STFT,1000,53,17,954,0.1489209929652454,0.9207009172557705,1.7615046535232912,14272,32,2.086e-05,0.00064377,True,36.21524134,67.33692635,6.10921018,219948875776.0,7248.24560547,0.00499641,1.63822842,221.246521,0.86798781,0.63292712,211947700344.80545,6481.54432973,0.00481117,1.63834424,687.49140151,0.86811935,0.6344314
random_IR_0034.npz,random_IR_0034.npz,117.487,0.0055394,PSO+Optuna,L1_STFT,1000,55,17,990,0.38504787754347636,0.5556225296626123,1.626810598161591,83295,15,9.34e-06,0.11641666,True,106.13731208,17.49587005,1.48767688,167126827008.0,21227.46289062,0.005,1.71869719,157.89802551,0.69422245,0.73736852,131976876718.98044,6330.43741829,0.0030728,1.71860473,25.67246143,0.69334329,0.73715196
random_IR_0035.npz,random_IR_0035.npz,99.256,0.10185688,PSO+Optuna,L1_STFT,1000,49,19,980,0.4513959591512999,1.9048939430453269,0.7249247707370388,80285,30,1.492e-05,0.0017678,True,22.51985509,31.48440092,23.64125803,209623089152.0,6695.36279297,0.0033635,1.9044137,532.39770508,0.57497442,0.86357927,146159003394.57947,4639.59889209,0.00334714,1.90512325,863.85696737,0.57471337,0.86126124
random_IR_0036.npz,random_IR_0036.npz,142.308,0.26873648,PSO+Optuna,L1_STFT,1000,32,30,992,0.8248166816295498,1.4985970815773184,1.1942319557809675,28985,38,2.684e-05,0.00058426,True,22.55580962,26.59378603,9.17206341,181969862656.0,6763.85888672,0.00333475,2.24807239,206.88331604,0.67699409,0.964082,141672610939.29004,5153.13787566,0.00326169,2.24857314,183.28800342,0.68425024,0.97081165
random_IR_0037.npz,random_IR_0037.npz,140.697,0.12925772,PSO+Optuna,L1_STFT,1000,37,26,999,0.40795246053676215,2.07037962039579,1.880169167136668,99367,12,3.484e-05,0.01150848,True,41.57657134,54.03033487,19.86010391,202175660032.0,8315.31445312,0.005,3.31976032,825.71502686,0.80229604,0.98128778,151485447898.1282,3998.34178631,0.00399465,3.31944324,903.72070255,0.79639327,0.98134883
random_IR_0038.npz,random_IR_0038.npz,111.92,0.01568753,PSO+Optuna,L1_STFT,1000,30,32,990,0.20889181870323814,0.8381444357500827,1.3695769286084942,84175,25,1.683e-05,0.00855382,True,28.83700569,26.17032887,23.92214451,105928785920.0,6688.32763672,0.00431154,1.94738054,689.84301758,0.83814561,0.89483106,209217985469.20517,2738.87703632,0.00196332,1.94722783,100.30293933,0.83825911,0.89472493
random_IR_0039.npz,random_IR_0039.npz,117.313,0.03389657,PSO+Optuna,L1_STFT,1000,42,22,966,0.45430769789213377,0.6913382873915332,0.9546817752001723,725,31,2.702e-05,0.00446837,True,55.61092417,18.63572679,6.65042761,151256449024.0,13067.07617188,0.0042558,1.91704071,369.83642578,0.939852,0.67574716,216556756380.9004,11559.79880357,0.00334564,1.91701731,63.96462657,0.93948757,0.67569789
random_IR_0040.npz,random_IR_0040.npz,459.254,0.00272181,PSO+Optuna,L1_STFT,1000,36,26,972,0.512502691096921,0.500009534979162,0.9881665904349008,51306,23,1.739e-05,0.00279644,True,25.34752066,3.10320168,24.42176243,114299551744.0,12813.00488281,0.00197827,3.88857269,619.03112793,0.81877136,0.93841541,189277995864.91592,20127.90084848,0.00192681,3.88855345,949.31932923,0.81891949,0.9384011
random_IR_0041.npz,random_IR_0041.npz,135.894,0.45374218,PSO+Optuna,L1_STFT,1000,41,23,984,0.5234391118330588,1.6045416317934653,1.307064308541547,77294,38,3.052e-05,0.00243824,True,9.51165141,79.44146437,99.59602081,141744668672.0,2430.0,0.00391426,1.9687655,947.32263184,0.57835501,0.97743905,120126728243.6296,2678.85292587,0.00439577,1.94975883,617.88051315,0.58258902,0.9910964
random_IR_0042.npz,random_IR_0042.npz,196.262,0.01314617,PSO+Optuna,L1_STFT,1000,33,29,990,0.6013038598284244,1.158666932506043,1.4646016785985607,71186,23,1.777e-05,0.00996727,True,2.61990418,7.46422635,24.61522273,219999993856.0,2619.90405273,0.001,2.48733044,64.48952484,0.91290492,0.60311252,87945741567.89664,9359.39059524,0.00298957,2.48727389,639.47612167,0.91283769,0.60302548
random_IR_0043.npz,random_IR_0043.npz,261.433,0.1693667,PSO+Optuna,L1_STFT,1000,32,30,992,0.2704055842706774,2.9900634622406264,1.1746567487617814,92849,39,4.237e-05,0.00684123,True,15.93915349,3.69055403,34.50554618,167416954880.0,10080.80664062,0.00158114,2.58291101,549.98919678,0.97834396,0.95471334,215856681820.5389,18639.20052753,0.00189727,2.58282505,97.85350605,0.98080898,0.95421219
random_IR_0044.npz,random_IR_0044.npz,315.667,0.00535406,PSO+Optuna,L1_STFT,1000,32,30,992,0.4326533636914898,1.4908777764631593,1.2708616806685924,93102,28,7.73e-06,0.00065629,True,30.03506296,4.91360966,3.65696701,178847645696.0,14290.9921875,0.00210168,3.34425735,109.8372345,0.57495034,0.53612161,102531823752.15424,10086.13402258,0.00233258,3.34473726,81.11057897,0.57491894,0.53617932
random_IR_0045.npz,random_IR_0045.npz,392.556,0.41530874,PSO+Optuna,L1_STFT,1000,57,16,969,0.2694770788303712,1.026907932290468,1.7378438802149998,44031,16,1.705e-05,0.00088846,True,7.48457325,1.62117105,133.60815201,76777365504.0,6178.20019531,0.00121145,3.05459499,1000.0,0.56857669,0.82402736,79166878635.77364,5192.59693353,0.00104571,3.20422366,770.5830427,0.55390549,0.83930343
random_IR_0046.npz,random_IR_0046.npz,171.515,0.00210198,PSO+Optuna,L1_STFT,1000,50,19,1000,0.15603429240941022,1.3330553841018609,0.8269351665051998,44547,36,7.82e-06,0.00869429,True,26.22115879,6.12525078,11.22119699,138501062656.0,11138.50292969,0.0023541,1.81156182,294.23278809,0.6422298,0.57452017,178237772194.83322,18608.36206798,0.00268216,1.81156491,557.37321764,0.64246067,0.57442657
random_IR_0047.npz,random_IR_0047.npz,164.42,0.19950911,PSO+Optuna,L1_STFT,1000,48,19,960,0.8282104216277141,1.3529899500898956,2.3804941911452704,37838,14,1.018e-05,0.0165229,True,56.76550776,6.58550703,4.55788815,219999993856.0,21230.0,0.00267383,1.25683784,258.73083496,0.86472011,0.64660561,171542044338.7951,11005.44265585,0.00220639,1.26058553,262.12552806,0.85085647,0.64892423
random_IR_0048.npz,random_IR_0048.npz,139.068,0.0043076,PSO+Optuna,L1_STFT,1000,30,32,990,0.35148117739302953,1.2944772287619755,2.222420655154191,11135,25,1.794e-05,3.03e-06,True,5.62209986,13.11899521,130.05376104,67000000512.0,2430.0,0.00231362,2.20175862,731.17523193,0.89167809,0.8909955,173640577983.92307,3498.74383694,0.0017246,2.20178817,788.54762685,0.89156074,0.89092971
random_IR_0049.npz,random_IR_0049.npz,146.466,0.04275488,PSO+Optuna,L1_STFT,1000,51,18,969,0.33150196802261556,1.5470643884465587,1.0623677685049517,97511,11,9.29e-06,0.00017093,True,21.98804253,9.06820395,26.85817321,215928438784.0,10077.11914062,0.00218198,1.85183549,590.55865479,0.60533553,0.73465836,123740478280.33698,7559.05176558,0.00249525,1.85232544,587.6037592,0.6065566,0.73532938
random_IR_0050.npz,random_IR_0050.npz,128.034,0.00266576,PSO+Optuna,L1_STFT,1000,37,26,999,0.3177630519186209,0.7586651272839888,1.8472674068001507,66128,39,3.653e-05,0.00483851,True,33.49151377,14.65825523,0.94175675,169214541824.0,10479.90820312,0.00319578,1.22938728,31.54085922,0.79299736,0.98014808,113941945230.415,12184.10079803,0.00419918,1.22937567,76.96567742,0.79299604,0.98012234
random_IR_0051.npz,random_IR_0051.npz,394.295,0.01093167,PSO+Optuna,L1_STFT,1000,33,29,990,0.3173324695302983,1.5218191983765694,1.294862031374011,77956,33,1.238e-05,0.00023644,True,9.81558878,1.43588104,31.34760405,74323550208.0,7624.81640625,0.00128732,2.97229195,307.69519043,0.8430599,0.6459552,149035156689.62817,12018.31682358,0.00114145,2.97215371,430.40813548,0.84388233,0.64602209
random_IR_0052.npz,random_IR_0052.npz,100.329,0.10915542,PSO+Optuna,L1_STFT,1000,38,25,988,0.4889152351329927,1.7104200942212269,1.388126857936115,80193,28,1.089e-05,0.01967012,True,48.08210828,20.35150718,7.25707351,151233789952.0,11515.66210938,0.00417537,1.473382,348.93539429,0.77821314,0.73473442,205309545104.02023,5948.06076492,0.0025707,1.47369564,956.40615874,0.77646492,0.7338866
random_IR_0053.npz,random_IR_0053.npz,238.11,0.02447916,PSO+Optuna,L1_STFT,1000,49,19,980,0.3043217461065294,1.52657225347199,1.3095551563377936,35985,18,1.703e-05,0.00114475,True,36.65119178,14.77414368,20.6654672,167511572480.0,11062.55371094,0.00331309,3.6581583,757.41400146,0.84817994,0.85261285,205318792113.84653,9931.67604802,0.00283442,3.65792009,724.17039494,0.84811226,0.85281481
random_IR_0054.npz,random_IR_0054.npz,156.539,0.00937352,PSO+Optuna,L1_STFT,1000,40,24,1000,0.263286598738557,0.907016498058838,1.554201171058351,54865,18,4.592e-05,0.0039828,True,43.96617811,19.01922339,19.18346097,114504286208.0,10113.57324219,0.00434724,2.05039144,843.42346191,0.90023166,0.97990453,91562439840.24425,6942.38113954,0.00402711,2.05038916,636.06469484,0.90023182,0.97999164
random_IR_0055.npz,random_IR_0055.npz,142.016,0.01533816,PSO+Optuna,L1_STFT,1000,55,17,990,0.24608575606135769,0.908644015351039,2.0171430759498215,51111,4,1.651e-05,0.00017172,True,33.97708241,19.3986603,27.8029004,160083787776.0,9460.88476562,0.00359132,2.42851925,944.66143799,0.79185313,0.91209626,212636794955.40863,11025.80092305,0.00336394,2.4286026,857.72406697,0.79211807,0.91217589
random_IR_0056.npz,random_IR_0056.npz,183.971,0.02792229,PSO+Optuna,L1_STFT,1000,60,15,960,0.5078531181307627,1.0217121462537773,1.187249481902751,77906,13,1.029e-05,0.02035647,True,96.99702908,14.54234889,2.5966771,126950825984.0,19399.40625,0.005,3.73788691,251.8699646,0.54020309,0.71755821,127960441568.8106,14253.29065436,0.0042621,3.73564678,159.4228693,0.54072935,0.7177758
random_IR_0057.npz,random_IR_0057.npz,142.442,0.03236148,PSO+Optuna,L1_STFT,1000,46,20,966,0.4384880336633338,1.8320070099695636,1.4988260201986796,48728,4,1.161e-05,0.00350731,True,74.92482743,10.19879402,0.27828745,68772864000.0,14984.96582031,0.005,1.84970391,20.85063934,0.68029046,0.5174464,121371433816.20525,20458.87517103,0.00439615,1.85018379,33.3142935,0.68478638,0.51800097
random_IR_0058.npz,random_IR_0058.npz,118.303,0.03651113,PSO+Optuna,L1_STFT,1000,46,20,966,0.3501975294566047,0.8944560057558277,1.0630904453579928,56946,14,1.949e-05,0.00022653,True,7.46253307,29.6830183,81.27992628,86041280512.0,2430.0,0.003071,1.63721824,606.55413818,0.9335826,0.73434335,211631134622.2992,4302.76068816,0.00260504,1.63717374,929.29212439,0.93604938,0.73253957
random_IR_0059.npz,random_IR_0059.npz,141.906,0.21693291,PSO+Optuna,L1_STFT,1000,33,29,990,0.543391984803501,0.6143270706907855,2.3253113070480707,72580,35,9.38e-06,0.00119017,True,10.52524588,7.70579354,95.00965694,184837242880.0,6181.51171875,0.0017027,2.04189444,1000.0,0.71953779,0.50999999,69387727860.36472,3051.80231974,0.00193098,2.04743256,614.46856183,0.7201099,0.5433563
random_IR_0060.npz,random_IR_0060.npz,238.948,0.04392693,PSO+Optuna,L1_STFT,1000,40,24,1000,0.3093799336805603,2.1167682700237505,1.3793987769508311,46488,19,8.59e-06,0.00031107,True,4.78460397,4.41960901,26.28623537,111802777600.0,3719.94116211,0.0012862,1.82956004,125.76922607,0.5689888,0.81221497,68841542103.34111,4893.83834685,0.00188464,1.83062887,253.19866181,0.56658731,0.81305533
random_IR_0061.npz,random_IR_0061.npz,178.622,0.11348199,PSO+Optuna,L1_STFT,1000,45,21,990,0.23299664085226363,0.6491904226389434,2.636072855838072,91631,28,4.887e-05,0.00799616,True,12.14999973,65.52747919,82.30452859,71654301696.0,2430.0,0.005,3.9253931,1000.0,0.74785703,0.99517369,164730548877.07898,5493.54320968,0.00496138,3.92534302,409.06000483,0.75024962,0.99481079
random_IR_0062.npz,random_IR_0062.npz,78.246,0.0139723,PSO+Optuna,L1_STFT,1000,60,15,960,0.34735002534035153,2.41037866858462,1.2747232654398213,82936,36,1.503e-05,0.00985401,True,54.0189734,36.71551454,9.06277889,178500108288.0,10803.79492188,0.005,1.28945732,489.56201172,0.63150781,0.83584416,168363199444.49942,6968.67005744,0.00413294,1.2893822,288.40561335,0.63057096,0.83627097
random_IR_0063.npz,random_IR_0063.npz,145.374,0.05704404,PSO+Optuna,L1_STFT,1000,39,24,975,0.29911702907680376,0.9610209407659793,2.1212464844558916,30432,3,1.176e-05,0.02991047,True,64.95635154,14.47341038,15.39495332,182000025600.0,16769.8984375,0.00387339,2.60016632,1000.0,0.71328515,0.68681633,175105930059.76578,7826.56857449,0.00269636,2.6001947,554.69226178,0.71327987,0.68666732
random_IR_0064.npz,random_IR_0064.npz,305.347,0.64559734,PSO+Optuna,L1_STFT,1000,33,29,990,0.3024134262655481,1.969905538411638,2.394181855571273,60405,11,4.861e-05,0.00856805,True,52.42369895,34.48844865,19.07534226,194538274816.0,11127.85351562,0.00471103,3.51057863,1000.0,0.95914674,0.98359609,120323463532.36218,6803.3874652,0.00469987,3.50310505,46.01685081,0.90933357,0.9928908
random_IR_0065.npz,random_IR_0065.npz,308.03,0.22861706,PSO+Optuna,L1_STFT,1000,60,15,960,0.677549461196158,0.6040186157683654,2.8634546528756175,24327,6,2.537e-05,0.01334147,True,68.19727015,9.45326527,14.05016983,218801537024.0,21230.0,0.00321231,3.90358067,958.18322754,0.55670947,0.97331655,105161266281.63704,21079.81137619,0.00461979,3.91001794,296.5632995,0.56189402,0.97596678
random_IR_0066.npz,random_IR_0066.npz,126.593,0.02119227,PSO+Optuna,L1_STFT,1000,36,26,972,0.6036919275466094,1.9854484780189852,0.5228832745848944,41497,20,1.053e-05,0.00960068,True,85.65996564,15.7013652,1.9112097,157583474688.0,18706.484375,0.00457916,1.77709198,163.7141571,0.6462276,0.69582617,201903192487.07745,16167.3310636,0.00375907,1.77691874,58.36577542,0.64349408,0.69573788
random_IR_0067.npz,random_IR_0067.npz,114.032,0.02385906,PSO+Optuna,L1_STFT,1000,54,17,972,0.2853468490299781,2.140368988137968,1.4741137005695808,93282,28,1.827e-05,0.03772813,True,71.95580406,33.97146685,13.89738395,219999993856.0,14391.16113281,0.005,2.185184,999.99743652,0.65786707,0.92077577,135741622249.22392,5660.8382621,0.00399515,2.18545893,237.81486447,0.65918952,0.92120267
random_IR_0068.npz,random_IR_0068.npz,159.548,0.20730656,PSO+Optuna,L1_STFT,1000,30,32,990,0.5531954993299065,1.1819824431063095,2.694685367944885,35142,24,4.009e-05,0.01476719,True,73.92367003,11.1683034,12.52057306,219999993856.0,21230.0,0.00348204,1.78722739,925.56671143,0.96282542,0.87786138,199695279035.7571,14349.1567176,0.00300956,1.7894513,942.58417386,0.97070275,0.87787478
random_IR_0069.npz,random_IR_0069.npz,159.729,0.00587552,PSO+Optuna,L1_STFT,1000,37,26,999,0.1795947848173023,1.1250625276992032,2.1309970565111236,55241,33,1.081e-05,0.02339844,True,14.3588999,15.02796189,18.77296624,188264890368.0,6123.31152344,0.00234496,3.1284833,269.55914307,0.65327173,0.58450437,77843076062.18388,10924.24763419,0.00487186,3.12876767,994.40084564,0.65346908,0.58465381
random_IR_0070.npz,random_IR_0070.npz,275.087,0.02073726,PSO+Optuna,L1_STFT,1000,40,24,1000,0.4136726438710613,1.840250156200168,1.0110494780958899,3119,6,3.8e-05,0.00090388,True,22.31980608,4.3837784,40.90382554,128261505024.0,10901.64453125,0.00204738,2.3107214,912.9654541,0.98462462,0.77814502,203994040296.09613,9626.79151217,0.00152516,2.31071049,604.12176284,0.98421939,0.7779736
random_IR_0071.npz,random_IR_0071.npz,118.116,0.02428629,PSO+Optuna,L1_STFT,1000,47,20,987,0.44078121902332545,0.7772284980909623,1.1271654617564313,79648,26,1.137e-05,0.00422421,True,17.46723158,15.17271374,22.34026574,114357403648.0,5890.68164062,0.00296523,1.89703321,390.22259521,0.64327776,0.73370588,151467976333.87152,10076.58690171,0.00336892,1.89698835,896.76219061,0.64310986,0.73316763
random_IR_0072.npz,random_IR_0072.npz,227.557,0.01028989,PSO+Optuna,L1_STFT,1000,32,30,992,0.28032892806339027,1.9149463711506232,1.5624347132653147,67536,23,1.167e-05,5.99e-06,True,17.04468342,5.303611,31.67450064,67000000512.0,6884.03125,0.00247597,2.26470613,539.88183594,0.76695895,0.87761021,124074334173.75436,8265.15952842,0.00199365,2.26496925,505.87132516,0.76723552,0.87779156
random_IR_0073.npz,random_IR_0073.npz,80.002,0.03027166,PSO+Optuna,L1_STFT,1000,37,26,999,0.3218157124335226,0.5416720101182035,1.659602003574635,62389,21,1.051e-05,0.00065206,True,10.00530217,62.03056614,67.11221867,100026867712.0,2430.0,0.00411741,2.06794715,671.47802734,0.72795188,0.5614543,105807306211.29388,3345.37756434,0.00469664,2.06717165,862.31992365,0.7286064,0.56126767
random_IR_0074.npz,random_IR_0074.npz,119.54,0.00937709,PSO+Optuna,L1_STFT,1000,44,21,968,0.4596755656894267,0.9003065912334548,1.1469649543640952,40142,28,1.058e-05,0.00396985,True,71.96890676,17.33686082,11.10776999,172865191936.0,16619.76171875,0.00433032,2.11065769,799.4140625,0.61051702,0.67757463,175710845616.51886,14130.82725704,0.00396039,2.11058037,680.517676,0.61041261,0.67743208
random_IR_0075.npz,random_IR_0075.npz,145.034,0.01769798,PSO+Optuna,L1_STFT,1000,49,19,980,0.44761687670598077,1.2582710081355868,1.0250352714196622,27724,19,1.173e-05,0.02312617,True,73.60538331,16.78487004,11.56832543,115968901120.0,14928.97753906,0.00493037,3.061023,851.49102783,0.85817719,0.51402575,71625994474.91534,7744.75343778,0.00451694,3.0611032,543.68261705,0.85806505,0.51386321
random_IR_0076.npz,random_IR_0076.npz,96.361,0.03357746,PSO+Optuna,L1_STFT,1000,40,24,1000,0.10962876550396916,0.521029257237458,2.25450360082203,71578,16,1.065e-05,6.066e-05,True,12.58536136,27.18407607,79.4573927,144820568064.0,4217.27099609,0.00298424,2.18077254,1000.0,0.52015233,0.6781286,129109175261.1474,4112.49744662,0.00312215,2.1807693,922.11224065,0.52191347,0.67787938
random_IR_0077.npz,random_IR_0077.npz,213.525,0.01515629,PSO+Optuna,L1_STFT,1000,36,26,972,0.2908226995231745,1.0278807734159472,0.9988650355061777,71561,24,2.213e-05,0.02155966,True,47.04686183,13.42809899,19.54664955,119753490432.0,12061.30078125,0.00390065,2.90443993,919.60852051,0.85048103,0.83937126,155302457335.1123,4605.22078655,0.00211627,2.90447007,209.75785216,0.8506823,0.839259
random_IR_0078.npz,random_IR_0078.npz,258.367,0.51329494,PSO+Optuna,L1_STFT,1000,51,18,969,0.45731089787027374,2.263117336034419,0.682549732483521,83566,39,4.088e-05,0.00082488,True,17.39899737,1.03285143,21.5233781,97996922880.0,13667.53417969,0.00127302,3.85782433,374.48519897,0.98303616,0.51510388,157077160325.4541,13717.37405744,0.00101081,3.85169696,647.20018193,0.98175746,0.51826712
random_IR_0079.npz,random_IR_0079.npz,106.643,0.04139172,PSO+Optuna,L1_STFT,1000,37,26,999,0.527420084783573,0.9040044158272535,1.3059580768437435,25563,5,1.271e-05,0.00041848,True,41.92079313,34.73260215,20.85537509,172833177600.0,9194.58398438,0.00455929,3.12005949,874.27386475,0.55884624,0.72762072,187998544973.79297,8708.53954842,0.00425471,3.11979905,509.81209855,0.55764903,0.72659746
random_IR_0080.npz,random_IR_0080.npz,151.373,0.03245387,PSO+Optuna,L1_STFT,1000,55,17,990,0.1299761053432042,1.2892205275195756,1.933453104788454,46043,14,1.705e-05,0.00546325,True,44.11086414,24.49522031,4.90984693,108974620672.0,9163.48925781,0.00481376,2.60852051,216.57759094,0.81307077,0.94557279,129776139091.58922,6711.87862891,0.00377583,2.60786189,90.89482318,0.81541439,0.94461078
random_IR_0081.npz,random_IR_0081.npz,348.082,0.07328834,PSO+Optuna,L1_STFT,1000,38,25,988,0.4219909673572754,0.8089861148948088,1.4691360511961447,62217,34,2.619e-05,0.00134159,True,19.76888017,1.60175857,26.22298189,194177728512.0,16148.71582031,0.00122418,2.89459991,518.39898682,0.96261966,0.77533078,143916276455.23456,18819.5718134,0.00153385,2.89459589,980.58032699,0.96195051,0.77527659
random_IR_0082.npz,random_IR_0082.npz,313.609,0.03693653,PSO+Optuna,L1_STFT,1000,47,20,987,0.14269638154338704,2.83527127154201,1.3501832611492808,86182,31,1.108e-05,0.05571281,True,25.22793027,6.09699878,14.37818111,195313532928.0,12192.01953125,0.00206922,3.77745628,362.73175049,0.59567642,0.70066208,72513174066.57114,19721.91684263,0.00431959,3.7775876,968.28672743,0.59563828,0.70067599
random_IR_0083.npz,random_IR_0083.npz,340.336,0.06409583,PSO+Optuna,L1_STFT,1000,46,20,966,0.35999858227229675,1.6252898510375644,2.4923164319232303,48707,30,2.264e-05,0.00236628,True,54.32235361,3.05724749,0.00018409,111525953536.0,21230.0,0.00255875,3.86105251,0.01,0.95641828,0.58830804,135298345568.93004,19092.52772243,0.00220012,3.86121382,160.47603921,0.95485904,0.58851293
random_IR_0084.npz,random_IR_0084.npz,338.007,0.0208322,PSO+Optuna,L1_STFT,1000,32,30,992,0.3949783781645566,2.2670080873749394,1.2985706187674357,2720,8,8.26e-06,0.02120628,True,5.8653571,4.56638473,1.58727385,203366137856.0,5144.94628906,0.00114002,3.01780677,9.30992794,0.5308857,0.53901815,104852009597.49052,15523.50711947,0.00276106,3.01724078,76.49600416,0.52941161,0.53937271
random_IR_0085.npz,random_IR_0085.npz,97.995,0.00127722,PSO+Optuna,L1_STFT,1000,39,24,975,0.22085612000807422,1.1806847483043024,1.8701657593731853,70458,39,8.58e-06,0.03814905,True,39.81719072,16.77070643,8.23777596,176426123264.0,11402.5,0.00349197,1.27714229,328.00509644,0.7692337,0.65930867,169905093628.36777,19313.57231562,0.00463093,1.27712776,739.88651899,0.76918057,0.65917872
random_IR_0086.npz,random_IR_0086.npz,205.056,0.0673833,PSO+Optuna,L1_STFT,1000,36,26,972,0.2604134904097313,1.3921548783222901,2.5003275518377963,93217,38,1.232e-05,0.00082659,True,30.65507039,12.16091642,21.63220741,121241911296.0,9408.33691406,0.00325829,4.0,663.13684082,0.59534931,0.67074591,216867620188.3252,9541.00928856,0.00244876,3.99409053,470.65424272,0.59558261,0.67071412
random_IR_0087.npz,random_IR_0087.npz,463.939,0.02848399,PSO+Optuna,L1_STFT,1000,44,21,968,0.42023980522250937,1.7921662468143613,1.1667814537522472,99503,18,9.53e-06,0.00039793,True,19.36130253,1.35709515,42.87850545,112953229312.0,14049.74121094,0.00137805,3.07343602,830.18371582,0.62696671,0.76192272,110451996444.60149,11409.75425408,0.00125283,3.07301113,607.25330152,0.62682251,0.76211124
random_IR_0088.npz,random_IR_0088.npz,293.155,0.00601512,PSO+Optuna,L1_STFT,1000,58,16,986,0.17894910926792473,1.0650494261132364,1.5945437600345178,32262,22,7.83e-06,0.00624699,True,38.34975204,3.0024214,5.97796788,133178368000.0,17965.73046875,0.00213461,2.16698766,229.25358582,0.55778724,0.67832822,87416233057.07742,20675.2814396,0.00282608,2.16698998,337.48400699,0.55743394,0.67826195
random_IR_0089.npz,random_IR_0089.npz,245.204,0.02971474,PSO+Optuna,L1_STFT,1000,51,18,969,0.28737059801698184,0.8924000860280894,1.4005404705773508,21233,13,1.553e-05,0.02944616,True,33.56583586,6.69514903,7.52892454,98678095872.0,11385.90722656,0.00294802,2.81411004,252.71464539,0.8643564,0.82239735,120839628417.53552,21216.42628574,0.00363671,2.81397801,397.2627746,0.86348927,0.82241552
random_IR_0090.npz,random_IR_0090.npz,142.768,0.00337358,PSO+Optuna,L1_STFT,1000,30,32,990,0.1670201821014064,1.5926540990445863,1.8297341474437454,64237,18,1.136e-05,0.00527067,True,63.97622807,22.12819608,10.72241608,208376430592.0,15075.17773438,0.00424381,3.45793152,685.97973633,0.67459065,0.5824551,173832017106.19846,16803.76511792,0.0049049,3.4578562,889.79475851,0.6743941,0.58236593
random_IR_0091.npz,random_IR_0091.npz,166.827,0.01755537,PSO+Optuna,L1_STFT,1000,36,26,972,0.34354138779597043,2.369436609254078,1.2564778989991545,2595,13,3.286e-05,0.01162455,True,51.48159097,5.20916884,17.03910662,118795370496.0,17514.35546875,0.00293939,1.28172982,877.20031738,0.97984183,0.56720954,185281783770.39536,12243.52994424,0.00196761,1.28164441,432.28715837,0.97978305,0.56748704
random_IR_0092.npz,random_IR_0092.npz,141.257,0.03605621,PSO+Optuna,L1_STFT,1000,52,18,988,0.2722014336473276,1.287599160019977,2.0626884118118776,60364,12,3.195e-05,0.00269551,True,74.89948636,11.46509988,11.6726226,219999993856.0,21230.0,0.003528,1.41008377,874.2734375,0.98969567,0.70522767,210182308273.16864,18375.22715052,0.00335878,1.41031201,745.40061997,0.99187886,0.70590283
random_IR_0093.npz,random_IR_0093.npz,306.831,0.0340722,PSO+Optuna,L1_STFT,1000,47,20,987,0.5143429055958822,2.0437368247193004,0.5801359585078766,99085,23,1.234e-05,7.932e-05,True,25.76979225,3.01604304,28.96639603,77561577472.0,11492.80761719,0.00224225,2.20174932,746.45800781,0.55703032,0.75344539,198895577165.2347,14777.12481869,0.00159123,2.20297203,684.93758934,0.55765642,0.75391068
random_IR_0094.npz,random_IR_0094.npz,485.511,0.00651447,PSO+Optuna,L1_STFT,1000,30,32,990,0.6455225478266493,0.509057123370624,0.5948555903242693,2228,2,7.87e-06,0.00306771,True,22.48085985,1.40263978,4.65946634,75796037632.0,13439.75097656,0.00167271,2.78504539,104.74880981,0.74063104,0.56651264,75955843102.0405,18590.11972469,0.00196623,2.7851376,169.03371588,0.74060424,0.56675866
random_IR_0095.npz,random_IR_0095.npz,178.422,0.00910657,PSO+Optuna,L1_STFT,1000,51,18,969,0.27282171292725144,0.5557912595416417,2.0438738756853194,43227,20,1.126e-05,0.00757434,True,69.12281294,9.8621628,4.09017359,123231764480.0,17442.6953125,0.00396285,2.42556763,282.7243042,0.64289606,0.70808482,84949281320.02866,18543.94844909,0.00491985,2.42547041,423.71211639,0.64291352,0.70785844
random_IR_0096.npz,random_IR_0096.npz,154.504,0.02464147,PSO+Optuna,L1_STFT,1000,48,19,960,0.2873092457503359,1.8288939779618314,0.6801955390660877,61425,36,1.157e-05,0.00394047,True,74.34492916,12.56665275,3.3187474,162052128768.0,18503.8359375,0.00401781,2.25949574,246.73204041,0.70461577,0.721461,164795595581.48505,15848.81712611,0.00368553,2.25945521,344.72468019,0.70558896,0.72156246
random_IR_0097.npz,random_IR_0097.npz,433.663,0.02676595,PSO+Optuna,L1_STFT,1000,32,30,992,0.5869610461673506,1.608154532443602,1.3165445081673492,45638,34,1.086e-05,0.00366437,True,3.46269108,1.76293082,44.72424858,68675444736.0,3462.69091797,0.001,2.88269877,154.86625671,0.77170986,0.56438065,178130397055.92877,14714.31782894,0.00128017,2.88213033,822.40851429,0.77309227,0.56413378
random_IR_0098.npz,random_IR_0098.npz,99.666,0.09774806,PSO+Optuna,L1_STFT,1000,53,17,954,0.5496832990323044,0.9709931149059831,0.783124121780955,48807,37,1.208e-05,0.01410972,True,37.30045021,36.57532837,14.84662092,155771043840.0,8075.90820312,0.00461873,2.273736,553.78564453,0.56415147,0.80669588,179799899117.26105,2993.06610821,0.00262149,2.27460328,321.04977961,0.56379438,0.80709099
random_IR_0099.npz,random_IR_0099.npz,113.585,0.01673014,PSO+Optuna,L1_STFT,1000,32,30,992,0.3437959180316047,0.6093755481668954,1.848081734458526,76861,27,1.25e-05,0.00120641,True,6.96328846,50.8655292,52.7248013,169342566400.0,2430.0,0.00286555,3.13926029,367.13800049,0.52448928,0.7721585,199676575343.09543,4372.0053156,0.00353915,3.13933074,959.14266056,0.52430322,0.77210926
random_IR_0100.npz,random_IR_0100.npz,160.219,0.01646689,PSO+Optuna,L1_STFT,1000,48,19,960,0.42830933374908836,1.1023786654443795,0.9438509162164966,20825,36,1.404e-05,0.00630626,True,38.78863905,9.90577402,21.61561865,109116989440.0,11378.54785156,0.00340893,2.27201462,838.44042969,0.76422024,0.9230296,69925803309.64954,6012.65800087,0.00309674,2.27230649,365.10622606,0.76389341,0.92296066
