filename,target_npz,runtime,best_loss,n_restarts_run,total_evaluations,cmaes_gen_count,best_popsize,loss_name,gt_loss,terrain_mean,early_threshold,tolfun_eff,nmse,gt_available,mu,D_mu,T0_mu,E,rho,h,Ly,T0,op_x,op_y,gt_E,gt_rho,gt_h,gt_Ly,gt_T0,gt_op_x,gt_op_y
random_IR_0001.npz,random_IR_0001.npz,684.391135931015,21.22697448730469,20,20573,467,49,EDR,0.06692421436309814,194.3831634521484,1.912928487122059,1.010444444036484,0.04278416458845693,True,31.25896746078929,2.969081009450493,4.527863675961269,129978747975.8128,15608.06310009775,0.002002744815953078,3.988454521700274,141.5363433137631,0.8970816530297284,0.6947166521402389,131819184298.8524,12673.80384034166,0.0038607574654896,2.691559161389242,602.7673484378831,0.8264881154026615,0.7244177335187193
random_IR_0002.npz,random_IR_0002.npz,144.5608017444611,14.35412788391113,1,14820,390,38,EDR,57.80302047729492,631.0646362304688,63.24900582695008,2.980960401916504,0.03204372757624797,True,64.8052253573056,32.77537871595912,8.665193888299013,211083986498.1612,13396.51081339304,0.004837470462272695,3.931323052750074,561.5498426959648,0.9723679684829067,0.9946722570562874,147920922722.1944,17314.43071595409,0.0048546510420041,3.686141702268032,383.4476844105894,0.7883418349360268,0.9635423527634041
random_IR_0003.npz,random_IR_0003.npz,927.9704313278198,14.23784923553467,20,36134,760,54,EDR,0.009603806771337986,152.0988006591797,1.454451176869217,0.7908638236325234,0.03446261259995975,True,35.9958277676196,2.780848926633008,27.74720243027059,146306782109.1465,18231.10350859937,0.00197441848490635,2.450516803494671,998.7835197132961,0.846177622598185,0.9986612008848894,186057982895.3271,18083.25309630123,0.0013485171988061,1.306004568773872,20.22819525635132,0.9363059526409414,0.9895229876940544
random_IR_0004.npz,random_IR_0004.npz,1842.262252092361,11.52801990509033,20,14280,340,42,EDR,0.0002446105354465544,330.5157775878906,3.140142173820321,1.718680771482247,0.05712746390821811,True,13.41868466068034,1.349991703134443,11.0160372930214,149685707708.718,12107.06486263256,0.001108335076497028,3.720616959675561,147.8207306453488,0.8480220140852487,0.9376584090646809,164907916263.1111,4653.559206335945,0.0028459174490117,3.417559836228498,780.5313709946926,0.5802431108304328,0.972887769354296
random_IR_0005.npz,random_IR_0005.npz,1266.889678239822,16.38701438903809,20,47851,971,57,EDR,0.5533329844474792,310.1693115234375,3.494684780567884,1.610003088402748,0.09308080084534237,True,12.81602181825716,77.7024852232252,49.2767355282194,218494671535.6534,3449.742121761455,0.003715066624085292,2.240585934770071,631.5317176621477,0.5421329874982526,0.6287700220787878,136791000829.1319,16985.59336136327,0.002658647759962,2.613360133075208,264.5629665485059,0.7885326349456379,0.519207002213814
random_IR_0006.npz,random_IR_0006.npz,1228.071239709854,11.95457649230957,20,36314,771,34,EDR,0.0004455237649381161,294.7770690917969,2.800823447661241,1.532838442553766,0.09255163222998876,True,9.608038240109927,2.538870996858818,96.54089485314498,108263063201.3722,7046.695954224975,0.001363481311315731,3.942196766480504,927.5686094834485,0.6945207627134015,0.8258918268582699,171318505762.8329,20172.46387607493,0.0034483828908896,2.891142941520044,616.9378275347882,0.6861588712811552,0.7241456573616774
random_IR_0007.npz,random_IR_0007.npz,1840.833068609238,10.30583095550537,20,62931,1375,56,EDR,0.003637878457084298,194.3677673339844,1.850097108284594,1.010693473168742,0.04070932651229119,True,22.43992596778252,0.9067475979509018,32.28410544393415,95376283760.96846,16760.2863124209,0.001338874858668284,1.907234207249456,724.4529360979669,0.5709278847272271,0.7914367341959831,99188531844.29764,15037.9919488214,0.001240901886517,3.123130468189068,666.7700477785132,0.5731738858508781,0.6645598919528501
random_IR_0008.npz,random_IR_0008.npz,673.9223916530609,14.83787155151367,20,31391,761,44,EDR,0.002179440343752503,178.6750030517578,1.699571264652186,0.929098682779353,0.06790573697973,True,10.18698228781802,8.634223863902371,58.55055292665813,133912135540.3317,5230.12100600238,0.001947752695611988,1.695336432600871,596.4534456058177,0.6796604369992043,0.5100518350534672,82612856044.4483,21011.42815551345,0.0032807870816715,2.154761235733606,438.6071274471857,0.612349610486469,0.5890416637636482
random_IR_0009.npz,random_IR_0009.npz,1249.044132232666,12.16828346252441,20,33770,680,52,EDR,0.0002484228170942515,285.4309997558594,2.711840560480996,1.48423990693182,0.004085720563776025,True,11.74396341063319,1.558155324499276,26.95197214216411,162223735470.9861,10847.42947753086,0.001082649436436474,3.073356181729056,316.5229746819804,0.6376220577340965,0.8238302647199944,91322346297.76453,7025.201129630132,0.0020131664101591,2.994014143849656,466.3161097485777,0.5640838191705095,0.831601498837984
random_IR_0010.npz,random_IR_0010.npz,738.0764458179474,14.06088352203369,20,39300,942,40,EDR,0.006002169102430344,170.8722686767578,1.629231700925156,0.888504585839808,0.102114425110763,True,24.06158697174276,13.78967448754358,18.63878106584584,199722843287.6767,9066.853101551984,0.002653796935082594,2.601287646527193,448.4786516631219,0.7478392620747651,0.8404745991815626,81856495196.33838,17864.67272114118,0.0017863294467202,1.50073055891098,368.7314834092575,0.920593004674414,0.5570882198680419
random_IR_0011.npz,random_IR_0011.npz,795.4274151325226,16.89984130859375,20,39669,707,59,EDR,0.02842494286596775,178.7251892089844,1.726044203394093,0.9292231741838157,0.1711137924783947,True,50.17069143483356,19.05298734681017,3.326983504532617,204206699268.1825,13384.99414676847,0.00374827892225461,3.041881659913608,166.9170628146871,0.9906668135064833,0.7341016763247754,180107327647.9402,13801.09577120686,0.0028746048065908,3.931732448538848,976.7613205794552,0.5292020182046171,0.6485754116624407
random_IR_0012.npz,random_IR_0012.npz,1735.909069299698,15.10032081604004,20,47604,972,42,EDR,0.00101117289159447,186.4164276123047,1.771957629066019,0.9693601654849481,0.02267152618324692,True,10.08411053218439,0.9926531298322675,78.78024495571258,108368191987.6299,9955.788484003886,0.001012889189880508,1.999109629632191,794.4286978859674,0.5879185523216177,0.7365504074136262,130382238160.7445,8408.083772606749,0.0021845607900885,1.44857002751819,118.7365316770545,0.5414322732109044,0.8493113384913098
random_IR_0013.npz,random_IR_0013.npz,873.7847006320953,15.57662868499756,20,33885,917,55,EDR,0.0004189982428215444,217.4395294189453,2.066090547239495,1.130683374187653,0.1008417343714918,True,15.1959469221596,1.280766939948035,18.05632020399505,117441129565.2676,12346.70414137746,0.001230769503193446,2.939763630330137,274.3828834294267,0.6547148733362688,0.8739582043125971,155119813820.0954,4196.081602258703,0.0020615579637577,2.743144217199068,523.252820986165,0.965355136812345,0.6660987867011486
random_IR_0014.npz,random_IR_0014.npz,929.940710067749,16.32137298583984,20,47512,892,51,EDR,0.0006475123227573931,246.1143035888672,2.338727245049929,1.279791011598031,0.06619689534082709,True,23.68400024020983,0.8173661973283717,38.54161866773045,155644879788.0299,21175.08937724365,0.001118484074294507,1.467750949316696,912.8197057846036,0.6584646232992285,0.5668883037920213,95028278387.08888,7870.83454740738,0.0015271914496175,3.035490101894677,716.3300408465243,0.7973913380569407,0.5198526976318718
random_IR_0015.npz,random_IR_0015.npz,199.3229010105133,16.20577239990234,1,22770,495,46,EDR,22.2122688293457,921.307373046875,30.75367231941223,4.675294541931152,0.1359529017599818,True,8.746261296035259,9.671785591849652,114.2647155082471,200707820671.0391,5206.149910168558,0.001679986448133624,2.065838323019764,999.3890587522619,0.9744855174718186,0.999954902285507,179484685384.757,7506.149896012699,0.0010187819047701,3.503926084730353,677.8197586308621,0.9814723871075448,0.6318890403247794
random_IR_0016.npz,random_IR_0016.npz,417.9334652423859,15.89953804016113,20,11868,276,43,EDR,0.6707058548927307,364.5314025878906,4.12738247385621,1.892075623011589,0.1077400866428196,True,10.23622181895839,77.16521390107366,97.59264811034707,173700621238.5053,2757.415551368586,0.003712252153607336,3.996016997767028,998.9799939570631,0.9977998190805,0.7919374018275716,212770598762.0987,6623.934693643624,0.0033681677250873,2.770856269811727,572.2561832718154,0.7290914355226374,0.9247402495108528
random_IR_0017.npz,random_IR_0017.npz,486.7560646533966,12.39706611633301,20,10619,287,37,EDR,0.03699231147766113,143.6319122314453,1.401144050717354,0.7466935835838318,0.0147221689206254,True,17.57900570070298,7.294049953541915,24.58205392207326,185567577010.2625,8874.076162945719,0.001980939241214231,3.557949792032543,432.1280660311139,0.7105568877933596,0.8513778934140473,201808789158.0077,9884.307927923312,0.0021897478034205,3.128489898420763,813.7996817242802,0.7948237075915707,0.9420503273088778
random_IR_0018.npz,random_IR_0018.npz,609.1724245548248,15.67274761199951,20,31656,902,36,EDR,0.2611585557460785,282.7910461425781,2.945192487820983,1.469155415451527,0.122237352817599,True,14.3662307381579,1.35463487005064,38.22387134224773,216751032421.2159,14318.27476364311,0.001003349284414947,3.086049314884389,549.1329554083923,0.9989466037200518,0.8039039029616599,165530500482.1345,20404.37233279661,0.0039010171192785,3.108341611225521,501.329368682883,0.717688973793508,0.8071326749226829
random_IR_0019.npz,random_IR_0019.npz,803.3025131225586,13.63825130462646,20,35282,717,59,EDR,0.003612369997426867,161.6254730224609,1.53902004619583,0.8404336753928102,0.06537606515671494,True,38.3916237127189,3.012987459982047,0.9056902440495403,107834068213.7945,16737.59421554297,0.002293736078095824,2.251907486983766,34.7709190498305,0.5106053500011639,0.6395782739292307,161556360636.8228,7883.459015556348,0.0022062992666981,1.155660275097067,660.1769357573102,0.7200966634634254,0.5763822914690007
random_IR_0020.npz,random_IR_0020.npz,1100.425236940384,17.88354301452637,20,25796,533,52,EDR,0.002460749121382833,237.0731048583984,2.254631868159515,1.232767349368241,0.05208117956446554,True,13.60845583061356,1.28041079852606,54.11607601545536,195937208267.4181,13606.4319442027,0.001000148744830324,2.556494855538377,736.4362301824503,0.624420624316237,0.7085128574121705,166939725438.1414,13227.31467837208,0.003279859642805,1.965018745272489,590.8768525205608,0.8295306023008275,0.7213950333626472
random_IR_0021.npz,random_IR_0021.npz,969.4733316898346,15.60013008117676,20,47433,904,52,EDR,0.04517639428377151,183.6732635498047,1.78964322226122,0.9548660532087088,0.1440529987685048,True,9.924048683822782,1.482535697321039,50.21078143814479,70764598347.42024,7476.162148979067,0.001327425554189992,2.349628353793798,498.2942394449342,0.5100686742506106,0.6109768053656792,190347680324.0511,19198.15907429464,0.0024702474801915,3.699985127968082,435.8705666163742,0.8549054059347795,0.5591111747830275
random_IR_0022.npz,random_IR_0022.npz,498.4926557540894,12.44403457641602,20,13912,296,47,EDR,0.007505048997700214,196.6210021972656,1.875333271906245,1.022390185170993,0.02948382722594316,True,56.59472075771831,13.96778939340724,0.05598771972643574,100564840743.684,12702.98945260207,0.004455228508918072,3.986664197241554,3.168609363779027,0.6016506424543456,0.8174719032538089,199823286777.3368,5239.628127570282,0.0038569651981964,3.766499579859553,998.8470180978009,0.5896215379914237,0.8116241864990836
random_IR_0023.npz,random_IR_0023.npz,940.718451499939,14.04530239105225,20,29408,559,59,EDR,0.002952775917947292,225.3233947753906,2.143496974912938,1.171666298397258,0.1421562990333849,True,2.576392754053925,7.37140372589223,302.5416463900974,181447305393.9919,2439.817340452098,0.001055977720683188,1.5459544496054,779.4661055589918,0.6465121992796197,0.7637614054907642,129299044475.5779,13129.09388595436,0.0043920329172889,1.45907795026338,807.3208855354235,0.5438918277730177,0.8517400988408361
random_IR_0024.npz,random_IR_0024.npz,1032.854833602905,16.05530548095703,20,22885,620,35,EDR,0.001349451136775315,188.1423034667969,1.788688514285546,0.9783329608814325,0.04199773229827886,True,49.92284911797883,6.927490570740193,0.01375202099836676,101981967343.9827,14829.6607202256,0.003366418831813934,3.441097490861905,0.6865400693687401,0.6068342811503254,0.7103125692746641,197937911386.0695,20769.80429405425,0.0038882223978813,2.4152737797664,866.3836621053699,0.5157399012506509,0.6863892515943983
random_IR_0025.npz,random_IR_0025.npz,939.9803447723389,13.22165489196777,20,26553,501,53,EDR,0.7859902381896973,236.4691772460938,3.024980514764786,1.225552572441101,0.2084419799143974,True,21.3482237178173,0.9650988137681339,20.10031963831434,219860430874.437,20975.64964338099,0.001017762218609228,1.889673613397994,429.106120438371,0.9988087707458739,0.8128702315832931,97599468309.14922,3451.554180777968,0.0016865187090457,3.216972631029768,521.0413958380673,0.5190756792857009,0.8989118746451361
random_IR_0026.npz,random_IR_0026.npz,406.6428458690643,15.67566299438477,20,23720,660,39,EDR,0.01554162427783012,182.5814819335938,1.749918057216331,0.9493428896084427,0.1792253641382361,True,9.360079366022827,93.4004169703276,94.43192057315771,185620356095.0158,2492.075002048378,0.003755938067004101,3.606938944166314,883.8902712507199,0.7401544952371493,0.5621808079255776,71871356218.2901,15672.99075616242,0.0023814067227876,1.749381595375102,928.0820126526562,0.5907001366839773,0.8145244167348842
random_IR_0027.npz,random_IR_0027.npz,896.6059274673462,16.36899757385254,20,40946,731,58,EDR,0.2852636873722076,179.4508972167969,1.987337205901742,0.9316612943530083,0.04203927305371428,True,12.16613339273588,33.89204159458728,72.05438345812914,129694046024.1445,3692.538038416734,0.003294788913793398,3.531817263987717,876.6232406829405,0.9741882215589707,0.8981360125377698,148951818862.8186,13972.55997215884,0.001951571285498,2.773962906952086,934.2146557848146,0.7990558884137398,0.8677597944632172
random_IR_0028.npz,random_IR_0028.npz,1418.970344543457,14.52912330627441,20,32376,870,36,EDR,3.690357698360458e-05,339.90625,3.229145927993002,1.7675123081014,0.1694467822580677,True,32.07518534419149,8.756395253300289,2.477373485616523,116228015468.2132,10667.36357720996,0.003006852172238486,3.961826314761845,79.46221371793568,0.5383856949216272,0.8762405614559706,211488975667.5418,5930.42851055032,0.0025928842488643,2.004640486890846,209.8516505376324,0.8723798895741509,0.7503248162226079
random_IR_0029.npz,random_IR_0029.npz,71.01967477798462,33.34437561035156,1,12584,286,44,EDR,71.72109222412109,520.7232666015625,75.98661288070679,2.334811306762695,0.1323710187297824,True,12.14280421382571,99.7102349201099,17.27810084299334,109204609735.7545,2430.313120541549,0.004996394954704404,2.663830506062663,209.8045957232051,0.9918320422319752,0.9963971933934236,114704769945.0977,10597.03256049267,0.0020174259270815,1.759502421122638,58.03858003227238,0.8512083095195752,0.6950984012533157
random_IR_0030.npz,random_IR_0030.npz,1859.392020463943,13.5868558883667,20,84775,1881,52,EDR,0.02073802053928375,147.2085723876953,1.419022447027266,0.7653767387092113,0.0630023629144482,True,30.59727173501497,10.24509500974621,9.933789573273613,69274421692.51756,8255.751290172364,0.003706176537977583,3.353424337409293,303.9468589319112,0.7781784232710713,0.9621525733767087,136415617217.0749,15202.58414177307,0.0010987149135653,1.620850664922941,67.25895896693396,0.7729238134432739,0.9493689335897676
random_IR_0031.npz,random_IR_0031.npz,1637.460147857666,14.82669067382812,20,67781,1471,49,EDR,0.1710402071475983,233.6431579589844,2.389025325790048,1.214055012309551,0.01717131129461004,True,13.5235801741624,1.377196601779983,63.1046096506691,159706551466.109,12353.38213087589,0.001094726936387869,3.388728938469323,853.4002479700462,0.9962719773219819,0.6275472597746395,70159602918.25648,7380.460682658432,0.0018675879375938,3.971982947450442,663.0815723180698,0.8816055403797093,0.6668084039030092
random_IR_0032.npz,random_IR_0032.npz,658.8376851081848,16.12238311767578,20,72555,1552,55,EDR,0.2686230838298798,230.2154693603516,2.453118123456836,1.195723600637913,0.0639866043691085,True,6.10683876500925,4.449965437018683,8.519776399026957,163005972464.4318,4951.944342285534,0.001233220396453544,2.667395951336931,52.02890078278875,0.8592941253075399,0.9226074703588191,200515550283.4515,14254.8586595136,0.0033532684542144,2.212045293098504,831.0501447516381,0.6440355970596615,0.9010429486171564
random_IR_0033.npz,random_IR_0033.npz,299.6622591018677,15.97040843963623,20,22270,480,46,EDR,0.5820291638374329,527.342529296875,5.58625391510129,2.739154600691795,0.01420477795460966,True,34.44321652312134,44.25646896231247,4.708045103761596,178386994100.5182,7518.775242844999,0.004580961048928562,1.32737066170452,162.1602169094819,0.9818952751614716,0.6651009623765091,211947700344.8055,6481.544329734899,0.0048111666278877,1.638344238487262,687.4914015050514,0.8681193453173773,0.6344314048715627
random_IR_0034.npz,random_IR_0034.npz,478.1669273376465,15.14706611633301,20,28854,583,45,EDR,0.1063519269227982,247.6293792724609,2.45782068670541,1.287119742196798,0.08546072045473024,True,4.490698966825007,6.155467946748145,137.2291529062399,97701657908.39386,3052.84959014188,0.001470985986773198,2.346808339117082,616.2548151743225,0.5188721470810956,0.5147591217935247,131976876718.9804,6330.437418292857,0.0030728028557226,1.718604734365698,25.67246142735103,0.6933432903637705,0.7371519579387572
random_IR_0035.npz,random_IR_0035.npz,96.43052554130554,30.57234382629395,1,20590,355,58,EDR,128.6104431152344,1668.4404296875,143.2388279876709,8.007115930175781,0.1498946874227371,True,26.08522750508711,12.69836734045862,6.605689774808338,73586072101.84958,7050.633771465623,0.003699699679574301,1.319724870862838,172.3109206039031,0.9978531628430521,0.9996060423749744,146159003394.5795,4639.598892086222,0.0033471373858326,1.905123248254723,863.8569673671722,0.5747133721091251,0.861261243784371
random_IR_0036.npz,random_IR_0036.npz,1594.932067632675,19.52458763122559,20,59168,1184,56,EDR,2.2752685546875,332.3383483886719,5.410867813110352,1.716328015136719,0.1968523161384796,True,23.78944849963609,1.242552343646102,38.11818812117877,149539280296.6423,18225.75828939516,0.001305265225287127,3.884980281327344,906.8106732082225,0.985011004728336,0.6378027598817351,141672610939.29,5153.137875655491,0.003261685247434,2.248573138141152,183.2880034157165,0.6842502415464783,0.9708116531738784
random_IR_0037.npz,random_IR_0037.npz,939.5411076545715,12.11234855651855,20,19444,448,37,EDR,0.003933233208954334,174.2719116210938,1.65947902789386,0.9061934876170009,0.08804229264692336,True,8.396745853782477,0.98158625912438,67.81128862848325,92663546780.05176,8394.921662059005,0.001000217297051349,2.895290640152424,569.3941566308636,0.6393782834728109,0.7002306347465478,151485447898.1282,3998.341786309949,0.0039946544794021,3.319443236040199,903.720702548536,0.7963932737883268,0.9813488254881422
random_IR_0038.npz,random_IR_0038.npz,374.8536794185638,17.97294425964355,20,11234,274,41,EDR,0.1814464181661606,176.2089080810547,1.853707303963602,0.9153428006470203,0.0783630545131143,True,69.31545694759943,24.91496966315426,4.688016148245323,190290998031.7046,14830.47905865115,0.004673851510357329,2.068296051697814,324.9519814933496,0.9742162131800496,0.8451204314396545,209217985469.2052,2738.877036319715,0.0019633151196617,1.947227827698392,100.3029393260752,0.8382591078295459,0.8947249268913375
random_IR_0039.npz,random_IR_0039.npz,1016.841163873672,18.75621604919434,20,25366,559,42,EDR,0.02846826426684856,168.7250823974609,1.631086098532192,0.8772223934926092,0.1090748779461687,True,31.1165756850499,2.002206488679714,21.82371314243349,213733135373.5914,20944.24398364718,0.00148568626823413,3.999892722760919,679.0792217253498,0.8292494213622681,0.5429389376237773,216556756380.9004,11559.79880357091,0.0033456406647453,1.917017306686452,63.96462656831992,0.9394875702051296,0.6756978864000543
random_IR_0040.npz,random_IR_0040.npz,1561.602071523666,8.548731803894043,20,29872,623,54,EDR,0.001037750742398202,268.9393005371094,2.555951247212884,1.398478966489108,0.05889276749589723,True,9.383457118106431,0.8900408970710139,68.88280328180767,76281065121.44376,8753.733824564639,0.001071937678956455,3.325162885271723,646.3588307698031,0.5944467035485459,0.8811625831373628,189277995864.9159,20127.90084848217,0.0019268065058848,3.888553448170346,949.3193292274572,0.8189194890647277,0.938401103646224
random_IR_0041.npz,random_IR_0041.npz,1078.67843413353,19.55480575561523,20,14433,283,51,EDR,0.01689154468476772,252.0861206054688,2.411549220762216,1.310759991116077,0.2663062933650163,True,13.8855053935116,0.7972097092038608,49.07186021268111,86664051176.44125,12304.92835150199,0.001128450731028976,3.927756584558904,681.3875796528307,0.6824023956395233,0.5143328057727842,120126728243.6296,2678.85292586731,0.0043957742212516,1.94975882507261,617.8805131506047,0.5825890218646008,0.991096401010944
random_IR_0042.npz,random_IR_0042.npz,896.1908667087555,13.20596027374268,20,24765,635,39,EDR,0.03408803790807724,182.1160125732422,1.763866320993751,0.9468260075837374,0.04391802067525191,True,14.81438441785428,1.815276640717044,38.96197035141908,215353661372.2605,13227.40687793892,0.00111997646663173,2.220122700190299,577.1976064629633,0.6775367800299282,0.6409417618809972,87945741567.89664,9359.39059523681,0.0029895654619946,2.487273890415965,639.4761216735596,0.9128376892651804,0.6030254768323514
random_IR_0043.npz,random_IR_0043.npz,1212.484076976776,13.83530235290527,20,43712,964,38,EDR,0.0004097499477211386,234.6485595703125,2.229567173241187,1.220170379065897,0.06777224715609072,True,6.74498821666493,1.091956617380639,139.661707999111,82518793240.81636,6735.747272931854,0.001001371925542725,2.309024845400672,942.0165747733016,0.7662800392563804,0.8865324271044993,215856681820.5389,18639.20052752765,0.0018972681158989,2.582825049384723,97.85350604918912,0.98080898245087,0.9542121946183776
random_IR_0044.npz,random_IR_0044.npz,944.7328612804413,12.2794075012207,20,43188,811,51,EDR,0.00245901825837791,196.0708618164062,1.865108844840783,1.019555694550369,0.08279091044343735,True,11.35071146438716,1.424993330884666,85.63690220830448,78204472938.24092,8565.856654486513,0.001325111068540008,1.416921220077904,972.0397676704036,0.5651830072374467,0.5255784841307911,102531823752.1542,10086.13402257958,0.0023325806081145,3.344737264826052,81.1105789740969,0.5749189410314117,0.5361793190755444
random_IR_0045.npz,random_IR_0045.npz,851.8780660629272,12.64826488494873,20,19975,433,31,EDR,0.03003054670989513,181.8990173339844,1.757785921189003,0.9457187312938272,0.0145466431471195,True,6.66017806890163,1.718926374037326,92.00590972564716,126658363645.9871,6623.160084980459,0.00100558917245638,3.980227670603783,612.7757421640985,0.5401078491260292,0.8364446231310834,79166878635.77364,5192.596933527051,0.0010457098345001,3.204223656210679,770.5830426952912,0.5539054867769166,0.8393034256034181
random_IR_0046.npz,random_IR_0046.npz,559.460476398468,18.91119194030762,20,26473,466,58,EDR,3.461466312408447,311.3453979492188,6.386363662958145,1.600996444511414,0.2176371064662084,True,13.45368896773343,4.333918819396946,5.881696131651827,86154133136.42441,6838.725883118606,0.001967280045679834,1.360277802700863,79.1305103579646,0.9997270424468732,0.9621790095039326,178237772194.8332,18608.36206798132,0.0026821578667203,1.81156490857325,557.3732176360037,0.6424606735669702,0.5744265716526525
random_IR_0047.npz,random_IR_0047.npz,881.0544490814209,14.27543926239014,20,20555,533,39,EDR,0.003405043855309486,165.9168548583984,1.579582817093469,0.8627499390356242,0.05558613403411116,True,10.51222814512573,0.8903885537005496,88.27067665563028,103830023348.9176,10463.09428356885,0.00100469592075014,1.459142157882426,927.9214915286095,0.7113087196603947,0.8646376218434466,171542044338.7951,11005.44265584902,0.0022063945379237,1.260585529221474,262.1255280581859,0.85085646836304,0.6489242348252616
random_IR_0048.npz,random_IR_0048.npz,942.9052228927612,14.7351245880127,20,54579,1052,37,EDR,0.222574308514595,210.8236083984375,2.223284132368863,1.095125377267599,0.1223307409685024,True,68.44248582517906,15.0738233986565,8.316847320607518,148279672092.4883,15999.96651187767,0.004277664317257813,3.6099897758972,569.2257048508585,0.9982498841878871,0.8836232449256733,173640577983.9231,3498.743836944917,0.0017246038469476,2.20178817211035,788.5476268513956,0.8915607440111406,0.8909297053058891
random_IR_0049.npz,random_IR_0049.npz,832.5047483444214,12.86058521270752,20,40348,878,37,EDR,0.001027178950607777,234.0348052978516,2.224348071080167,1.216975646218285,0.1006072208574104,True,26.07560894873162,29.13639066053186,31.3109818912724,114554992749.3038,6193.909977155985,0.004209878581526394,3.359801972518632,816.4529195976362,0.8035024933593933,0.929520070493536,123740478280.337,7559.05176557998,0.0024952525517302,1.852325436601529,587.6037592000371,0.6065565972909635,0.7353293830404436
random_IR_0050.npz,random_IR_0050.npz,60.35866665840149,25.31684684753418,1,10520,263,40,EDR,23.54732704162598,732.3078002929688,30.28055153751373,3.685554460906982,0.1008887513424934,True,73.10607540683627,8.04512326455688,11.98595005325223,77429989515.54195,16597.53673420161,0.00440463404766508,1.332824594697457,876.2457684156304,0.999151396430624,0.6778429851063127,113941945230.415,12184.10079803269,0.0041991835382824,1.229375673636931,76.96567742216287,0.792996044927374,0.9801223370083784
