index,filename,mode,source,mu_source,nmse_orig_csv,nmse_refined_csv,nmse_recomputed,sqerr_mu,sqerr_D_mu,sqerr_T0_mu,sqerr_Ly,sqerr_op_x,sqerr_op_y,pct_mu,pct_D_mu,pct_T0_mu,pct_Ly,pct_op_x,pct_op_y
0,random_IR_0001.npz,full_or_composite,refined_composite_vs_gt_composite,,5.279047923113251e-06,2.6323776845758413e-14,2.6323776845758413e-14,1.1002477136125326e-13,1.871594717468805e-16,8.538580530887575e-15,1.4144732929594437e-15,3.773778211581153e-14,3.9894301891801445e-17,69.66121161484071,0.11849836546602148,5.406126801204952,0.8955612646616093,23.893343229160184,0.02525872466652372
1,random_IR_0002.npz,full_or_composite,refined_composite_vs_gt_composite,,0.028831404818650614,5.996162934471927e-14,5.996162934471926e-14,3.04490405286791e-13,2.5334029540302173e-16,3.9622200429162365e-14,1.9233417175835802e-16,9.315948996776685e-15,5.895546888424161e-15,84.63479300967523,0.07041733693463892,11.013209853859049,0.053460347297721936,2.5894195723121856,1.6386998799211732
2,random_IR_0003.npz,full_or_composite,refined_composite_vs_gt_composite,,0.0007338348699249534,1.812666606488863e-13,1.812666606488863e-13,1.0726266008730236e-12,8.173795654402158e-19,1.6462585594415294e-15,1.0495812226793917e-15,6.285968349615901e-16,1.1648109023646152e-14,98.62326558317513,7.515443109378332e-05,0.1513661837159651,0.09650434511988865,0.05779669509287046,1.0709920384650464
3,random_IR_0004.npz,full_or_composite,refined_composite_vs_gt_composite,,9.918104169259517e-06,1.0002469149534183e-14,1.0002469149534181e-14,1.4645139374297988e-14,7.460541748273423e-16,1.6676909845647512e-15,2.108961436953161e-16,3.01998946351518e-14,1.2545139584667894e-14,24.4025402717355,1.2431166806149498,2.7787988472866494,0.3514068052305825,50.32073278386171,20.903404611270616
4,random_IR_0005.npz,full_or_composite,refined_composite_vs_gt_composite,,0.006864353473782377,1.908470889534875e-14,1.9084708895348753e-14,1.2712197084741492e-16,2.0603896646899892e-17,1.7214523034669277e-15,3.581361166493971e-15,9.422098712256043e-14,1.4836726912076873e-14,0.11101555311854626,0.017993372564986995,1.5033434296417911,3.127600903016485,82.28314060156957,12.956906140088604
5,random_IR_0006.npz,full_or_composite,refined_composite_vs_gt_composite,,0.011995314204056149,1.5327595974925725e-14,1.5327595974925725e-14,2.4964870267409744e-15,1.0562561769746978e-16,2.3307472080634753e-14,7.205053468264713e-18,6.173017868047496e-14,4.3186073905379186e-15,2.7145885878265528,0.11485342936389785,25.343691773064343,0.007834511339385723,67.12313614113482,4.695895557271005
6,random_IR_0007.npz,full_or_composite,refined_composite_vs_gt_composite,,0.0012974546038858963,1.172271467757053e-15,1.172271467757053e-15,2.6418838273578563e-15,2.4893046722673244e-20,4.20908021654138e-20,1.7453737190815124e-15,5.015855054203595e-16,2.144718770833702e-15,37.560751356405284,0.00035391470615451045,0.000598422284187973,24.814697606135486,7.131247883792369,30.492350816676527
7,random_IR_0008.npz,full_or_composite,refined_composite_vs_gt_composite,,0.00037228689932775055,2.009034882382626e-14,2.009034882382626e-14,1.0015640860760984e-14,1.9592067622647023e-17,6.354985444270208e-17,2.377673882796424e-16,1.0920639415262562e-13,9.991486192259702e-16,8.308832720782892,0.016253299693343055,0.05272005229971815,0.19724843204121048,90.5960660599313,0.8288794352515376
8,random_IR_0009.npz,full_or_composite,refined_composite_vs_gt_composite,,3.544338579272436e-05,1.0427390298911136e-14,1.0427390298911136e-14,8.136944769936283e-16,2.083305593971382e-17,7.261457000632259e-16,1.5112278945911828e-19,6.062921551780008e-14,3.7430191988071046e-16,1.3005722647570428,0.033298609627328134,1.1606382793258323,0.00024154779723887235,96.9069821240111,0.5982671744814814
9,random_IR_0010.npz,full_or_composite,refined_composite_vs_gt_composite,,7.962602430807324e-06,3.313779520877867e-15,3.313779520877867e-15,2.534411108734956e-15,6.493471315979312e-18,3.4834439946986667e-15,5.703372099023862e-16,4.851923299441305e-15,8.43606804117391e-15,12.746830282297289,0.032658938608057526,17.51999478114471,2.8685131600190457,24.40276663385238,42.42923620407852
10,random_IR_0011.npz,full_or_composite,refined_composite_vs_gt_composite,,6.335389460951584e-06,2.3546363881574818e-14,2.3546363881574818e-14,2.002870387708686e-15,2.545253950738497e-16,9.832426241684052e-14,3.4388386222087966e-14,4.528602747866954e-15,1.779536119870922e-15,1.4176784702881062,0.1801590232459186,69.59621091346783,24.340903472430337,3.2054508646878697,1.259597255879934
11,random_IR_0012.npz,full_or_composite,refined_composite_vs_gt_composite,,0.03208028060103478,9.865739822051551e-15,9.865739822051551e-15,2.695391893143903e-15,7.000489125525849e-18,5.449157888472239e-14,1.1337227522561924e-16,1.5942373070301688e-15,2.9285808306170933e-16,4.553454584181747,0.011826261472857487,92.05523334216448,0.19152521296006197,2.693221417054445,0.49473918216642226
12,random_IR_0013.npz,full_or_composite,refined_composite_vs_gt_composite,,0.000953812636172814,1.7653133080683138e-14,1.765313308068314e-14,6.184575693936781e-14,4.582341207775232e-18,4.283666757000587e-15,2.488130707998036e-19,3.9708692742172e-14,7.585089127987005e-17,58.38978332883229,0.0043262775572960824,4.044293192811923,0.00023490926479604744,37.489749988179206,0.07161230335449588
13,random_IR_0014.npz,full_or_composite,refined_composite_vs_gt_composite,,0.00031261638520600575,6.027733612578312e-15,6.0277336125783106e-15,5.640399436295068e-16,3.2026542393139096e-17,9.034479586725344e-15,3.1521126087881627e-15,7.841176704607551e-15,1.5542566289326164e-14,1.559568874699722,0.08855330060347513,24.980310918940678,8.715582592575437,21.680831770239084,42.97515254294161
14,random_IR_0015.npz,full_or_composite,refined_composite_vs_gt_composite,,0.00020169353946623044,1.245070570247e-14,1.245070570247e-14,5.669879608884954e-16,1.7265118057226292e-20,7.193314618720313e-14,1.8503272750265443e-15,3.4063036405329726e-16,1.3125162530470827e-17,0.7589770069231431,2.3111297824938013e-05,96.29058773342311,2.4768706813936823,0.45597196415102564,0.017569502811216862
15,random_IR_0016.npz,full_or_composite,refined_composite_vs_gt_composite,,0.00033190074326776655,4.660932575929449e-13,4.660932575929449e-13,3.376357328883174e-14,9.219354133271619e-16,2.7306048583366478e-12,2.9231892133762886e-15,1.3928342855809956e-14,1.44176464496767e-14,1.2073253845949792,0.03296677214657041,97.6415775832204,0.10452805190648523,0.49805279054168916,0.5155494175898777
16,random_IR_0017.npz,full_or_composite,refined_composite_vs_gt_composite,,0.00015618580865579235,1.6923239449240139e-15,1.6923239449240139e-15,2.1789861914033612e-16,8.249999374457048e-17,1.3897613408668275e-16,2.7155351882468466e-15,2.6083839155038096e-15,4.3906498188218375e-15,2.145950639788411,0.812492135366305,1.3686912061914447,26.743650315806562,25.688382764299178,43.240832938548095
17,random_IR_0018.npz,full_or_composite,refined_composite_vs_gt_composite,,0.003097249012908308,3.51077287423486e-14,3.51077287423486e-14,1.2996535142372876e-13,3.485024058025426e-17,1.41408338529464e-17,8.764555718362738e-16,7.393685864949466e-14,5.818715734598707e-15,61.69835725609445,0.01654442949775911,0.006713067824620745,0.4160791195335154,35.09999141599673,2.7623147110529245
18,random_IR_0019.npz,full_or_composite,refined_composite_vs_gt_composite,,0.0012299977327581916,3.222251882444232e-14,3.222251882444232e-14,1.5785409047884155e-15,1.6259668366312646e-17,5.284939977693807e-15,1.9020939762983857e-16,1.6154013463222173e-13,2.472502836595381e-14,0.8164791592844157,0.008410095878858333,2.733564481456639,0.09838326558007193,83.55447294087483,12.788690056925187
19,random_IR_0020.npz,full_or_composite,refined_composite_vs_gt_composite,,0.004854348959880563,2.465236577222781e-15,2.4652365772227813e-15,8.561792064467585e-15,1.258362273618887e-16,6.728482274629588e-17,1.0333661743767947e-15,1.70414889577624e-15,3.2989912786078835e-15,57.883505269319116,0.8507380084365631,0.4548909109979198,6.986254273554928,11.521199165504656,22.303412372186816
20,random_IR_0021.npz,full_or_composite,refined_composite_vs_gt_composite,,0.001362239806531736,6.637585364770175e-15,6.637585364770175e-15,5.123980299264427e-15,2.185462092089121e-18,2.2551446902915668e-14,2.325528328744208e-15,9.383444410421864e-15,4.389267851827902e-16,12.866075080205627,0.005487593183330236,56.625629310447565,5.839292958066861,23.561390412206435,1.10212464589018
21,random_IR_0022.npz,full_or_composite,refined_composite_vs_gt_composite,,4.6644824521138366e-08,1.2111449132693374e-14,1.2111449132693372e-14,3.37120733481662e-18,7.240006566307316e-19,5.683421343461187e-14,1.5264600255123515e-15,4.044913523076388e-15,1.0259012604968173e-14,0.0046391466700661755,0.00099630337198376,78.21003747767182,2.100574435517464,5.566239402568874,14.117513234199789
22,random_IR_0023.npz,full_or_composite,refined_composite_vs_gt_composite,,0.002929963433261778,1.5683057760013844e-14,1.5683057760013844e-14,2.044805501479215e-14,3.659472668095175e-16,2.369862848992927e-14,9.89675538397827e-19,4.922308745098956e-14,3.6163866202416185e-16,21.730514682036194,0.3888987215900284,25.184957394333573,0.0010517459387725861,52.31025756606675,0.3843198900346785
23,random_IR_0024.npz,full_or_composite,refined_composite_vs_gt_composite,,0.0023896501422298595,6.566357008726544e-14,6.566357008726546e-14,1.9219629883903708e-13,4.169423665823452e-17,7.225305262690314e-14,9.060374657740006e-16,1.2498834525600535e-13,3.595992099214915e-15,48.78308692415302,0.01058279261058143,18.339203034214254,0.22996959211170329,31.724426266065684,0.9127313908447562
24,random_IR_0025.npz,full_or_composite,refined_composite_vs_gt_composite,,1.7798329633907714e-07,2.1194781388264702e-15,2.1194781388264702e-15,6.412753629192849e-18,4.526963059432011e-17,1.7486266000221648e-15,2.486181621713167e-16,1.0441709658173781e-14,2.2623202836804515e-16,0.05042714298171149,0.3559809508846469,13.750449288980468,1.9550265512447766,82.10912446554126,1.7789916003671475
25,random_IR_0026.npz,full_or_composite,refined_composite_vs_gt_composite,,8.7613126081995e-05,2.6195986280550923e-15,2.6195986280550923e-15,7.173716750517535e-15,9.072249305344613e-18,1.2021389624159163e-15,7.626936126569451e-16,5.6860888294041145e-15,8.838813640306978e-16,45.641322514635405,0.05772035206833867,7.64836611190088,4.852483916739076,36.17659062033308,5.6235164843232175
26,random_IR_0027.npz,full_or_composite,refined_composite_vs_gt_composite,,0.002420880358386912,3.6122385564202375e-15,3.6122385564202375e-15,5.275778823349557e-15,1.9862159480638e-18,1.1981133628293586e-14,1.2741074509829182e-16,2.2725440401483983e-16,4.0598675218170866e-15,24.34214841640057,0.009164289295223805,55.28028045563249,0.5878660517951186,1.0485391097759755,18.73200167710063
27,random_IR_0028.npz,full_or_composite,refined_composite_vs_gt_composite,,0.021138941716834128,6.038539499410827e-14,6.038539499410827e-14,1.2544611855484032e-14,4.939841989061044e-16,1.3776584100094193e-13,4.449327578979821e-15,1.9756898105114208e-13,9.48962427919563e-15,3.4623747063088115,0.1363420738172152,38.02405118389515,1.228036343173692,54.53001261602486,2.6191830767802715
28,random_IR_0029.npz,full_or_composite,refined_composite_vs_gt_composite,,0.00035817936886841094,2.385251217014637e-15,2.385251217014637e-15,2.328144902635836e-16,3.69082345707804e-19,4.968958475698469e-16,3.8479483629248677e-16,1.0286557435075928e-14,2.9100756105402693e-15,1.6267642907859161,0.002578920150877195,3.472002194327621,2.6887093593303852,71.87612889367203,20.33381634173317
29,random_IR_0030.npz,full_or_composite,refined_composite_vs_gt_composite,,0.00011773247781690389,8.989222718432074e-15,8.989222718432072e-15,1.493285139135304e-14,1.8200862019903948e-19,5.052137822908852e-15,1.0682738619630688e-17,3.3161083829749865e-14,7.783985193408456e-16,27.68658251310534,0.00033745709705215016,9.367027571341307,0.019806567179099413,61.48303894646767,1.443206944809529
30,random_IR_0031.npz,full_or_composite,refined_composite_vs_gt_composite,,0.0007358020553937857,2.0863303879565704e-14,2.0863303879565704e-14,3.42201077600875e-14,4.5310059892029044e-17,7.161445341213654e-16,5.732042587557285e-15,7.580257181890772e-14,8.663646516828341e-15,27.336759921969932,0.03619597688009472,0.5720926227339477,4.579046716542549,60.55494394726201,6.92096081461147
31,random_IR_0032.npz,full_or_composite,refined_composite_vs_gt_composite,,0.026526993679462662,4.6734621201167085e-15,4.6734621201167085e-15,4.71564424239355e-15,1.1334745608173932e-16,5.786027305918389e-15,2.265914335614068e-15,1.5155415751341763e-14,4.42362935073812e-18,16.81709804991347,0.4042237252544186,20.634336163093785,8.080784214414054,54.04778214315662,0.01577570416764054
32,random_IR_0033.npz,full_or_composite,refined_composite_vs_gt_composite,,0.00021355337760067602,1.7857884802819463e-13,1.7857884802819458e-13,7.552137394055895e-15,1.7257605265300747e-14,9.152471244293253e-13,6.797380220390986e-17,8.83715274732407e-15,1.2251109453095776e-13,0.7048368715410555,1.6106429042272001,85.41951585486981,0.006343957954189695,0.824766654888567,11.433893756519184
33,random_IR_0034.npz,full_or_composite,refined_composite_vs_gt_composite,,0.0005559865400726042,3.6060162161824876e-15,3.606016216182487e-15,4.6638540717492126e-15,6.795229577445698e-17,2.071383001699968e-16,2.7481436934416335e-15,2.623436984313379e-17,1.3922774566116488e-14,21.555893411402934,0.3140690986982247,0.9573736766186999,12.701660820367206,0.12125278178822148,64.34975021112471
34,random_IR_0035.npz,full_or_composite,refined_composite_vs_gt_composite,,4.152210173997823e-05,4.5852590822476915e-14,4.5852590822476915e-14,1.1433844235000662e-15,1.4802055419051804e-15,2.503340908452219e-13,8.954993115498556e-19,1.975941170265346e-14,2.3975569222693596e-15,0.41560153344689515,0.5380304999688932,90.99234683539709,0.0003254993503772682,7.182222911952087,0.8714727198846665
35,random_IR_0036.npz,full_or_composite,refined_composite_vs_gt_composite,,0.0008555290500683335,9.64049483068966e-15,9.64049483068966e-15,1.218860767439735e-14,7.057153875794358e-16,2.0415081184564512e-14,4.17173126985979e-16,2.1950800524417695e-14,2.1655910861929935e-15,21.071891516736947,1.2200538803133727,35.2939718397976,0.7212166566006988,37.948951981419164,3.7439141251322257
36,random_IR_0037.npz,full_or_composite,refined_composite_vs_gt_composite,,0.0007867941631353152,8.67409191340647e-13,8.674091913406469e-13,3.039620860606188e-15,1.7587039314925614e-15,5.182583067107517e-12,3.18799286986678e-17,1.3950668689793584e-14,3.091207525773724e-15,0.05840420897370292,0.033792277605727436,99.57974311788267,0.0006125507433885757,0.26805243378909716,0.05939541100542617
37,random_IR_0038.npz,full_or_composite,refined_composite_vs_gt_composite,,0.03558282597974841,4.330982403358751e-14,4.330982403358751e-14,1.5695038217039572e-18,4.841704882883503e-17,1.4108603645788078e-13,3.090621464405153e-16,7.9401097438622e-14,3.9012761605931215e-14,0.0006039829902821356,0.01863205015998479,54.293315510612615,0.11893458098591837,30.555460649083948,15.01305322616725
38,random_IR_0039.npz,full_or_composite,refined_composite_vs_gt_composite,,0.04855806408980686,7.642264510035837e-14,7.642264510035837e-14,6.39508532080628e-14,2.2260431244131104e-16,3.2984201463626526e-13,3.606777697575926e-17,6.44306871982571e-14,5.364347014795234e-17,13.946750365262025,0.048546760834432996,71.93374298135411,0.007865857240000653,14.051395175179335,0.01169886013007175
39,random_IR_0040.npz,full_or_composite,refined_composite_vs_gt_composite,,0.0003562559667158059,8.544251449193559e-15,8.544251449193559e-15,2.0580101702204106e-16,1.9918417782351145e-17,2.15146514431743e-14,2.197437146709357e-15,2.732748710202576e-14,2.13568447550254e-19,0.4014414803640978,0.038853448038117536,41.96710808256339,4.286385140106412,53.30579525607055,0.0004165928574320603
40,random_IR_0041.npz,full_or_composite,refined_composite_vs_gt_composite,,0.0007953552260498084,2.6597986143790184e-12,2.6597986143790184e-12,3.327335340125478e-13,8.902913779117215e-15,1.558406868138858e-11,3.6935742763019594e-16,1.5418352852682053e-15,3.117536438096627e-14,2.0849544285907706,0.055786891352021736,97.65193372874324,0.0023144448207057812,0.009661353538402986,0.19534915295485486
41,random_IR_0042.npz,full_or_composite,refined_composite_vs_gt_composite,,0.0016151817632664841,1.1892329271167469e-14,1.1892329271167467e-14,4.408437955482964e-14,5.845214541305249e-17,1.4872201408207223e-15,5.667493415074628e-16,2.355306446011662e-14,1.6041099843173065e-15,61.78265354866276,0.08191855450158063,2.0842849017902028,0.7942785759690305,33.0087626556896,2.248101763386834
42,random_IR_0043.npz,full_or_composite,refined_composite_vs_gt_composite,,0.013802754053690372,5.915061803124963e-13,5.915061803124963e-13,3.4907595959307356e-12,6.8220328777433315e-19,1.2708534278722281e-14,1.9859930949324577e-15,1.1096236615527923e-14,3.248603975177205e-14,98.3579352765327,1.9222207940806328e-05,0.3580840094239952,0.05595864594018966,0.3126548514298902,0.9153479944652897
43,random_IR_0044.npz,full_or_composite,refined_composite_vs_gt_composite,,0.023606500646291873,4.73567995344171e-15,4.735679953441711e-15,1.2971326008707275e-14,3.748755542393698e-17,2.743689684710053e-15,1.275910887564642e-16,1.2276811617470823e-14,2.57173765581712e-16,45.65105094457876,0.13193302683912883,9.65609202087247,0.4490417779173608,43.20678951480701,0.9050927149852682
44,random_IR_0045.npz,full_or_composite,refined_composite_vs_gt_composite,,2.314284125628653e-05,5.050040832260341e-15,5.05004083226034e-15,2.3195380157357885e-18,4.04579723121742e-18,2.3354116360134233e-14,1.3371393763724912e-16,6.210803541484995e-15,5.952458190586096e-16,0.0076551790793395426,0.01335235814785339,77.07566841488025,0.4412965560696279,20.497535722251154,1.9644917695717734
45,random_IR_0046.npz,full_or_composite,refined_composite_vs_gt_composite,,0.01899848470915964,1.0970971728891685e-14,1.0970971728891685e-14,4.467023871545498e-16,7.333737440644568e-17,5.735898375165006e-16,5.19414327374779e-16,5.2976336184837994e-14,1.1236450262059835e-14,0.6786126124364081,0.11141124083128415,0.8713750123062953,0.7890737183697819,80.47955625377983,17.06997116227639
46,random_IR_0047.npz,full_or_composite,refined_composite_vs_gt_composite,,0.07237961056730921,1.968648517983842e-14,1.968648517983842e-14,7.983063850597531e-16,4.9010245641649476e-18,2.669144973335844e-14,3.3735159319881047e-17,5.554561907500755e-15,8.503595686922752e-14,0.6758497667876615,0.004149229381979139,22.597101081891818,0.028560337215866868,4.702517028610543,71.99182255611213
47,random_IR_0048.npz,full_or_composite,refined_composite_vs_gt_composite,,1.5039230984918415e-05,1.5501708373904022e-14,1.5501708373904022e-14,3.63738685076678e-17,3.2800785730950723e-17,8.572490975357843e-14,1.2552227739999407e-15,4.831444468926829e-15,1.1294985926803257e-15,0.03910737624344737,0.03526577516467842,92.16716386551084,1.3495531629200035,5.194529050596135,1.2143807695648918
48,random_IR_0049.npz,full_or_composite,refined_composite_vs_gt_composite,,0.002627547497808739,2.0125514299037203e-14,2.0125514299037203e-14,2.8003090643945162e-15,4.451816335617427e-16,4.296838430632148e-15,1.0295738937734274e-14,9.946296983733242e-14,3.452047890568113e-15,2.319037270125383,0.3686710203997453,3.5583673927426105,8.526273982993168,82.36888455739214,2.858765776346941
49,random_IR_0050.npz,full_or_composite,refined_composite_vs_gt_composite,,0.020953750993507728,1.6885936771899828e-12,1.688593677189983e-12,9.959653641583575e-12,7.30184399375244e-16,4.925550423465161e-15,1.6680760105968569e-16,7.181333910048069e-15,1.589045452223743e-13,98.30323872582541,0.007207026861452702,0.04861590337964797,0.0016464154295274575,0.07088081645548824,1.568411112048479
50,random_IR_0051.npz,full_or_composite,refined_composite_vs_gt_composite,,0.0034752079710921994,1.0042164630739065e-14,1.0042164630739064e-14,3.5538042876272716e-15,1.3847856820193467e-19,1.2092677580276267e-14,1.2729818934021493e-16,1.3688370068224075e-14,3.0790699180398354e-14,5.898137865530634,0.00022982855007516972,20.06983889917615,0.2112728248359177,22.718159831669453,51.10236075023777
51,random_IR_0052.npz,full_or_composite,refined_composite_vs_gt_composite,,5.910863133831056e-06,2.5040800415214673e-14,2.5040800415214673e-14,5.078856705648659e-15,1.1125308315698198e-15,1.075140411107425e-13,6.042435461529384e-16,3.4079216576475335e-14,1.855913720698788e-15,3.380387621690379,0.7404787474324313,71.55924153647626,0.40217267827815584,22.682459566913423,1.2352598492093616
52,random_IR_0053.npz,full_or_composite,refined_composite_vs_gt_composite,,0.0017810671619501253,1.6251746520203325e-14,1.6251746520203325e-14,4.60760232916996e-16,4.084879456600323e-16,9.356848567680083e-14,1.6482791657092662e-15,8.034315927579736e-16,6.210345073748532e-16,0.472523811870725,0.4189169711208386,95.95736429566853,1.6903610571538792,0.8239438468548487,0.6368900173311787
53,random_IR_0054.npz,full_or_composite,refined_composite_vs_gt_composite,,0.003949977809009262,1.5585249726426402e-12,1.55852497264264e-12,2.501914716684807e-13,1.5743849943390805e-15,9.063557888317141e-12,2.504775996514204e-15,1.5115775492254992e-14,1.8205539387110442e-14,2.675515589635321,0.016836271709627555,96.9245285062596,0.02678575405678932,0.16164616926888925,0.1946877090697823
54,random_IR_0055.npz,full_or_composite,refined_composite_vs_gt_composite,,5.8704139187459456e-05,2.7536638213058022e-15,2.7536638213058026e-15,7.717228490275438e-15,2.718720018568959e-16,4.088553350734574e-15,8.616116410417862e-17,4.0917654601825675e-15,2.6640246068116295e-16,46.70885161897919,1.6455167823643573,24.74614196487596,0.5214940874864463,24.76558339307513,1.6124121532189153
55,random_IR_0056.npz,full_or_composite,refined_composite_vs_gt_composite,,0.031175414732108553,1.818971574416209e-14,1.818971574416209e-14,7.366903307803697e-14,7.709271615697707e-18,1.6983454624986078e-17,9.782854750757954e-17,3.317056909127677e-14,2.176171021910531e-15,67.50062701564457,0.007063764055953764,0.015561407394392483,0.08963723318855528,30.393153250092908,1.9939573296236215
56,random_IR_0057.npz,full_or_composite,refined_composite_vs_gt_composite,,0.00013386110380526417,4.2537467738007444e-14,4.253746773800744e-14,1.3061088655959568e-13,5.427369987399208e-17,1.077172028521713e-15,3.547053294963562e-17,7.599463932811854e-14,4.7452364278985064e-14,51.17484009001247,0.021265056729230368,0.4220483281374922,0.013897760741229441,29.775569385941985,18.592379378437606
57,random_IR_0058.npz,full_or_composite,refined_composite_vs_gt_composite,,1.124464338778305e-05,1.2428634199037083e-13,1.2428634199037083e-13,2.7521934562191428e-14,1.0330630610901266e-15,6.386431498121654e-13,6.134195130676584e-16,6.978594040513691e-14,8.120544588573523e-15,3.6906622403079106,0.13853266102376235,85.64136916745106,0.08225890622736105,9.358220606753344,1.0889564182365625
58,random_IR_0059.npz,full_or_composite,refined_composite_vs_gt_composite,,0.00019262756561708855,1.981247254746337e-14,1.981247254746337e-14,6.524640215565391e-16,1.7663600930738124e-18,3.177090772604546e-14,8.705398918923054e-16,2.0819856231297015e-16,8.537095872287987e-14,0.5488663937943437,0.001485899087760892,26.72635268005553,0.7323163811809397,0.17514098910354178,71.81583765677789
59,random_IR_0060.npz,full_or_composite,refined_composite_vs_gt_composite,,0.008562756047701387,9.205966954675755e-15,9.205966954675757e-15,4.782918243957778e-18,9.555868962927854e-18,1.4779853073284953e-14,7.014631229332953e-17,3.337186970640642e-14,6.999593848862948e-15,0.008659090832981445,0.017300136259404342,26.75774155691886,0.12699428649317834,60.41710025448347,12.672204675012111
60,random_IR_0061.npz,full_or_composite,refined_composite_vs_gt_composite,,8.57052222162832e-06,5.812775518069096e-12,5.812775518069096e-12,3.373570633845393e-11,1.7448933906832435e-14,9.278618489760456e-13,4.71533357104215e-15,7.135244475542982e-14,1.1956820875129642e-13,96.72862310952259,0.05003041390638079,2.660409661706282,0.013520028875432709,0.20458512614048638,0.34283165984883046
61,random_IR_0062.npz,full_or_composite,refined_composite_vs_gt_composite,,0.0065110634366746705,9.35210474682756e-15,9.35210474682756e-15,4.048889308658607e-16,1.2734802010371475e-15,3.715239739832776e-14,1.9049720564499356e-16,1.5700625967910836e-14,1.3907387771787575e-15,0.7215647205035279,2.269507302565839,66.21040290588182,0.3394907898666954,27.980556949380535,2.478477331801569
62,random_IR_0063.npz,full_or_composite,refined_composite_vs_gt_composite,,0.004049778904290042,1.3111729009755841e-14,1.3111729009755843e-14,5.14105007756802e-16,2.401242228237155e-16,7.120948211981784e-15,1.7076257893884129e-16,5.353905452042296e-14,1.708537951661095e-14,0.6534925172394372,0.30522827137576586,9.051626228042858,0.21706084530853328,68.05491287048791,21.717679267545485
63,random_IR_0064.npz,full_or_composite,refined_composite_vs_gt_composite,,0.012293510411356639,2.4744062124242924e-12,2.4744062124242928e-12,8.536055565907573e-12,6.09223513388716e-17,6.1846688487137255e-12,1.7127705754862226e-15,1.0854245064021978e-13,1.5396716357412423e-14,57.49564968386493,0.0004103499729414752,41.65759592247327,0.01153657637730212,0.7311009950267059,0.10370647228483645
64,random_IR_0065.npz,full_or_composite,refined_composite_vs_gt_composite,,0.05749851186659019,5.259548411609215e-13,5.259548411609214e-13,3.103565696091358e-12,4.876146708935393e-17,2.231327957368503e-14,5.1974741434012184e-15,1.7679672530427092e-15,2.2835868436952213e-14,98.34702694376347,0.0015451728067795224,0.70707209781337,0.16469963251119363,0.05602405107443375,0.7236321020307692
65,random_IR_0066.npz,full_or_composite,refined_composite_vs_gt_composite,,6.813874847270647e-05,2.5737996723378095e-14,2.5737996723378098e-14,6.605429270888944e-15,7.309148027668739e-16,6.9578295159128294e-15,8.51509194482485e-16,1.3140298378172604e-13,7.879313774491407e-15,4.277352625045317,0.47330464411719103,4.505549771862494,0.5513956684573992,85.09013942433944,5.102257866178154
66,random_IR_0067.npz,full_or_composite,refined_composite_vs_gt_composite,,0.016028599097378245,2.3680323497560437e-14,2.368032349756043e-14,7.10953765841289e-15,1.3803717653405328e-15,1.230059511550646e-13,3.25353315997322e-17,1.1863591087356956e-15,9.367185966209131e-15,5.003829205250877,0.9715321706385895,86.57395183511521,0.022898991507361247,0.8349823351990351,6.592805462288939
67,random_IR_0068.npz,full_or_composite,refined_composite_vs_gt_composite,,0.0013245923707224591,3.681579471413833e-14,3.681579471413833e-14,4.4357508591813195e-14,4.481898880131676e-17,1.7343672231254378e-13,1.2308353828655368e-15,1.1081596424685003e-15,7.167233663376256e-16,20.08083257753618,0.020289746628822592,78.51554097872884,0.5572044066152132,0.5016685777906691,0.3244637127002735
68,random_IR_0069.npz,full_or_composite,refined_composite_vs_gt_composite,,0.0015731988052688497,2.3618194206672064e-14,2.3618194206672067e-14,1.351745490647631e-13,4.728084633406297e-16,7.339539204585477e-16,3.556522363589141e-15,5.601560835739899e-19,1.7707712717973968e-15,95.38871309826663,0.3336470598353809,0.5179297466154349,2.5097334795282773,0.0003952857125544252,1.2495813300417067
69,random_IR_0070.npz,full_or_composite,refined_composite_vs_gt_composite,,0.0013040461651292556,6.541286346090051e-14,6.541286346090051e-14,3.370281592457513e-13,1.5638861886363457e-17,2.59523928426126e-14,2.504222263687961e-17,1.904885411390382e-14,1.0407093478612089e-14,85.87203938544506,0.003984655071121533,6.612459045899341,0.006380555065148666,4.853493412471786,2.651642946047547
70,random_IR_0071.npz,full_or_composite,refined_composite_vs_gt_composite,,5.559735542077578e-06,4.943227245668305e-15,4.943227245668305e-15,1.2864216668588353e-16,5.277221948813766e-18,1.61213953172155e-14,8.041697057111766e-17,1.161834649473049e-14,1.7052853028580226e-15,0.43373205496676026,0.017792768726942295,54.35516285217146,0.271135186841033,39.172609030910316,5.749568106383487
71,random_IR_0072.npz,full_or_composite,refined_composite_vs_gt_composite,,0.00032401702740722337,1.9355244325355204e-14,1.9355244325355204e-14,1.4118483279184637e-14,3.197319745696453e-17,5.297587712410205e-15,1.2220423891708338e-15,9.160247705241088e-14,3.858902321497707e-15,12.157328044928152,0.02753189860717311,4.561716042225664,1.0522922268754906,78.87825775846913,3.3228740288943968
72,random_IR_0073.npz,full_or_composite,refined_composite_vs_gt_composite,,9.842005747445922e-05,4.1862705690491936e-13,4.186270569049193e-13,8.37793585589526e-15,1.8927337455516232e-14,2.06957019115145e-12,9.403601165505275e-17,3.842517361932745e-13,3.054110476172459e-14,0.3335481115274281,0.7535481021960121,82.3951437210257,0.0037438260023252906,15.29809289100918,1.215923348239339
73,random_IR_0074.npz,full_or_composite,refined_composite_vs_gt_composite,,2.804310413404351e-05,1.825714409576193e-14,1.825714409576193e-14,1.7338816269456956e-14,2.759751936189639e-16,1.2141740328212863e-16,2.289570608878427e-16,4.8783164684627735e-14,4.279453396269795e-14,15.828339286903997,0.2519335190756246,0.1108400841567124,0.20901138725651966,44.533402402872596,39.06647331973455
74,random_IR_0075.npz,full_or_composite,refined_composite_vs_gt_composite,,0.010136802256740475,2.026499397472506e-14,2.026499397472506e-14,5.274642779935208e-14,4.965534842550212e-16,3.8456478991621783e-14,9.858424290642306e-15,1.9862280019282064e-14,1.697992631970939e-16,43.38057692420945,0.4083836104058172,31.628004297777025,8.107925998676953,16.33546009114266,0.1396490777880905
75,random_IR_0076.npz,full_or_composite,refined_composite_vs_gt_composite,,1.359195102737411e-07,4.4605355437074014e-15,4.460535543707401e-15,2.5858455345959567e-16,1.1210987938995529e-15,3.641322345933132e-15,1.1320202677245502e-15,3.0115454327775014e-15,1.7598641868450073e-14,0.9661939727707807,4.188954378961355,13.60569939884627,4.229762161337787,11.252555525632532,65.75683456245129
76,random_IR_0077.npz,full_or_composite,refined_composite_vs_gt_composite,,0.02081664378499078,3.856440748039272e-15,3.856440748039272e-15,2.2277510835066084e-15,2.561321088848418e-16,7.103077777948618e-15,7.938439380364065e-16,2.062281281909492e-16,1.2551611451668208e-14,9.627837467485454,1.106945175699756,30.69789927218957,3.4308143609709725,0.8912714324981381,54.24523229115611
77,random_IR_0078.npz,full_or_composite,refined_composite_vs_gt_composite,,0.00022177052295169804,1.639755912304343e-14,1.639755912304343e-14,5.415734744858552e-14,1.7913541872975935e-18,7.507680753896707e-15,9.79515328853404e-16,1.4296221391871146e-14,2.144279846086651e-14,55.04614746032372,0.0018207528875239833,7.630892599685961,0.995590585061422,14.530842959202708,21.794705642838657
78,random_IR_0079.npz,full_or_composite,refined_composite_vs_gt_composite,,0.009476106915487888,8.775696932600538e-15,8.775696932600537e-15,6.367284662988905e-15,1.3326806981415799e-15,3.479379011712112e-14,2.552943333771021e-15,1.6960582143239688e-15,5.9114245692566304e-15,12.092647668310908,2.531006384976008,66.07982322153593,4.848510139950973,3.2211272930801655,11.226885292146012
79,random_IR_0080.npz,full_or_composite,refined_composite_vs_gt_composite,,0.0001531604977794137,1.263827619907774e-14,1.263827619907774e-14,1.5750066026093935e-14,5.44171764226237e-16,2.14393998407731e-14,5.24474178718901e-15,8.506768864013328e-15,2.434450891217083e-14,20.770324710426454,0.717623927575855,28.273106636617644,6.91647830312457,11.218261005977615,32.10420541627786
80,random_IR_0081.npz,full_or_composite,refined_composite_vs_gt_composite,,7.913822363088978e-07,1.1796215624800297e-14,1.1796215624800295e-14,3.9978782968461166e-14,4.962304495610785e-19,1.1941115403221249e-14,2.1300614381466627e-15,1.2806436313815503e-14,3.920401394707633e-15,56.48532297709955,0.0007011153200096457,16.87139302839395,3.0095265378562512,18.09398980309601,5.53906653823424
81,random_IR_0082.npz,full_or_composite,refined_composite_vs_gt_composite,,0.006581429443689564,1.453954553185572e-14,1.453954553185572e-14,2.66754704567498e-14,1.8912950376759507e-17,5.621897845893876e-16,5.780069672372296e-16,5.5554904143099836e-14,3.847788889081313e-15,30.578065408239684,0.02167989631601825,0.6444375941894082,0.6625688150188201,63.68253168732206,4.410716598913997
82,random_IR_0083.npz,full_or_composite,refined_composite_vs_gt_composite,,5.313973799143113e-05,5.8031408112802626e-15,5.803140811280263e-15,3.326366664733404e-14,1.9802802671931985e-17,3.399308278506738e-17,4.347056461742308e-16,1.0287346540073818e-15,3.7942034708933243e-17,95.53351575488065,0.056873807121363466,0.09762840471660603,1.2484780808386875,2.9545341263237614,0.10896982611893186
83,random_IR_0084.npz,full_or_composite,refined_composite_vs_gt_composite,,0.007460592024297622,1.5710335184373476e-14,1.5710335184373476e-14,6.842142492160828e-14,4.0105150234639155e-17,2.4478808486895223e-15,1.9334428277662137e-14,1.1185896712323393e-15,2.89958223681394e-15,72.5864259828828,0.04254646146838245,2.5968901150756944,20.511368313445683,1.1866813131873444,3.0760878139401013
84,random_IR_0085.npz,full_or_composite,refined_composite_vs_gt_composite,,0.009091882484088232,1.7515857031351486e-14,1.7515857031351486e-14,9.602562657480246e-14,5.009272136831271e-16,5.289475072219805e-18,3.259590385729822e-16,2.7767798665135485e-18,8.234563106111623e-15,91.37018569604957,0.47664164418420185,0.0050330347931327,0.3101561421264846,0.0026421581518424643,7.835341324694767
85,random_IR_0086.npz,full_or_composite,refined_composite_vs_gt_composite,,0.010546604202036009,6.240262048108545e-15,6.2402620481085464e-15,9.293504437977666e-15,4.1162999525892697e-16,7.571357391646913e-15,2.311594169987084e-15,1.769480667200768e-14,1.5867962177300575e-16,24.8213519622801,1.0993929210170859,20.22179339392173,6.173870456523909,47.25978528783916,0.42380597841801193
86,random_IR_0087.npz,full_or_composite,refined_composite_vs_gt_composite,,0.0008009470658135047,3.1331026252813325e-15,3.1331026252813325e-15,3.723536125114119e-15,5.166537444607157e-19,2.966053644933656e-15,9.052599171765083e-16,1.1570137143454312e-16,1.1087548039284708e-14,19.807501649581667,0.002748360577636273,15.778042830985164,4.815566896702071,0.6154781445764371,58.98066211757702
87,random_IR_0088.npz,full_or_composite,refined_composite_vs_gt_composite,,0.0002434816465977191,7.824044212498184e-15,7.824044212498186e-15,1.3018670353121929e-14,6.359188527778106e-19,8.454829640501347e-17,1.1427147461585662e-15,8.475822975066631e-15,2.4221872985384194e-14,27.732184702138674,0.0013546252115199562,0.180103567304224,2.434194548502988,18.055076430352326,51.59708612649027
88,random_IR_0089.npz,full_or_composite,refined_composite_vs_gt_composite,,0.007551033817592986,1.3100546835984684e-14,1.3100546835984684e-14,4.609810325212577e-14,7.665795970751486e-18,2.3572401327398536e-18,1.898693205496592e-18,3.1244999607416306e-14,1.2482564270570394e-15,58.64653823139548,0.00975251398119125,0.0029989080637267346,0.002415539378200161,39.7502485947028,1.5880462124786003
89,random_IR_0090.npz,full_or_composite,refined_composite_vs_gt_composite,,7.910723368697866e-05,1.4552395746427397e-15,1.4552395746427397e-15,1.9995281067022945e-16,4.1715811979573305e-17,2.9791709297455435e-15,2.0599718721876323e-15,2.3100469447708654e-15,1.1405790785025943e-15,2.2900331344562024,0.47776568553227744,34.12005122337477,23.592585808346524,26.456662589250758,13.062901559039464
90,random_IR_0091.npz,full_or_composite,refined_composite_vs_gt_composite,,0.01366109820422938,3.742155653410105e-13,3.742155653410105e-13,1.7977665390406545e-12,2.789784459837242e-17,3.6268904175975386e-13,1.8297550926654136e-15,6.07752427773657e-14,2.2204915531025263e-14,80.06822384144677,0.0012425033047886013,16.15330286209265,0.08149291754686977,2.706784021752418,0.9889538538565174
91,random_IR_0092.npz,full_or_composite,refined_composite_vs_gt_composite,,0.0002574668730493949,1.9520870050155045e-11,1.9520870050155045e-11,1.1700965411183005e-10,1.6797187545188406e-17,1.928406722351007e-14,9.626266587804335e-18,9.350352386475325e-14,2.7521745578142264e-15,99.90133108069868,1.4341221730069178e-05,0.016464487472436288,8.218782054856787e-06,0.07983210074185072,0.0023497710832415548
92,random_IR_0093.npz,full_or_composite,refined_composite_vs_gt_composite,,0.00018147739085596162,2.8937414403031535e-14,2.8937414403031535e-14,1.469600356919522e-14,3.0580161567521985e-17,1.6834527027535485e-14,3.611090840277486e-15,1.3646936814968095e-13,1.9829166699325533e-15,8.464245955376743,0.01761281614038419,9.695940575448619,2.079828090365013,78.60030054803616,1.1420720146330807
93,random_IR_0094.npz,full_or_composite,refined_composite_vs_gt_composite,,0.0010205797189694523,6.858559501290015e-15,6.858559501290015e-15,4.016996946559338e-15,2.331999612436019e-18,8.651675304889204e-20,5.921847862966827e-17,1.6665048285850465e-14,2.0407674780335134e-14,9.761517574751636,0.005666883869704218,0.00021024034039173787,0.1439040725158346,40.49695926847798,49.59174196004445
94,random_IR_0095.npz,full_or_composite,refined_composite_vs_gt_composite,,0.012230758782532236,2.1544853445889474e-14,2.1544853445889474e-14,4.242385236056818e-15,5.2160220215712046e-17,7.578162379191608e-16,2.7662350491626997e-15,1.2089508286908835e-13,5.554410628941109e-16,3.2818241617901087,0.040350100583351194,0.5862314479746779,2.1399039729760205,93.52201224662141,0.42967807005442327
95,random_IR_0096.npz,full_or_composite,refined_composite_vs_gt_composite,,0.006696274991619088,1.6211605592512384e-14,1.6211605592512384e-14,6.204110167626285e-14,1.1141271781321823e-19,8.329420814012611e-16,2.1783568989086476e-19,2.9901598334971715e-14,4.493662214030759e-15,63.78260039515317,0.0001145400817719089,0.8563228326851333,0.0002239503552437315,30.740938607567962,4.619799674156721
96,random_IR_0097.npz,full_or_composite,refined_composite_vs_gt_composite,,0.0002281678207020066,3.0923726858430707e-15,3.0923726858430707e-15,3.723874951155183e-16,4.942316404733549e-18,4.654703513679558e-16,7.756133778446605e-15,9.183413235541572e-16,9.036960850169455e-15,2.0070214306117,0.02663713221113111,2.5087012393368484,41.80249583086748,4.949496804176383,48.705647562796464
97,random_IR_0098.npz,full_or_composite,refined_composite_vs_gt_composite,,0.004265155881274416,2.071358571114261e-14,2.071358571114261e-14,4.903036940495473e-17,1.705631134926371e-16,9.57972905596559e-14,2.6901915712525294e-15,1.0159359208059866e-14,1.5415079444989767e-14,0.039451055689325894,0.13723932678065556,77.08088457464494,2.164595102596018,8.17447330601864,12.40335663427041
98,random_IR_0099.npz,full_or_composite,refined_composite_vs_gt_composite,,2.090662413900636e-06,2.273681735912206e-14,2.273681735912206e-14,3.9195238960712854e-16,7.854166900373475e-17,2.3758645888853325e-14,5.468493455842606e-15,1.0459613388872982e-13,2.127136862695746e-15,0.2873110921201382,0.057573045341094226,17.415693024513025,4.0085450904504265,76.67163220828239,1.5592455392929285
99,random_IR_0100.npz,full_or_composite,refined_composite_vs_gt_composite,,0.007963193435309709,2.3405287408730615e-14,2.3405287408730612e-14,4.935236903691823e-15,9.840324125005584e-18,1.3471993375387136e-13,3.089348735467215e-16,1.4768671307002506e-18,4.563017300180551e-16,3.514331909642838,0.007007194537685929,95.93269204605616,0.21998937544306266,0.001051662034671527,0.32492781228558776
