run,last_step,epoch,final_spec_losses_weighted/1024_spectrogram_logmag,final_spec_losses_weighted/1024_spectrogram_logmag_eps,final_spec_losses_weighted/1024_spectrogram_mag,final_spec_losses_weighted/128_spectrogram_logmag,final_spec_losses_weighted/128_spectrogram_logmag_eps,final_spec_losses_weighted/128_spectrogram_mag,final_spec_losses_weighted/2048_spectrogram_cumsum_time,final_spec_losses_weighted/2048_spectrogram_logmag,final_spec_losses_weighted/2048_spectrogram_logmag_eps,final_spec_losses_weighted/2048_spectrogram_mag,final_spec_losses_weighted/256_spectrogram_logmag,final_spec_losses_weighted/256_spectrogram_logmag_eps,final_spec_losses_weighted/256_spectrogram_mag,final_spec_losses_weighted/512_spectrogram_logmag,final_spec_losses_weighted/512_spectrogram_logmag_eps,final_spec_losses_weighted/512_spectrogram_mag,final_spec_losses_weighted/64_spectrogram_logmag,final_spec_losses_weighted/64_spectrogram_logmag_eps,final_spec_losses_weighted/64_spectrogram_mag,in_domain_validation_losses/loss_total,in_domain_validation_losses/raw_params_loss,in_domain_validation_losses/raw_spec_loss,in_domain_validation_losses/weighted_params_loss,in_domain_validation_losses/weighted_spec_loss,in_domain_validation_metrics/lsd_value,in_domain_validation_metrics/mean_average_error,in_domain_validation_metrics/mfcc_mae,in_domain_validation_metrics/paper_lsd_value,in_domain_validation_metrics/pearson_fft,in_domain_validation_metrics/pearson_stft,in_domain_validation_metrics/spectral_convergence_value,loss/parameters_decay_factor,loss/spec_loss_rampup_factor,lr-Adam,normalized_losses/post_rampup_weighted_params_loss,normalized_losses/post_rampup_weighted_spec_loss,normalized_losses/pre_rampup_normalized_parameters_loss,normalized_losses/pre_rampup_normalized_spectrogram_loss,normalized_losses/running_avg_parameters_loss,normalized_losses/running_avg_spectrogram_loss,train_loss_epoch,train_loss_step,train_losses/loss_total,train_losses/raw_params_loss,train_losses/raw_spec_loss,train_losses/weighted_params_loss,train_losses/weighted_spec_loss
cn_logmageps_lr1e4,860,21.0,,,,,,,,,3.8196473121643066,,,,,,,,,,,3.7808966636657715,0.7022958397865295,3.9241528511047363,0.0,3.9241528511047363,8.939285278320312,0.9308832883834839,20.971588134765625,28.427207946777344,0.007696519605815411,0.04693261906504631,1.5083632469177246,0.0,1.0,8.097278623608872e-05,0.0,4.1207194328308105,,,5.211941719055176,5.222963809967041,4.0860772132873535,3.8196473121643066,3.8196473121643066,0.7129460573196411,3.8196473121643066,0.0,3.8196473121643066
cn_magnitude_lr1e4,1035,24.0,,,,,,,,,,78.59617614746094,,,,,,,,,,83.58723449707031,0.9914616942405701,78.59617614746094,0.0,78.59617614746094,16.167255401611328,1.9944965839385986,31.69425392150879,41.350704193115234,0.008011186495423317,0.049109358340501785,0.9982705116271973,0.0,1.0,7.856781303416938e-05,0.0,79.8138198852539,,,144.51300048828125,145.16651916503906,79.49500274658203,86.2707748413086,86.2707748413086,0.9778388142585754,86.2707748413086,0.0,86.2707748413086
cn_magnitude_lr3e4,471,11.0,,,,,,,,,,95.19287109375,,,,,,,,,,83.58740997314453,1.10482656955719,78.59648895263672,0.0,78.59648895263672,29.442127227783203,3.834282875061035,41.25244140625,47.60065841674805,0.012519601732492447,0.1228741928935051,0.9999409914016724,0.0,1.0,0.00026860146317631006,0.0,70.34402465820312,,,131.71466064453125,132.33456420898438,79.4955062866211,95.19287109375,95.19287109375,1.1920783519744873,95.19287109375,0.0,95.19287109375
cn_mssddsp_lr1e4,351,8.0,0.48005637526512146,,38.81621551513672,0.48716995120048523,,4.794368267059326,,0.47344762086868286,,77.71308898925781,0.5327776670455933,,9.648185729980469,0.5020280480384827,,19.370803833007812,0.3602105379104614,,2.641235113143921,167.755126953125,1.4057257175445557,157.748291015625,0.0,157.748291015625,26.66699981689453,3.2300968170166016,36.31989288330078,44.27336120605469,0.010692727752029896,-0.012376070022583008,1.0250790119171143,0.0,1.0,9.227447299053892e-05,0.0,166.40306091308594,,,262.977783203125,263.9532775878906,159.50091552734375,155.81959533691406,155.81959533691406,1.3676310777664185,155.81959533691406,0.0,155.81959533691406
cw_logmageps_lr1e4,2362,58.0,,,,,,,,,3.3016433715820312,,,,,,,,,,,3.0170326232910156,1.1409025192260742,3.3016433715820312,0.0,3.3016433715820312,9.415578842163086,1.1035401821136475,21.356346130371094,21.653812408447266,0.00883448775857687,-0.0009449413046240807,1.0408376455307007,0.0,1.0,9.999999747378752e-05,0.0,1.684496283531189,,,2.7281062602996826,2.738647699356079,1.640826940536499,1.6081702709197998,1.6081702709197998,1.1806113719940186,1.6081702709197998,0.0,1.6081702709197998
cw_mag_lr1e3,2222,54.0,,,,,,,,,,1.3884352445602417,,,,,,,,,,1.487569808959961,1.0933698415756226,1.3884352445602417,0.0,1.3884352445602417,7.218801498413086,0.8489956259727478,24.736087799072266,22.615386962890625,0.010448128916323185,0.0036909347400069237,0.9803849458694458,0.0,1.0,0.0010000000474974513,0.0,1.3569540977478027,,,2.4975764751434326,2.5090978145599365,1.3833993673324585,1.1467159986495972,1.1467159986495972,1.0543246269226074,1.1467159986495972,0.0,1.1467159986495972
cw_mag_lr1e4,2357,58.0,,,,,,,,,,1.3766378164291382,,,,,,,,,,1.490273118019104,1.1246459484100342,1.3905797004699707,0.0,1.3905797004699707,8.63743782043457,1.030228614807129,24.580820083618164,24.138900756835938,0.011429805308580399,0.007626574020832777,0.9832364320755005,0.0,1.0,9.999999747378752e-05,0.0,1.2987862825393677,,,2.350379705429077,2.361001968383789,1.385788917541504,1.3766378164291382,1.3766378164291382,1.1115301847457886,1.3766378164291382,0.0,1.3766378164291382
cw_mssloge_lr1e4,1783,43.0,,3.261333703994751,,,3.1183323860168457,,,,3.2051339149475098,,,3.184340000152588,,,3.0771162509918213,,,2.9346046447753906,,17.628063201904297,1.074320673942566,18.780858993530273,0.0,18.780858993530273,9.416367530822754,1.0913063287734985,21.5323543548584,25.22750473022461,0.00044512064778245986,-0.03473733365535736,1.719864010810852,0.0,1.0,9.999999747378752e-05,0.0,13.168432235717773,,,15.275067329406738,15.296346664428711,13.447595596313477,13.39443302154541,13.39443302154541,1.0678811073303223,13.39443302154541,0.0,13.39443302154541
fx_logmageps_lr1e4,7999,199.0,,,,,,,,,2.547820568084717,,,,,,,,,,,2.245178699493408,0.48186203837394714,2.547820568084717,0.0,2.547820568084717,7.222687721252441,0.849921703338623,9.762194633483887,15.291816711425781,0.9591408967971802,0.9395489692687988,0.5716475248336792,0.0,1.0,9.999999747378752e-05,0.0,0.8870794773101807,,,2.187777042388916,2.2009153366088867,0.934332013130188,0.8870794773101807,0.8870794773101807,0.5943949222564697,0.8870794773101807,0.0,0.8870794773101807
fx_mag_lr1e3,7237,179.0,,,,,,,,,,0.15514612197875977,,,,,,,,,,0.11342228204011917,0.06589285284280777,0.15514612197875977,0.0,0.15514612197875977,2.039998769760132,0.18079279363155365,4.183901786804199,5.512389183044434,0.9782580733299255,0.9756817817687988,0.9144045114517212,0.0,1.0,0.0010000000474974513,0.0,0.05133751779794693,,,0.9984319806098938,1.0079985857009888,0.04410110041499138,0.04088667780160904,0.04088667780160904,0.017957519739866257,0.04088667780160904,0.0,0.04088667780160904
fx_mag_lr1e4,7239,179.0,,,,,,,,,,0.23340816795825958,,,,,,,,,,0.17223259806632996,0.10571745038032532,0.23340816795825958,0.0,0.23340816795825958,3.0888683795928955,0.2717117369174957,6.514749526977539,8.599491119384766,0.9759582877159119,0.9715898633003235,0.48926490545272827,0.0,1.0,9.999999747378752e-05,0.0,0.025013305246829987,,,1.0547770261764526,1.0651787519454956,0.043641265481710434,0.04332774132490158,0.04332774132490158,0.02011999301612377,0.04332774132490158,0.0,0.04332774132490158
fx_mssloge_lr1e4,6159,153.0,,2.454710006713867,,,1.9909920692443848,,,,2.453430414199829,,,2.1266984939575195,,,2.279970169067383,,,1.679328203201294,,11.420454978942871,0.48434096574783325,12.985129356384277,0.0,12.985129356384277,7.064232349395752,0.8392770886421204,9.919705390930176,14.917717933654785,0.9591070413589478,0.9394485950469971,0.5408464670181274,0.0,1.0,9.999999747378752e-05,0.0,7.645079612731934,,,15.045974731445312,15.120731353759766,5.835674285888672,5.394986629486084,5.394986629486084,0.4209522604942322,5.394986629486084,0.0,5.394986629486084
l1_linear,2369,29.0,,,,,,,,,,22.527578353881836,,,,,,,,,,25.79669952392578,4.531756401062012,22.527578353881836,0.0,22.527578353881836,27.99769401550293,3.417551279067993,35.83261489868164,38.26517105102539,0.015629302710294724,-0.0075746262446045876,0.9999950528144836,0.0,1.0,0.000747172103729099,0.0,21.8197078704834,,,38.85717010498047,39.029266357421875,21.949499130249023,20.463459014892578,20.463459014892578,4.433201313018799,20.463459014892578,0.0,20.463459014892578
narrow_mss_ddsp,3577,88.0,0.5049609541893005,,39.25965118408203,0.5201370120048523,,4.84622859954834,,0.501693069934845,,78.6129150390625,0.5582589507102966,,9.753791809082031,0.523888111114502,,19.584980010986328,0.3883970081806183,,2.6248080730438232,2.3532187938690186,0.5893329381942749,157.67970275878906,0.0015532448887825012,2.2110040187835693,11.110574722290039,1.375611662864685,22.98741340637207,34.450889587402344,0.008236786350607872,0.04725142568349838,0.990771472454071,0.14666666090488434,0.8533333539962769,0.0004129496810492128,0.0013457100139930844,2.3783092498779297,0.009175295941531658,2.787081003189087,60.97589874267578,59.90534210205078,2.237011194229126,2.223170280456543,2.223170280456543,0.6020404696464539,158.43453979492188,0.0015819586114957929,2.221588373184204
narrow_ploss,7154,178.0,,,,,,,3230.646240234375,,,,,,,,,,,,,5.209448337554932,0.09201624989509583,3230.646240234375,8.286388397216797,0.0,3.281559705734253,0.32431426644325256,5.954917907714844,14.790064811706543,0.16451440751552582,0.9478546380996704,0.8103354573249817,1.0,0.0,0.00016713394143152982,1.9485447406768799,0.0,1.9485447406768799,0.0,0.01076809223741293,1.0,1.0390832424163818,0.5606600046157837,0.5606600046157837,0.005860074423253536,0.0,0.5606600046157837,0.0
narrow_spectrogram_logmag_eps_l1,4603,114.0,,,,,,,,,3.3091371059417725,,,,,,,,,,,1.2889986038208008,0.9624342918395996,3.3091371059417725,0.0,1.374068021774292,8.171955108642578,0.9286215305328369,20.937498092651367,20.809663772583008,0.022016743198037148,-0.0007097865454852581,1.1286001205444336,0.0,1.0,0.00031798906275071204,0.0,1.1696077585220337,0.4123806953430176,1.1696077585220337,2.4123620986938477,2.4082772731781006,1.1408944129943848,1.1448156833648682,1.1448156833648682,1.157666563987732,2.757033586502075,0.0,1.1448156833648682
narrow_spectrogram_magnitude,4519,112.0,,,,,,,,,,85.90787506103516,,,,,,,,,,0.9967746138572693,0.5680666565895081,78.59968566894531,0.0,0.894345760345459,12.685227394104004,1.559112548828125,23.490583419799805,36.07614517211914,0.010869462043046951,0.15317091345787048,0.9849801063537598,0.0,1.0,0.0003244455438107252,0.0,0.8166651725769043,0.006527181714773178,0.8166651725769043,87.7239990234375,87.88512420654297,0.9045307636260986,0.9775018692016602,0.9775018692016602,0.5633357167243958,85.90787506103516,0.0,0.9775018692016602
q_eps1,7999,199.0,,,,,,,,,0.0555337592959404,,,,,,,,,,,0.045790642499923706,0.10847873985767365,0.0555337592959404,0.0,0.0555337592959404,2.7569360733032227,0.2524354159832001,5.841667175292969,7.401716232299805,0.9762547016143799,0.9723217487335205,0.5273036956787109,0.0,1.0,1.9999999949504854e-06,0.0,0.02600252255797386,,,0.25861653685569763,0.2609661817550659,0.008590987883508205,0.02600252255797386,0.02600252255797386,0.05504254251718521,0.02600252255797386,0.0,0.02600252255797386
q_eps1e1,7999,199.0,,,,,,,,,0.17424051463603973,,,,,,,,,,,0.1483432799577713,0.1237230896949768,0.17424051463603973,0.0,0.17424051463603973,2.8494420051574707,0.2799760103225708,5.883652687072754,7.7464599609375,0.9783693552017212,0.9749358892440796,1.729880690574646,0.0,1.0,1.9999999949504854e-06,0.0,0.055375467985868454,,,0.6985119581222534,0.705008327960968,0.033915262669324875,0.055375467985868454,0.055375467985868454,0.05890336260199547,0.055375467985868454,0.0,0.055375467985868454
q_eps1e3,7999,199.0,,,,,,,,,0.3566739857196808,,,,,,,,,,,0.2760416865348816,0.15093974769115448,0.3566739857196808,0.0,0.3566739857196808,2.670029401779175,0.2727609872817993,5.61436128616333,7.224697589874268,0.9771654009819031,0.9731114506721497,1.611057162284851,0.0,1.0,1.9999999949504854e-06,0.0,0.5349271297454834,,,1.8212597370147705,1.834252953529358,0.4490986764431,0.5349271297454834,0.5349271297454834,0.04055566340684891,0.5349271297454834,0.0,0.5349271297454834
q_eps1e5,7999,199.0,,,,,,,,,2.156564235687256,,,,,,,,,,,1.9467883110046387,0.5155094861984253,2.156564235687256,0.0,2.156564235687256,7.174557209014893,0.8700013756752014,9.73752498626709,15.109665870666504,0.9593010544776917,0.9401203393936157,0.6640585064888,0.0,1.0,1.9999999949504854e-06,0.0,0.8845186233520508,,,2.6640734672546387,2.682048797607422,0.9085528254508972,0.8845186233520508,0.8845186233520508,0.5942441821098328,0.8845186233520508,0.0,0.8845186233520508
q_eps1e7,7999,199.0,,,,,,,,,2.50827956199646,,,,,,,,,,,2.233577251434326,0.5138096809387207,2.50827956199646,0.0,2.50827956199646,7.15590238571167,0.8721060156822205,9.800252914428711,14.83393669128418,0.9590224623680115,0.939216673374176,0.616096556186676,0.0,1.0,1.9999999949504854e-06,0.0,0.8962631225585938,,,2.0666890144348145,2.0785114765167236,0.9284322261810303,0.8962631225585938,0.8962631225585938,0.5955522060394287,0.8962631225585938,0.0,0.8962631225585938
q_mag_lr1e3,7999,199.0,,,,,,,,,,0.3493911623954773,,,,,,,,,,0.48116204142570496,0.13618236780166626,0.3493911623954773,0.0,0.3493911623954773,2.539957046508789,0.23441803455352783,5.337264060974121,6.882301330566406,0.9768608808517456,0.9735362529754639,0.8987687826156616,0.0,1.0,1.9999999494757503e-05,0.0,0.17955243587493896,,,0.9407714605331421,0.9484605193138123,0.027500320225954056,0.17955243587493896,0.17955243587493896,0.06719975173473358,0.17955243587493896,0.0,0.17955243587493896
q_mag_lr1e4,7999,199.0,,,,,,,,,,0.22245272994041443,,,,,,,,,,0.17160330712795258,0.0940186083316803,0.22245272994041443,0.0,0.22245272994041443,2.779893159866333,0.2504065930843353,6.027583122253418,7.771796226501465,0.9770455360412598,0.9735360741615295,1.228920817375183,0.0,1.0,1.9999999949504854e-06,0.0,0.18498657643795013,,,0.9196518659591675,0.9270727038383484,0.0316760390996933,0.18498657643795013,0.18498657643795013,0.06734011322259903,0.18498657643795013,0.0,0.18498657643795013
q_mssloge,7999,199.0,,2.487150192260742,,,2.0237648487091064,,,,2.484501600265503,,,2.1605756282806396,,,2.3144757747650146,,,1.697458267211914,,11.695722579956055,0.4676075279712677,13.167925834655762,0.0,13.167925834655762,7.0999226570129395,0.8215717077255249,9.783492088317871,15.466572761535645,0.9595149159431458,0.9405455589294434,0.561272382736206,0.0,1.0,1.9999999949504854e-06,0.0,5.6464080810546875,,,14.35714054107666,14.445127487182617,5.6725921630859375,5.6464080810546875,5.6464080810546875,0.5574136972427368,5.6464080810546875,0.0,5.6464080810546875
q_ploss,7999,199.0,,,,,,,,,,0.32345840334892273,,,,,,,,,,0.13310237228870392,0.11307936161756516,0.32345840334892273,0.11307936161756516,0.0,2.289952039718628,0.21859236061573029,4.666023254394531,6.27627420425415,0.9813910722732544,0.9787434935569763,1.595840334892273,1.0,0.0,1.9999999494757503e-05,0.06574568152427673,0.0,,,0.008010431192815304,1.0,0.007210305891931057,0.06574568152427673,0.06574568152427673,0.06574568152427673,0.0,0.06574568152427673,0.0
