filename,est_E,est_rho,est_h,est_Ly,est_T0,est_op_x,est_op_y,gt_E,gt_rho,gt_h,gt_Ly,gt_T0,gt_op_x,gt_op_y,est_mu,est_D_div_mu,est_T0_div_mu,refined_mu,refined_D_div_mu,refined_T0_div_mu,refined_Ly,refined_op_x,refined_op_y,gt_mu,gt_D_div_mu,gt_T0_div_mu,mu_orig,mu_refined,mu_gt,mu_orig_err,mu_refined_err,loss_orig,loss_refined,loss_delta,nmse_orig,nmse_refined,nmse_delta,nmse_summary_orig,sanity_ok,sanity_grid_min_mu,elapsed_s
random_IR_0001.npz,100451008009.77316,13714.59065113,0.00460069,2.69155906,777.27871728,0.8264879,0.72441772,131819184298.85242,12673.80384034166,0.0038607574654896,2.691559161389242,602.7673484378831,0.8264881154026615,0.7244177335187193,63.09658006274728,13.780496630006148,12.3188723779803,48.930494325729995,13.780496630006148,12.3188723779803,2.69155906,0.8264879,0.72441772,48.93048279274982,13.78047400625313,12.31885144054203,63.09658006274728,48.930494325729995,48.93048279274982,14.166097269997458,1.1532980174422391e-05,4.902615202695415e-09,5.335661925308377e-13,-4.902081636502884e-09,0.0031090247006203696,3.714370164711201e-14,-0.0031090247005832257,0.003109,True,51.560526315789474,0.475
random_IR_0002.npz,96821933667.30144,7979.81343168,0.0040736,3.68614178,148.2896346,0.78834189,0.96354232,147920922722.1944,17314.430715954095,0.0048546510420041,3.686141702268032,383.44768441058943,0.7883418349360268,0.963542352763404,32.50656799529165,17.897206773541452,4.561836076373203,84.05548472082529,17.897206773541452,4.561836076373203,3.68614178,0.78834189,0.96354232,84.05551911691434,17.897192258481063,4.561838275928618,32.50656799529165,84.05548472082529,84.05551911691434,-51.54895112162269,-3.43960890489825e-05,8.444142274299793e-09,1.1051740983957989e-13,-8.444031756889953e-09,0.04116834415576293,2.2173419581094035e-14,-0.041168344155740756,0.04116837,True,84.3142105263158,0.551
random_IR_0003.npz,129857610935.23616,13961.50763107,0.00141832,1.30600467,16.42716281,0.93630593,0.98952311,186057982895.32712,18083.253096301232,0.0013485171988061,1.3060045687738722,20.22819525635132,0.9363059526409414,0.9895229876940544,19.801885503299204,1.663148475998581,0.8295756890051232,24.38534061857419,1.663148475998581,0.8295756890051232,1.30600467,0.93630593,0.98952311,24.385577810725874,1.6631530041768487,0.8295146997687317,19.801885503299204,24.38534061857419,24.385577810725874,-4.58369230742667,-0.00023719215168327423,1.3250780028783993e-08,3.912830996710692e-12,-1.3246867197787282e-08,0.00032550273869935475,8.863023175450367e-13,-0.00032550273781305244,0.0003255,True,24.26578947368421,0.624
random_IR_0004.npz,67004890092.943,2482.05100801,0.00326064,3.41755971,476.97760814,0.58024312,0.9728878,164907916263.11115,4653.5592063359445,0.0028459174490117,3.4175598362284982,780.5313709946926,0.5802431108304328,0.972887769354296,8.093074798757726,25.51226270723043,58.9365130065541,13.243618426777235,25.51226270723043,58.9365130065541,3.41755971,0.58024312,0.9728878,13.243645345320504,25.51222490269219,58.93629364444471,8.093074798757726,13.243618426777235,13.243645345320504,-5.150570546562777,-2.6918543268195094e-05,2.1212615664012446e-08,9.66357636272841e-13,-2.1211649306376174e-08,0.00041099298905351156,6.551036677964226e-14,-0.0004109929889880012,0.00041099,True,13.347894736842106,0.449
random_IR_0005.npz,131872979096.58092,21217.64599716,0.00302636,2.61336014,376.18713578,0.78853263,0.51920695,136791000829.13193,16985.593361363273,0.002658647759962,2.613360133075208,264.5629665485059,0.7885326349456379,0.519207002213814,64.21223513996514,5.059962193906736,5.858496203410685,45.15870469435191,5.059962193906736,5.858496203410685,2.61336014,0.78853263,0.51920695,45.15870974181389,5.059946047841708,5.858514737491241,64.21223513996514,45.15870469435191,45.15870974181389,19.05352539815126,-5.047461975493661e-06,1.311611352861064e-08,1.2283579101796116e-12,-1.311488517070046e-08,0.005624376951944327,3.719593394599541e-15,-0.0056243769519406074,0.00562432,True,46.101578947368424,0.698
random_IR_0006.npz,106751966920.72363,19818.52610434,0.00432998,2.89114307,761.06998472,0.6861589,0.72414565,171318505762.83295,20172.463876074933,0.0034483828908896,2.891142941520044,616.9378275347882,0.6861588712811552,0.7241456573616774,85.8138216612701,8.976846333530954,8.868850844612712,69.56236655794982,8.976846333530954,8.868850844612712,2.89114307,0.6861589,0.72414565,69.5623792973453,8.976845948324273,8.868843098331634,85.8138216612701,69.56236655794982,69.5623792973453,16.251442363924795,-1.2739395486960348e-05,3.840529227971956e-09,2.0475586287246883e-13,-3.840324472109084e-09,0.004091735549588257,3.5112627134702142e-15,-0.004091735549584746,0.00409173,True,67.93736842105264,0.601
random_IR_0007.npz,102050610536.46622,19867.96442649,0.00140618,3.12313033,998.26096133,0.5731739,0.66455985,99188531844.29764,15037.991948821396,0.001240901886517,3.123130468189068,666.7700477785132,0.5731738858508781,0.6645598919528501,27.937934217241708,0.9027999878141694,35.731380622763794,18.66068552576875,0.9027999878141694,35.731380622763794,3.12313033,0.5731739,0.66455985,18.66067257871993,0.9028050531466348,35.73129773140534,27.937934217241708,18.66068552576875,18.66067257871993,9.277261638521779,1.2947048819711426e-05,3.7245392547902156e-08,4.5375764777533245e-12,-3.72408549714244e-08,0.0013334088799558993,1.1204130848767563e-14,-0.0013334088799446951,0.00133343,True,18.806842105263158,1.789
random_IR_0008.npz,97006534452.50128,19455.46990529,0.00291336,2.1547611,360.64372723,0.61234964,0.5890416,82612856044.4483,21011.42815551345,0.0032807870816715,2.1547612357336057,438.60712744718575,0.612349610486469,0.5890416637636482,56.68078780327567,3.7617943414273967,6.362715502150411,68.9340781671765,3.7617943414273967,6.362715502150411,2.1547611,0.61234964,0.5890416,68.93402206007737,3.761799410073101,6.362709070782652,56.68078780327567,68.9340781671765,68.93402206007737,-12.253234256801697,5.610709912673428e-05,1.108402880589665e-08,5.173094483161556e-13,-1.1083511496448335e-08,0.0023260829943977184,5.270958408974088e-14,-0.002326082994345009,0.00232607,True,67.93736842105264,0.675
random_IR_0009.npz,107946056409.15482,10045.50523175,0.00221422,2.99401419,733.39063112,0.56408386,0.83160146,91322346297.76453,7025.201129630132,0.0020131664101591,2.994014143849656,466.3161097485777,0.5640838191705095,0.831601498837984,22.242958594245483,4.682998435774586,32.971811191957926,14.142905632811757,4.682998435774586,32.971811191957926,2.99401419,0.56408386,0.83160146,14.142898938783146,4.683010453498064,32.971748703501625,22.242958594245483,14.142905632811757,14.142898938783146,8.100059655462337,6.694028611420322e-06,3.796541037104362e-08,2.372017729804221e-12,-3.796303835331381e-08,0.0010164831134118317,7.37993958509338e-15,-0.0010164831134044517,0.00101649,True,13.347894736842106,0.814
random_IR_0010.npz,93060442795.60677,18319.5430295,0.00169654,1.5007305,359.11423351,0.92059288,0.55708824,81856495196.33838,17864.672721141178,0.0017863294467202,1.50073055891098,368.7314834092575,0.920593004674414,0.5570882198680419,31.07983753126793,1.2996492581420687,11.55457241849197,31.91228386811955,1.2996492581420687,11.55457241849197,1.5007305,0.92059288,0.55708824,31.91219093779357,1.2996567710331561,11.55456496634862,31.07983753126793,31.91228386811955,31.91219093779357,-0.832353406525641,9.293032598023387e-05,3.868538822615619e-09,7.050892855686719e-12,-3.8614879297599325e-09,1.0733447995966291e-05,1.4522219763926732e-13,-1.0733447850744093e-05,1.073e-05,True,29.724736842105266,0.779
random_IR_0011.npz,98986576138.4998,11483.20849252,0.00353696,3.93173232,999.98029748,0.52920192,0.64857538,180107327647.94016,13801.095771206865,0.0028746048065908,3.931732448538848,976.7613205794552,0.5292020182046171,0.6485754116624407,40.61564910970354,9.585633649439067,24.62056668795411,39.67272375729961,9.585633649439067,24.62056668795411,3.93173232,0.52920192,0.64857538,39.672696240131216,9.585650388125048,24.62049250868422,40.61564910970354,39.67272375729961,39.672696240131216,0.9429528695723235,2.751716839100027e-05,4.635009598352724e-10,3.544764308471837e-13,-4.631464834044252e-10,1.3775383772838476e-05,2.6021012063063743e-14,-1.3775383746817464e-05,1.378e-05,True,40.64263157894737,0.752
random_IR_0012.npz,120238352078.99509,17800.30744867,0.00330992,1.44856998,380.86161528,0.54143227,0.84931144,130382238160.7445,8408.08377260675,0.0021845607900885,1.44857002751819,118.73653167705451,0.5414322732109044,0.8493113384913098,58.917593630501806,6.578062319926037,6.4643104344782145,18.36795520673001,6.578062319926037,6.4643104344782145,1.44856998,0.54143227,0.84931144,18.367970129416097,6.578049665998129,6.464325172594837,58.917593630501806,18.36795520673001,18.367970129416097,40.549623501085705,-1.4922686087714965e-05,1.4074073817482713e-07,4.550700528210827e-12,-1.4073618747429892e-07,0.025474014155116336,1.1529403855468953e-14,-0.025474014155104807,0.02547394,True,18.806842105263158,0.393
random_IR_0013.npz,111570473722.41754,5667.33039805,0.00282502,2.74314432,968.43739647,0.96535518,0.66609869,155119813820.09543,4196.081602258703,0.0020615579637577,2.743144217199068,523.252820986165,0.965355136812345,0.6660987867011486,16.010321721099213,13.965653931413224,60.48831580902863,8.650465441725874,13.965653931413224,60.48831580902863,2.74314432,0.96535518,0.66609869,8.650465443713598,13.965674871627598,60.48840081390296,16.010321721099213,8.650465441725874,8.650465443713598,7.3598562773856155,-1.987723763363647e-09,2.3520627223660995e-08,1.829422897892119e-12,-2.3518797800763103e-08,0.000839194058800022,1.6917148955153066e-14,-0.0008391940587831048,0.0008392,True,7.888947368421054,0.478
random_IR_0014.npz,185041062835.1103,12235.46239257,0.00136454,3.03549005,994.95740514,0.79739128,0.51985265,95028278387.08888,7870.83454740738,0.0015271914496175,3.035490101894677,716.3300408465243,0.7973913380569407,0.5198526976318718,16.695777853157466,2.5030397550585914,59.593354313338324,12.020272661340037,2.5030397550585914,59.593354313338324,3.03549005,0.79739128,0.51985265,12.020271222154577,2.5030327003928234,59.59350064632947,16.695777853157466,12.020272661340037,12.020271222154577,4.675506631002889,1.4391854605833032e-06,3.624292332915502e-08,3.241398902759096e-12,-3.623968193025226e-08,0.0003386734001969149,2.5279530176954823e-14,-0.00033867340017163536,0.00033867,True,13.347894736842106,1.097
random_IR_0015.npz,76829785499.73698,6478.2471688,0.00144661,3.50392597,830.66025769,0.98147235,0.63188905,179484685384.75702,7506.149896012699,0.0010187819047701,3.503926084730353,677.8197586308621,0.9814723871075448,0.6318890403247794,9.371497136857768,2.2060863637705155,88.63687899162264,7.647126364054156,2.2060863637705155,88.63687899162264,3.50392597,0.98147235,0.63188905,7.647129688549706,2.2060740593991834,88.63714703907578,9.371497136857768,7.647126364054156,7.647129688549706,1.7243674483080618,-3.3244955499611706e-06,9.833443392892605e-09,5.347211822631648e-12,-9.828096181069973e-09,4.60663036400773e-05,7.278868786136358e-14,-4.606630356728861e-05,4.606e-05,True,7.888947368421054,1.315
random_IR_0016.npz,114120150001.0259,7581.31559934,0.0049202,2.7708562,956.76945749,0.72909152,0.9247402,212770598762.0987,6623.934693643624,0.0033681677250873,2.770856269811727,572.2561832718154,0.7290914355226374,0.9247402495108528,37.301589011872665,32.391476777406076,25.64956300348147,22.31051915705924,32.391476777406076,25.64956300348147,2.7708562,0.72909152,0.9247402,22.31052304821649,32.39145608935976,25.649608574172884,37.301589011872665,22.31051915705924,22.31052304821649,14.991065963656176,-3.89115724885869e-06,1.2572051844017551e-08,5.558150511023041e-13,-1.2571496028966449e-08,0.0034816792861685607,1.0797544372872873e-14,-0.0034816792861577634,0.00348167,True,24.26578947368421,0.351
random_IR_0017.npz,89230582261.37634,7423.97159969,0.00285399,3.1284898,796.64457794,0.79482363,0.94205035,201808789158.0077,9884.307927923312,0.0021897478034205,3.1284898984207627,813.7996817242802,0.7948237075915707,0.9420503273088778,21.187940705799264,8.702214756922368,37.598962022862075,21.644139286144686,8.702214756922368,37.598962022862075,3.1284898,0.79482363,0.94205035,21.644141573501905,8.70220853626461,37.599074047851545,21.187940705799264,21.644139286144686,21.644141573501905,-0.45620086770264123,-2.2873572191883795e-06,7.688381598036642e-10,6.801745039593243e-13,-7.681579852997049e-10,3.2243037598421836e-06,1.7320037525956044e-14,-3.2243037425221463e-06,3.22e-06,True,24.26578947368421,0.646
random_IR_0018.npz,103571842681.4922,20208.2711657,0.00490794,3.10834159,624.66815768,0.71768907,0.80713272,165530500482.13452,20404.372332796607,0.0039010171192785,3.108341611225521,501.329368682883,0.717688973793508,0.8071326749226829,99.18098238498567,10.973837105677406,6.298265480525874,79.59775155376369,10.973837105677406,6.298265480525874,3.10834159,0.71768907,0.80713272,79.59780577837215,10.973823687273573,6.298281262661405,99.18098238498567,79.59775155376369,79.59780577837215,19.58317660661352,-5.422460846205013e-05,2.567214441029364e-09,1.975991120945278e-13,-2.5670168419172695e-09,0.005941416725600206,5.438585286692039e-14,-0.00594141672554582,0.00594138,True,78.85526315789475,0.585
random_IR_0019.npz,103235944526.81696,8159.45381107,0.00280791,1.15566022,869.60889592,0.72009648,0.5763823,161556360636.82275,7883.459015556348,0.0022062992666981,1.1556602750970673,660.1769357573102,0.7200966634634254,0.5763822914690007,22.911011950641562,8.867142582091448,37.95593567815536,17.393273304380862,8.867142582091448,37.95593567815536,1.15566022,0.72009648,0.5763823,17.393269845066495,8.86714001117632,37.95588418037254,22.911011950641562,17.393273304380862,17.393269845066495,5.517742105575067,3.4593143674044313e-06,7.756129605240858e-08,2.8685489313756696e-12,-7.75584275034772e-08,0.00047167898750182375,2.6297807996567738e-14,-0.00047167898747552594,0.00047168,True,18.806842105263158,0.302
random_IR_0020.npz,131659957303.32864,17331.59511177,0.00422758,1.96501869,997.93198322,0.82953054,0.72139509,166939725438.14145,13227.314678372082,0.003279859642805,1.9650187452724888,590.8768525205608,0.8295306023008275,0.7213950333626472,73.27070486261661,12.0683062363448,13.619795047572335,43.38372989498672,12.0683062363448,13.619795047572335,1.96501869,0.82953054,0.72139509,43.383735596274796,12.068297428414555,13.619778112682791,73.27070486261661,43.38372989498672,43.383735596274796,29.886969266341815,-5.701288074533295e-06,1.7207218760972864e-08,5.755498616762111e-13,-1.7206643211111188e-08,0.013838451225288597,6.08769583540568e-15,-0.01383845122528251,0.01383842,True,46.101578947368424,0.392
random_IR_0021.npz,80255217982.85382,21208.39316158,0.00399854,3.69998517,779.41043548,0.85490539,0.5591111,190347680324.05112,19198.15907429464,0.0024702474801915,3.699985127968082,435.87056661637416,0.8549054059347795,0.5591111747830275,84.8026083923041,5.377939104164032,9.190878090381146,47.42424198075039,5.377939104164032,9.190878090381146,3.69998517,0.85490539,0.5591111,47.42420407759191,5.3779456666408,9.19088838904361,84.8026083923041,47.42424198075039,47.42420407759191,37.378404314712185,3.790315847851389e-05,8.359987369033206e-09,3.1231823225709443e-13,-8.359675050800949e-09,0.021645381676836623,2.6632943377340456e-14,-0.02164538167680999,0.02164543,True,46.101578947368424,0.922
random_IR_0022.npz,152246700102.69574,4179.66881222,0.00394653,3.76649968,815.29119533,0.58962136,0.81162417,199823286777.3368,5239.628127570282,0.0038569651981964,3.766499579859553,998.8470180978009,0.5896215379914237,0.8116241864990836,16.495188357490598,50.429459351035376,49.42600094407347,20.20906542355523,50.429459351035376,49.42600094407347,3.76649968,0.58962136,0.81162417,20.209063339529546,50.429487111863814,49.42569585320788,16.495188357490598,20.20906542355523,20.209063339529546,-3.7138749820389485,2.0840256844678606e-06,5.017374959948029e-09,2.8934260586435667e-13,-5.0170856173421645e-09,0.00021368709457743792,1.1723375988286153e-13,-0.00021368709446020417,0.00021369,True,18.806842105263158,0.373
random_IR_0023.npz,156458826327.83612,13728.01015489,0.00408272,1.45907797,784.70567402,0.54389202,0.85174015,129299044475.57794,13129.093885954357,0.0043920329172889,1.4590779502633804,807.3208855354235,0.5438918277730177,0.8517400988408361,56.047621619572496,16.88648063919197,14.000695325597391,57.66341584785561,16.88648063919197,14.000695325597391,1.45907797,0.54389202,0.85174015,57.663412521287974,16.886483181673185,14.0005741983685,56.047621619572496,57.66341584785561,57.663412521287974,-1.615790901715478,3.326567636463551e-06,1.306712515969366e-09,4.3976318897173683e-13,-1.3062727527803943e-09,4.04477204387957e-05,4.2111778288859784e-14,-4.044772039668392e-05,4.045e-05,True,57.01947368421053,0.284
random_IR_0024.npz,115204825089.10976,15265.73052767,0.00436941,2.41527377,715.59580085,0.5157401,0.68638921,197937911386.0695,20769.80429405425,0.0038882223978813,2.4152737797664,866.3836621053699,0.515739901250651,0.6863892515943983,66.70223562490658,12.80696289078086,10.728213142271306,80.75764841817724,12.80696289078086,10.728213142271306,2.41527377,0.5157401,0.68638921,80.75761825575294,12.806965861436364,10.728197299747027,66.70223562490658,80.75764841817724,80.75761825575294,-14.055382630846367,3.01624242950993e-05,4.534412845202951e-09,1.64225200821079e-13,-4.53424862000213e-09,0.0030606176562595756,4.300103830822534e-14,-0.0030606176562165744,0.00306062,True,78.85526315789475,0.45
random_IR_0025.npz,137502648479.72284,5617.3440575,0.00181266,3.21697224,911.41197192,0.51907565,0.89891186,97599468309.14922,3451.554180777968,0.0016865187090457,3.216972631029768,521.0413958380673,0.5190756792857009,0.8989118746451361,10.18233487926795,7.149245629666218,89.50913348722284,5.821121392150724,7.149245629666218,89.50913348722284,3.21697224,0.51907565,0.89891186,5.821110701166948,7.1492841875356605,89.50893095601413,10.18233487926795,5.821121392150724,5.821110701166948,4.361224178101002,1.0690983776484586e-05,7.062549656211559e-08,8.256032142661685e-12,-7.061724052997292e-08,0.00029467314324189763,5.2052687083971024e-14,-0.0002946731431898449,0.00029468,True,7.888947368421054,0.722
random_IR_0026.npz,162708626062.94775,20418.02488893,0.0018065,1.74938154,917.1723664,0.59070021,0.8145243,71871356218.2901,15672.990756162417,0.0023814067227876,1.7493815953751024,928.0820126526562,0.5907001366839773,0.8145244167348842,36.88516196185204,2.3116403063654944,24.86561852022156,37.323762971824394,2.3116403063654944,24.86561852022156,1.74938154,0.59070021,0.8145243,37.323765552913095,2.3116314307873376,24.86571220518826,36.88516196185204,37.323762971824394,37.323765552913095,-0.43860359106105307,-2.5810887009924954e-06,1.2737598753531643e-09,3.3885288238527655e-12,-1.2703713465293115e-09,2.9803557240879743e-06,2.2317542404988075e-14,-2.980355701770432e-06,2.98e-06,True,35.183684210526316,0.698
random_IR_0027.npz,127922537758.31972,12202.50577188,0.00196798,2.77396304,822.72560722,0.79905579,0.86775973,148951818862.8186,13972.559972158844,0.001951571285498,2.773962906952086,934.2146557848146,0.7990558884137398,0.8677597944632172,24.0142873089444,3.609000010178836,34.259838596732635,27.26844877916035,3.609000010178836,34.259838596732635,2.77396304,0.79905579,0.86775973,27.268446826563935,3.6089938747074815,34.25991446182173,24.0142873089444,27.26844877916035,27.268446826563935,-3.2541595176195344,1.952596416998631e-06,7.0791923434398996e-09,1.1633384143158731e-12,-7.078029005025584e-09,0.00016405950981026427,1.5837242508843913e-14,-0.00016405950979442703,0.00016406,True,29.724736842105266,0.85
random_IR_0028.npz,81192413737.82292,7363.46150774,0.00466302,2.00464041,468.59771535,0.87237989,0.75032481,211488975667.54184,5930.42851055032,0.0025928842488643,2.0046404868908456,209.8516505376324,0.8723798895741509,0.7503248162226079,34.33596827982178,21.311571014929545,13.647429760277966,15.376915405277014,21.311571014929545,13.647429760277966,2.00464041,0.87237989,0.75032481,15.376914674021696,21.311567565967618,13.647188333051181,34.33596827982178,15.376915405277014,15.376914674021696,18.95905360580008,7.312553176319625e-07,4.3130995663887006e-08,1.0866565893635771e-12,-4.312990900729764e-08,0.0055687412945850424,5.75648528497902e-14,-0.005568741294527477,0.00556874,True,13.347894736842106,0.324
random_IR_0029.npz,101358004222.35632,17631.72743442,0.00276831,1.75950239,132.50808997,0.85120838,0.69509837,114704769945.09769,10597.03256049267,0.0020174259270815,1.7595024211226375,58.03858003227238,0.8512083095195752,0.6950984012533157,48.810087373979236,3.9159767767765548,2.714768546811501,21.378724036084883,3.9159767767765548,2.714768546811501,1.75950239,0.85120838,0.69509837,21.378728237664763,3.915974749684287,2.7147816926743458,48.810087373979236,21.378724036084883,21.378728237664763,27.431359136314473,-4.201579880458439e-06,7.904127841129593e-08,1.6966192990450213e-12,-7.903958179199689e-08,0.011657847919611546,4.605971091275657e-15,-0.01165784791960694,0.01165784,True,24.26578947368421,0.559
random_IR_0030.npz,109491509197.40633,18066.6603573,0.00133692,1.62085071,97.26042693,0.77292385,0.94936882,136415617217.07494,15202.584141773066,0.0010987149135653,1.620850664922941,67.25895896693396,0.7729238134432739,0.9493689335897676,24.153679564881514,0.9628549777387648,4.026733345896199,16.703347145857578,0.9628549777387648,4.026733345896199,1.62085071,0.77292385,0.94936882,16.703305921297396,0.9628623232878519,4.026685452798661,24.153679564881514,16.703347145857578,16.703305921297396,7.450373643584118,4.1224560181518655e-05,7.232824117409109e-08,1.8162452444792088e-11,-7.23100787216463e-08,0.0008599631475813574,3.873363851918997e-14,-0.0008599631475426238,0.00085998,True,18.806842105263158,0.953
random_IR_0031.npz,142614015899.23883,12101.84470968,0.00167737,3.97198299,976.5210956,0.88160559,0.66680838,70159602918.25648,7380.460682658432,0.0018675879375938,3.9719829474504422,663.0815723180698,0.8816055403797093,0.6668084039030092,20.29927126067594,2.947242382453535,48.106214408382804,13.783624207353071,2.947242382453535,48.106214408382804,3.97198299,0.88160559,0.66680838,13.783659344818192,2.94722470798359,48.10635229224144,20.29927126067594,13.783624207353071,13.783659344818192,6.515611915857749,-3.51374651206271e-05,1.9262470729586312e-08,3.1447936702649892e-12,-1.9259325935916047e-08,0.0006577095549773999,4.1269895550982023e-14,-0.00065770955493613,0.0006577,True,13.347894736842106,1.287
random_IR_0032.npz,88068655583.48206,7512.37866018,0.00367315,2.21204526,479.74881084,0.64403559,0.90104297,200515550283.45148,14254.858659513597,0.0033532684542144,2.2120452930985044,831.0501447516381,0.6440355970596615,0.9010429486171564,27.594093675640167,14.059461982644484,17.385923831356642,47.800378856724045,14.059461982644484,17.385923831356642,2.21204526,0.64403559,0.90104297,47.800367862231916,14.059480287314187,17.38585249274344,27.594093675640167,47.800378856724045,47.800367862231916,-20.20627418659175,1.0994492129157152e-05,2.3093878809277157e-08,5.615512937463818e-13,-2.309331725798341e-08,0.006325519764022493,8.638445897664545e-15,-0.006325519764013855,0.00632551,True,46.101578947368424,0.404
random_IR_0033.npz,132029931249.14288,3991.51871013,0.00478364,1.63834417,420.95204399,0.86811933,0.63443135,211947700344.80545,6481.544329734899,0.0048111666278877,1.6383442384872615,687.4914015050514,0.8681193453173773,0.6344314048715627,19.09398856252627,67.2819674863472,22.046312775957013,31.18378160204267,67.2819674863472,22.046312775957013,1.63834417,0.86811933,0.63443135,31.183789776395297,67.2819372044199,22.04643522916034,19.09398856252627,31.18378160204267,31.183789776395297,-12.089801213869027,-8.174352625900383e-06,2.134064480685538e-08,5.566974832504901e-13,-2.134008810937213e-08,0.002264446442949253,2.1924526962184414e-14,-0.0022644464429273283,0.00226445,True,29.724736842105266,0.206
random_IR_0034.npz,152153135176.39642,15131.60444434,0.00442455,1.71860457,88.37524813,0.69334349,0.73715188,131976876718.98044,6330.437418292857,0.0030728028557226,1.7186047343656978,25.67246142735103,0.6933432903637705,0.7371519579387572,66.95054044420455,17.49772625086424,1.3200079871446362,19.45217220545323,17.49772625086424,1.3200079871446362,1.71860457,0.69334349,0.73715188,19.452186176903492,17.497701349473743,1.3197725537828322,66.95054044420455,19.45217220545323,19.452186176903492,47.49835426730105,-1.3971450261607288e-05,9.24053509265832e-08,2.532234187960225e-12,-9.240281869239524e-08,0.034952710359047214,9.255217547547217e-14,-0.03495271035895466,0.03495262,True,18.806842105263158,0.312
random_IR_0035.npz,155751688786.9005,5202.35072901,0.00343344,1.90512312,993.61198161,0.57471338,0.86126122,146159003394.57947,4639.598892086222,0.0033471373858326,1.905123248254723,863.8569673671722,0.5747133721091251,0.861261243784371,17.861959087012092,31.371807311410247,55.62726780247089,15.529377397808481,31.371807311410247,55.62726780247089,1.90512312,0.57471338,0.86126122,15.529374906969304,31.371818366279232,55.627285228299094,17.861959087012092,15.529377397808481,15.529374906969304,2.3325841800427884,2.4908391775824157e-06,1.1707876446109822e-08,9.434372770858457e-13,-1.1706933008832736e-08,8.429433427640586e-05,1.6614715180085302e-15,-8.429433427474439e-05,8.429e-05,True,13.347894736842106,0.277
random_IR_0036.npz,107085828191.42984,7081.27687094,0.00439783,2.24857303,339.61396454,0.68424998,0.97081165,141672610939.29004,5153.137875655491,0.003261685247434,2.248573138141152,183.28800341571647,0.6842502415464783,0.9708116531738784,31.14225186132606,25.99828960310045,10.90524750914846,16.80792139261051,25.99828960310045,10.90524750914846,2.24857303,0.68424998,0.97081165,16.807913787018897,25.998345533491218,10.904863371995258,31.14225186132606,16.80792139261051,16.807913787018897,14.334338074307162,7.605591612502849e-06,2.1539289463134992e-08,1.7569926633390076e-12,-2.1537532470471653e-08,0.003183310630535526,2.0675887325810117e-13,-0.003183310630328767,0.00318332,True,18.806842105263158,0.328
random_IR_0037.npz,171318529850.70123,4427.03081874,0.00395256,3.31944318,990.07114376,0.79639302,0.98134884,151485447898.1282,3998.341786309949,0.0039946544794021,3.319443236040199,903.720702548536,0.7963932737883268,0.9813488254881422,17.498104932918974,53.739820766885835,56.58162112729082,15.97201389781311,53.739820766885835,56.58162112729082,3.31944318,0.79639302,0.98134884,15.97199392686363,53.73990798163516,56.581583156536844,17.498104932918974,15.97201389781311,15.97199392686363,1.5261110060553431,1.997094947903122e-05,1.4199753595178777e-09,6.240701315093911e-13,-1.4193512893863683e-09,3.6082447068260834e-05,8.392335571159321e-14,-3.608244698433748e-05,3.608e-05,True,18.806842105263158,0.334
random_IR_0038.npz,116354218303.77998,9532.25346968,0.00491145,1.94722795,873.28133379,0.83825898,0.89472492,209217985469.20517,2738.877036319715,0.0019633151196617,1.947227827698392,100.30293932607516,0.8382591078295459,0.8947249268913375,46.81718630365984,26.172998642659916,18.653007639669557,5.3772823616155225,26.172998642659916,18.653007639669557,1.94722795,0.83825898,0.89472492,5.377278696300723,26.173028681627173,18.653104105442434,46.81718630365984,5.3772823616155225,5.377278696300723,41.43990760735912,3.6653147992282697e-06,1.8956723124574637e-07,4.489612674685173e-12,-1.8956274163307169e-07,0.026604879137988115,2.47642807412805e-14,-0.02660487913796335,0.02660492,True,7.888947368421054,0.298
random_IR_0039.npz,83357613727.31767,8286.85534705,0.00456575,1.91701734,62.59108109,0.93948758,0.67569785,216556756380.9004,11559.798803570911,0.0033456406647453,1.9170173066864524,63.96462656831992,0.9394875702051296,0.6756978864000543,37.83570980079354,18.639199157938787,1.6542858960369566,38.674917163585796,18.639199157938787,1.6542858960369566,1.91701734,0.93948758,0.67569785,38.67493295350091,18.639211161277434,1.6539040066397777,37.83570980079354,38.674917163585796,38.67493295350091,-0.839223152707369,-1.5789915110531183e-05,5.700208638437232e-10,5.234212043826736e-13,-5.694974426393405e-10,1.0911354171421118e-05,1.4899389179313695e-13,-1.0911354022427226e-05,1.091e-05,True,40.64263157894737,0.33
random_IR_0040.npz,82583096411.42819,15760.88419625,0.00258127,3.88855323,995.83754409,0.81891939,0.93840111,189277995864.91592,20127.90084848217,0.0019268065058848,3.8885534481703456,949.3193292274572,0.8189194890647277,0.938401103646224,40.683097549254235,3.1033083499472487,24.477918449654894,38.78262896274748,3.1033083499472487,24.477918449654894,3.88855323,0.81891939,0.93840111,38.782570304659636,3.1033112092077966,24.47798899789266,40.683097549254235,38.78262896274748,38.782570304659636,1.900527244594599,5.865808784477622e-05,9.250912813563161e-10,3.492141471828081e-13,-9.247420672091333e-10,5.595925615606775e-05,6.602197456410348e-14,-5.595925609004577e-05,5.596e-05,True,40.64263157894737,1.234
random_IR_0041.npz,152038896200.58258,3966.30304249,0.00475441,1.94975879,989.49794712,0.58258896,0.99109627,120126728243.6296,2678.85292586731,0.0043957742212516,1.9497588250726103,617.8805131506047,0.5825890218646008,0.991096401010944,18.857430848244878,77.02107109444718,52.472574609074904,11.77579445929387,77.02107109444718,52.472574609074904,1.94975879,0.58258896,0.99109627,11.775632634051947,77.02097487831016,52.47110982078884,18.857430848244878,11.77579445929387,11.775632634051947,7.081798214192931,0.000161825241923097,5.5640292373482225e-09,6.457183962874091e-13,-5.563383518951935e-09,0.0007769817724449947,2.57012893379004e-12,-0.0007769817698748658,0.00077698,True,13.347894736842106,0.217
random_IR_0042.npz,133128162971.89069,13548.75795559,0.00292352,2.48727372,905.25770458,0.91283775,0.60302544,87945741567.89664,9359.39059523681,0.0029895654619946,2.487273890415965,639.4761216735596,0.9128376892651804,0.6030254768323514,39.610064858326474,7.4650044496897605,22.854234342151166,27.980526858280115,7.4650044496897605,22.854234342151166,2.48727372,0.91283775,0.60302544,27.980510868837047,7.46501794118445,22.854340461158927,39.610064858326474,27.980526858280115,27.980510868837047,11.629553989489427,1.5989443067354614e-05,1.257199766513395e-08,1.0311860957137875e-12,-1.2570966479038236e-08,0.002095317556165629,1.9872989193795637e-14,-0.002095317556145756,0.00209533,True,29.724736842105266,0.571
random_IR_0043.npz,219043552825.0136,19419.91110011,0.00192245,2.58282509,103.3033309,0.98080888,0.95421211,215856681820.5389,18639.20052752765,0.0018972681158989,2.5828250493847227,97.85350604918912,0.98080898245087,0.9542121946183776,37.33380809440647,3.7054488412654565,2.767018318591438,35.36391265105232,3.7054488412654565,2.767018318591438,2.58282509,0.98080888,0.95421211,35.363560866724164,3.7054683686932335,2.767071631105615,37.33380809440647,35.36391265105232,35.363560866724164,1.9702472276823073,0.00035178432815285987,7.041976446409137e-10,1.4727121432078771e-12,-7.027249324977058e-10,6.0140243713910825e-05,1.9339016924631635e-12,-6.014024178000913e-05,6.015e-05,True,35.183684210526316,0.79
random_IR_0044.npz,67960585981.72466,19708.97975548,0.00400504,3.34473721,272.13757966,0.57491893,0.53617928,102531823752.15424,10086.134022579578,0.0023325806081145,3.3447372648260525,81.1105789740969,0.5749189410314117,0.5361793190755444,78.9352522798876,4.916478732555161,3.447605116850175,23.526734280431235,4.916478732555161,3.447605116850175,3.34473721,0.57491893,0.53617928,23.52672063191302,4.916485320456032,3.4475939185537725,78.9352522798876,23.526734280431235,23.52672063191302,55.408531647974584,1.3648518216058392e-05,5.4013653993933985e-08,9.956065919608514e-13,-5.4012658387342025e-08,0.04756385166535404,4.3925548295258866e-15,-0.04756385166534965,0.04756393,True,24.26578947368421,0.877
random_IR_0045.npz,87492056195.12036,5254.25169224,0.0010006,3.20422373,746.09882361,0.55390556,0.83930344,79166878635.77364,5192.596933527051,0.0010457098345001,3.2042236562106785,770.5830426952912,0.5539054867769166,0.8393034256034181,5.257404243255344,1.4819250016188144,141.91391589626392,5.429948979283202,1.4819250016188144,141.91391589626392,3.20422373,0.55390556,0.83930344,5.4299496799843,1.4819336920135209,141.9134776765591,5.257404243255344,5.429948979283202,5.4299496799843,-0.17254543672895561,-7.007010980331074e-07,8.080633939755444e-09,1.3004691941376212e-11,-8.067629247814068e-09,4.6124415061427506e-07,1.9328583664453634e-13,-4.6124395732843843e-07,4.6e-07,True,7.888947368421054,1.455
random_IR_0046.npz,70450391314.56606,16558.53159547,0.00402438,1.81156489,744.17550611,0.64246066,0.57442652,178237772194.83322,18608.362067981325,0.0026821578667203,1.81156490857325,557.3732176360037,0.6424606735669702,0.5744265716526525,66.63782338217757,6.125013217587842,11.167464186848445,49.91060447117818,6.125013217587842,11.167464186848445,1.81156489,0.64246066,0.57442652,49.91056470741574,6.125023329071169,11.167439617311901,66.63782338217757,49.91060447117818,49.91056470741574,16.727258674761835,3.97637624445224e-05,2.024050438365066e-08,1.1116071171185515e-12,-2.023939277653354e-08,0.004334842068467783,2.749906542955714e-14,-0.004334842068440284,0.00433487,True,51.560526315789474,0.477
random_IR_0047.npz,78282894023.20451,20667.0689845,0.0044758,1.26058551,998.54606393,0.85085646,0.64892414,171542044338.7951,11005.442655849018,0.0022063945379237,1.260585529221474,262.12552805818586,0.85085646836304,0.6489242348252616,92.50166736082511,6.744920031086228,10.79489799935097,24.28235720427962,6.744920031086228,10.79489799935097,1.26058551,0.85085646,0.64892414,24.28234856329777,6.744921369975301,10.794900146289093,92.50166736082511,24.28235720427962,24.28234856329777,68.21931879752734,8.640981850049911e-06,1.2758589207351179e-07,1.6370159351339342e-12,-1.2758425505757665e-07,0.07210053550657343,7.466313199556709e-15,-0.07210053550656596,0.07210054,True,24.26578947368421,0.351
random_IR_0048.npz,150433072935.1485,3842.74061881,0.00194181,2.20178825,975.15813731,0.89156068,0.8909297,173640577983.92307,3498.7438369449173,0.0017246038469476,2.2017881721103496,788.5476268513956,0.8915607440111406,0.8909297053058891,7.461872161011446,13.120887148801627,130.6854521584056,6.033964343282129,13.120887148801627,130.6854521584056,2.20178825,0.89156068,0.8909297,6.033947080679411,13.120949225399345,130.6852075942646,7.461872161011446,6.033964343282129,6.033947080679411,1.4279250803320345,1.7262602717948994e-05,3.1139315126438305e-08,9.743169812614916e-12,-3.112957195662569e-08,3.1588905444987985e-05,8.237581499400494e-14,-3.158890536261217e-05,3.159e-05,True,7.888947368421054,0.413
random_IR_0049.npz,96026486506.68423,9790.53151897,0.00322362,1.85232517,983.22591847,0.60655652,0.73532931,123740478280.33698,7559.05176557998,0.0024952525517302,1.8523254366015292,587.6037592000371,0.6065565972909635,0.7353293830404436,31.56095321518207,9.059827518332808,31.153238996502466,18.861769621009252,9.059827518332808,31.153238996502466,1.85232517,0.60655652,0.73532931,18.86174320672412,9.059849120916661,31.15320534056254,31.56095321518207,18.861769621009252,18.86174320672412,12.69921000845795,2.6414285130726967e-05,5.848025352861441e-08,2.7984552609244817e-12,-5.847745507335349e-08,0.0024984872865617147,2.3109719422284155e-14,-0.002498487286538605,0.0024985,True,18.806842105263158,0.418
random_IR_0050.npz,153031994796.5801,11649.43140121,0.003543,1.22937566,62.07926343,0.79299594,0.98012234,113941945230.415,12184.10079803269,0.0041991835382824,1.229375673636931,76.96567742216287,0.792996044927374,0.9801223370083784,41.27393545448703,14.657749429542324,1.5040790936559734,51.16327470055266,14.657749429542324,1.5040790936559734,1.22937566,0.79299594,0.98012234,51.16327549987233,14.657750949654648,1.504314895209454,41.27393545448703,51.16327470055266,51.16327549987233,-9.889340045385296,-7.993196646793876e-07,4.7306913941724815e-09,4.170156516110357e-13,-4.7302743785208705e-09,0.001515159503562351,6.239291560062811e-14,-0.001515159503499958,0.00151516,True,51.560526315789474,0.268
random_IR_0051.npz,112535522192.86578,12995.4643278,0.00136594,2.97215372,556.93234292,0.84388225,0.646022,149035156689.62817,12018.316823583104,0.0011414497430219,2.972153708922411,430.4081354836662,0.8438823301958805,0.6460220878885654,17.751024543915133,1.436178935699562,31.37465905374519,13.718294554316401,1.436178935699562,31.37465905374519,2.97215372,0.84388225,0.646022,13.71830464983471,1.4361709796905844,31.374732262477643,17.751024543915133,13.718294554316401,13.71830464983471,4.032719894080422,-1.0095518309327645e-05,2.7918945377791715e-08,6.196423148890906e-12,-2.7912748954642824e-08,0.0002519531827308319,1.6943670766550676e-14,-0.0002519531827138882,0.00025195,True,13.347894736842106,1.373
random_IR_0052.npz,156060001912.10864,5361.19215185,0.00279933,1.47369558,938.70473724,0.77646492,0.73388649,205309545104.02023,5948.060764915881,0.0025707027061883,1.4736956398523289,956.4061587387208,0.77646491553789,0.7338865966064252,15.007746026438262,20.27616931758723,62.54801591033984,15.290690852003276,20.27616931758723,62.54801591033984,1.47369558,0.77646492,0.73388649,15.290695904941705,20.27612365736399,62.54824271468415,15.007746026438262,15.290690852003276,15.290695904941705,-0.2829498785034428,-5.05293842856247e-06,2.9079152419342336e-09,3.965253472792973e-12,-2.9039499884614406e-09,1.2403458003722974e-06,6.760283456415966e-14,-1.2403457327694628e-06,1.24e-06,True,13.347894736842106,0.271
random_IR_0053.npz,70527745586.01102,8604.49256085,0.00450142,3.6579199,996.38771965,0.84811227,0.85281477,205318792113.84653,9931.676048018318,0.0028344158470743,3.65792008966668,724.1703949351771,0.8481122598937014,0.8528148065827532,38.73243490326141,14.763226688447093,25.724892383827402,28.150486909843934,14.763226688447093,25.724892383827402,3.6579199,0.84811227,0.85281477,28.150499978511377,14.763208993521646,25.724956767658515,38.73243490326141,28.150486909843934,28.150499978511377,10.58193492475003,-1.3068667442439619e-05,5.715834028308109e-09,4.5062665079455277e-13,-5.715383401657314e-09,0.0017348179468238056,9.731208088239573e-15,-0.0017348179468140745,0.00173481,True,29.724736842105266,0.592
random_IR_0054.npz,119633851141.40282,7593.653821,0.00368465,2.05038904,636.55092496,0.90023187,0.97999163,91562439840.24425,6942.381139538539,0.0040271145709475,2.0503891645156447,636.0646948365868,0.9002318225134925,0.9799916354872592,27.979956551547648,19.012676048693873,22.750247084454124,27.957755049430823,19.012676048693873,22.750247084454124,2.05038904,0.90023187,0.97999163,27.957764244106762,19.012724366068657,22.750914174786466,27.979956551547648,27.957755049430823,27.957764244106762,0.022192307440885628,-9.194675939738772e-06,1.5082650406395004e-11,1.0874893650522632e-12,-1.399516104134274e-11,7.630521802524385e-09,4.5079915313090893e-13,-7.630071003371255e-09,1e-08,True,29.724736842105266,0.344
random_IR_0055.npz,160396445707.41888,6729.07201396,0.00302581,2.42860252,470.8557505,0.79211799,0.91217589,212636794955.40863,11025.800923052511,0.0033639366612947,2.428602599054124,857.7240669671127,0.7921180694019875,0.9121758891436444,20.360893390560307,19.3985982808552,23.12549559924014,37.09015462066951,19.3985982808552,23.12549559924014,2.42860252,0.79211799,0.91217589,37.09009594519329,19.398643789701126,23.125420549856244,20.360893390560307,37.09015462066951,37.09009594519329,-16.729202554632984,5.867547621818403e-05,2.0171537329360945e-08,7.098275960071287e-13,-2.0170827501764937e-08,0.00433584963368259,7.193349853010575e-14,-0.004335849633610656,0.00433584,True,35.183684210526316,0.383
random_IR_0056.npz,138470488849.09808,18835.38502169,0.0047099,3.73564701,232.80780024,0.54072936,0.71777577,127960441568.8106,14253.290654359967,0.0042620952750742,3.735646783396941,159.42286930432144,0.5407293464914394,0.7177758034260225,88.71277991365774,14.496180013542418,2.6242870583763342,60.74889568382242,14.496180013542418,2.6242870583763342,3.73564701,0.54072936,0.71777577,60.74888275220687,14.496206725085107,2.6242930253483547,88.71277991365774,60.74889568382242,60.74888275220687,27.963897161450873,1.2931615550826336e-05,3.959353289673118e-09,2.611684468949854e-13,-3.959092121226223e-09,0.01211488026033985,7.49180201548567e-15,-0.012114880260332358,0.01211495,True,62.47842105263158,0.609
random_IR_0057.npz,88798058620.56621,15145.30181007,0.00442209,1.85018364,24.80351004,0.68478636,0.51800084,121371433816.20525,20458.8751710333,0.004396153233714,1.8501837939792825,33.31429350043072,0.684786376297246,0.5180009663150169,66.97388768129244,10.19126678946404,0.3703459795858359,89.94038001995452,10.19126678946404,0.3703459795858359,1.85018364,0.68478636,0.51800084,89.94035024128912,10.191259293389413,0.37040431142480756,66.97388768129244,89.94038001995452,89.94035024128912,-22.966462559996685,2.9778665393109804e-05,1.3386546982019354e-08,4.646720833632878e-13,-1.338608230993599e-08,0.008171691234314599,2.904884848474918e-14,-0.00817169123428555,0.00817171,True,89.77315789473685,0.399
random_IR_0058.npz,141756583125.6504,3951.87827444,0.00305043,1.63717371,999.43458053,0.9360494,0.73253953,211631134622.2992,4302.7606881599,0.0026050380032144,1.6371737431849334,929.2921243885409,0.9360493799678498,0.7325395744847004,12.05492804470001,29.669435401526844,82.90672302846343,11.20883510330101,29.669435401526844,82.90672302846343,1.63717371,0.9360494,0.73253953,11.208855111393484,29.669345943596934,82.90696196473641,12.05492804470001,11.20883510330101,11.208855111393484,0.8460729333065249,-2.000809247526547e-05,6.849359301952518e-09,5.2404304853870265e-12,-6.844118871467131e-09,1.1090199036351984e-05,9.71056133202789e-14,-1.109019893924637e-05,1.109e-05,True,13.347894736842106,0.257
random_IR_0059.npz,219533915376.7527,5828.71077272,0.00150029,2.04743257,911.83071935,0.72010994,0.54335631,69387727860.36472,3051.802319739506,0.0019309765171162,2.047432557127954,614.4685618298096,0.7201099040241365,0.543356296247613,8.744756485204089,7.5357594018080025,104.27171081239311,5.8929588313633126,7.5357594018080025,104.27171081239311,2.04743257,0.72010994,0.54335631,5.892958614297731,7.53577164852079,104.27165742161526,8.744756485204089,5.8929588313633126,5.892958614297731,2.851797870906358,2.1706558150924593e-07,1.424316735665343e-07,7.09540325799507e-12,-1.424245781632763e-07,0.00012599729292571405,4.458398926578222e-15,-0.00012599729292125564,0.000126,True,7.888947368421054,0.484
random_IR_0060.npz,123472950230.96793,14816.20912461,0.00244857,1.83062901,995.94117078,0.56658746,0.81305527,68841542103.34111,4893.8383468468455,0.0018846436613843,1.8306288659136696,253.1986618109147,0.5665873055979865,0.8130553271612464,36.27852517624631,4.441270773488093,27.452636675321667,9.22313734940434,4.441270773488093,27.452636675321667,1.83062901,0.56658746,0.81305527,9.223141420224328,4.441267630558165,27.45254033031582,36.27852517624631,9.22313734940434,9.223141420224328,27.055383756021982,-4.0708199886552165e-06,2.4990825409076933e-07,4.366184844228904e-11,-2.4986459224232704e-07,0.011340471988428642,2.866093064119923e-14,-0.011340471988399981,0.01134046,True,7.888947368421054,0.549
random_IR_0061.npz,215364194678.8453,7276.52024041,0.00499388,3.92534269,545.37612302,0.75024949,0.99481067,164730548877.07898,5493.5432096761815,0.0049613800062435,3.925343017172346,409.06000483210784,0.7502496198088812,0.9948107908693714,36.33806889817869,65.61051427077123,15.008395865728984,27.256182743356206,65.61051427077123,15.008395865728984,3.92534269,0.75024949,0.99481067,27.25555544392215,65.61060803732798,15.008316586089832,36.33806889817869,27.256182743356206,27.25555544392215,9.082513454256539,0.0006272994340541516,6.895034543319412e-10,1.1360992713000534e-13,-6.893898444048112e-10,0.0012780146528792152,6.162849429950757e-12,-0.0012780146467163656,0.00127802,True,29.724736842105266,0.349
random_IR_0062.npz,89259990975.3673,5242.12097283,0.00492303,1.28938214,258.42572551,0.63057099,0.83627094,168363199444.49942,6968.670057439591,0.0041329377532552,1.2893822007401627,288.4056133465206,0.6305709606455726,0.836270967604002,25.807118812871277,36.68278004653564,10.013737968343463,28.801085395848,36.68278004653564,10.013737968343463,1.28938214,0.63057099,0.83627094,28.80107957037117,36.68279964429844,10.01370843206916,25.807118812871277,28.801085395848,28.80107957037117,-2.9939607574998917,5.825476829812715e-06,9.032568470956903e-09,9.150063519369755e-13,-9.031653464604966e-09,0.00013887239989408666,4.170376406809336e-15,-0.00013887239988991627,0.00013887,True,29.724736842105266,0.213
random_IR_0063.npz,67043497608.86535,8398.69323849,0.00451408,2.60019463,996.51136323,0.71327982,0.68666728,175105930059.76578,7826.568574489039,0.0026963559537433,2.6001946998866377,554.6922617833324,0.7132798659734464,0.6866673246380872,37.91237317400294,14.458755861026793,26.284594706229637,21.10323996026812,14.458755861026793,26.284594706229637,2.60019463,0.71327982,0.68666728,21.103214773203735,14.458771186606596,26.284728073168495,37.91237317400294,21.10323996026812,21.103214773203735,16.809158400799202,2.5187064384368796e-05,2.8693724729578207e-08,9.410286135394519e-13,-2.8692783700964668e-08,0.004377394349415974,3.125002314403184e-14,-0.004377394349384724,0.0043774,True,18.806842105263158,0.452
random_IR_0064.npz,177603571000.11176,11292.8060936,0.00498395,3.50310514,81.06013035,0.90933359,0.99289066,120323463532.36218,6803.387465199592,0.0046998676478127,3.50310505221164,46.01685081418805,0.9093335748914212,0.992890799545216,56.282780930197724,34.72519184270881,1.440229658348462,31.97530454770088,34.72519184270881,1.440229658348462,3.50310514,0.90933359,0.99289066,31.975020643226014,34.72512779769685,1.4391499954805136,56.282780930197724,31.97530454770088,31.975020643226014,24.30776028697171,0.0002839044748661479,1.560695350732999e-09,2.360126796687595e-13,-1.5604593380533303e-09,0.009154057229020294,2.426690437771702e-12,-0.009154057226593603,0.00915402,True,29.724736842105266,0.405
random_IR_0065.npz,116191412500.9008,11647.91437329,0.00326704,3.91001804,115.887884,0.56189425,0.97596672,105161266281.63704,21079.811376192112,0.0046197933821997,3.91001794354402,296.5632995013792,0.5618940158922938,0.9759667794171432,38.054202174113364,9.46416368854777,3.045337370883932,97.3845252700821,9.46416368854777,3.045337370883932,3.91001804,0.56189425,0.97596672,97.38437309375028,9.464151174942861,3.0452863234626233,38.054202174113364,97.3845252700821,97.38437309375028,-59.33017091963692,0.00015217633180952816,8.420402153319628e-09,1.5579727720600733e-13,-8.420246356042422e-09,0.05453495163979166,4.0266181043437997e-13,-0.054534951639389,0.05453501,True,95.2321052631579,0.756
random_IR_0066.npz,119366077198.97572,15562.78570333,0.00479663,1.77691862,71.69385961,0.64349387,0.69573784,201903192487.07745,16167.331063596552,0.003759073060311,1.7769187408574794,58.36577541699886,0.6434940787783217,0.69573787907794,74.64892478816378,15.686046588980375,0.9604138279747556,60.77420992032738,15.686046588980375,0.9604138279747556,1.77691862,0.64349387,0.69573784,60.774178658294986,15.686059760891023,0.9603712745368809,74.64892478816378,60.77420992032738,60.774178658294986,13.874746129868797,3.126203239389724e-05,8.06284550236569e-09,4.733654332227111e-13,-8.062372136932467e-09,0.0029824544828403222,4.9246219839991856e-14,-0.002982454482791076,0.00298247,True,62.47842105263158,0.332
random_IR_0067.npz,166097535084.35034,10091.35270273,0.00482217,2.18545899,511.70496998,0.65918954,0.92120271,135741622249.22392,5660.838262095689,0.0039951530301605,2.1854589316306567,237.81486446661344,0.6591895196148866,0.9212026699067396,48.662218262523524,34.02094033595404,10.515446854877183,22.615923871859408,34.02094033595404,10.515446854877183,2.18545899,0.65918954,0.92120271,22.615915136060092,34.020963135389394,10.515376584847013,48.662218262523524,22.615923871859408,22.615915136060092,26.04630312646343,8.735799315928716e-06,2.6058510016468972e-08,7.827405715775393e-13,-2.6057727275897394e-08,0.010510319411319746,9.660080367693127e-15,-0.010510319411310086,0.01051033,True,24.26578947368421,0.294
random_IR_0068.npz,69431663006.78337,10493.16163768,0.00436463,1.78945119,999.63645079,0.97070274,0.8778748,199695279035.7571,14349.156717599622,0.003009557829957,1.7894512954453523,942.5841738619334,0.970702747783836,0.8778747823243125,45.79876807866726,11.204527556802859,21.826710471184565,43.18462952152565,11.204527556802859,21.826710471184565,1.78945119,0.97070274,0.8778748,43.18461695273203,11.204546476150703,21.826850401235337,45.79876807866726,43.18462952152565,43.18461695273203,2.61415112593523,1.2568793621881014e-05,9.878095008630794e-10,7.256000271113616e-13,-9.87083900835968e-10,0.00010587297460858246,2.3674760271089595e-14,-0.0001058729745849077,0.00010588,True,40.64263157894737,0.376
random_IR_0069.npz,75698706637.38235,10835.257365,0.00492022,3.12876757,996.09059987,0.65346893,0.58465377,77843076062.18388,10924.24763419148,0.0048718622664169,3.1287676746517787,994.4008456397828,0.6534690754058543,0.5846538057869879,53.3118499924203,15.033695498471879,18.684224989596512,53.22146797662702,15.033695498471879,18.684224989596512,3.12876757,0.65346893,0.58465377,53.22142983801157,15.033701884891808,18.684218907053232,53.3118499924203,53.22146797662702,53.22142983801157,0.09042015440873286,3.8138615451543956e-05,3.873358578321273e-11,2.3526888987338013e-13,-3.849831689333935e-11,1.266643144474215e-07,3.8522096036174224e-14,-1.2666427592532547e-07,1.3e-07,True,51.560526315789474,0.516
random_IR_0070.npz,94853292129.70969,10430.57578723,0.00232815,2.31071052,999.18576569,0.98421917,0.77797355,203994040296.09613,9626.791512167656,0.001525157313893,2.3107104869084343,604.1217628428418,0.9842193891812658,0.7779736018180169,24.28394501903953,4.381406208776376,41.14594086366942,14.682479343002463,4.381406208776376,41.14594086366942,2.31071052,0.98421917,0.77797355,14.682371484105554,4.381397683578709,41.14606169015923,24.28394501903953,14.682479343002463,14.682371484105554,9.601573534933975,0.00010785889690900774,1.2460547260673138e-08,1.7037528072388897e-12,-1.24588435078659e-08,0.0014282642249947013,2.3013441364823975e-13,-0.0014282642247645668,0.00142826,True,13.347894736842106,0.673
random_IR_0071.npz,213326052964.22623,12142.54803142,0.00311622,1.89698846,999.56465081,0.64310983,0.73316759,151467976333.87152,10076.586901712068,0.0033689216750473,1.89698835261603,896.7621906128276,0.6431098561270114,0.7331676332305133,37.83885102647163,15.164837696163348,26.416358417191788,33.94719117727228,15.164837696163348,26.416358417191788,1.89698846,0.64310983,0.73316759,33.947232023675504,15.164799551204155,26.416356714662538,37.83885102647163,33.94719117727228,33.947232023675504,3.8916190027961264,-4.084640322332689e-05,7.011616176555435e-09,1.6261810691434175e-12,-7.009989995486292e-09,0.00023463044495755723,3.3858738491835785e-14,-0.0002346304449236985,0.00023463,True,35.183684210526316,0.352
random_IR_0072.npz,121780114376.71107,12636.44953381,0.00248822,2.26496907,965.28035425,0.76723559,0.87779151,124074334173.75436,8265.159528420456,0.0019936538603318,2.264969252600836,505.8713251614701,0.7672355167045894,0.8777915612352039,31.44226645901672,5.303668132286426,30.700088223862306,16.477869943415286,5.303668132286426,30.700088223862306,2.26496907,0.76723559,0.87779151,16.477867200093602,5.303684806243377,30.70004867854479,31.44226645901672,16.477869943415286,16.477867200093602,14.96439925892312,2.743321683595923e-06,4.9119286416043906e-08,3.031036576242596e-12,-4.911625537946766e-08,0.003469303603795739,9.015733794566442e-15,-0.0034693036037867233,0.00346932,True,18.806842105263158,0.611
random_IR_0073.npz,89558048736.11336,2487.06598515,0.00440163,2.06717153,600.80408237,0.72860641,0.56126761,105807306211.29388,3345.3775643399367,0.004696635066483,2.0671716507946987,862.319923650434,0.7286064012030089,0.5612676654838124,10.947144252215795,62.01430181370407,54.88226596159013,15.712021291955942,62.01430181370407,54.88226596159013,2.06717153,0.72860641,0.56126761,15.712017579304435,62.0142688782586,54.8828257922945,10.947144252215795,15.712021291955942,15.712017579304435,-4.76487332708864,3.7126515071150834e-06,3.438780993292312e-08,9.574657689956356e-13,-3.4386852467154123e-08,0.0003517438014245039,3.156153486175611e-13,-0.00035174380110888855,0.00035174,True,18.806842105263158,0.237
random_IR_0074.npz,144027285021.97195,15720.52818137,0.00461386,2.11058027,881.99480777,0.61041275,0.67743201,175710845616.51886,14130.827257040892,0.0039603901024707,2.110580368197142,680.5176759980144,0.6104126066102539,0.6774320762837187,72.5323161548958,17.336201376348953,12.160025413864672,55.96361349223796,17.336201376348953,12.160025413864672,2.11058027,0.61041275,0.67743201,55.96358840850793,17.336219294735013,12.160007879240244,72.5323161548958,55.96361349223796,55.96358840850793,16.568727746387864,2.5083730029962226e-05,7.839202176285198e-09,3.616745032804236e-13,-7.838840501781918e-09,0.004253065360775428,2.888928626966753e-14,-0.004253065360746539,0.00425308,True,57.01947368421053,0.361
random_IR_0075.npz,184742566111.37436,15933.00867447,0.00403405,3.06110313,998.93063572,0.85806507,0.51386317,71625994474.91534,7744.753437776088,0.0045169390521253,3.061103198604642,543.682617047557,0.8580650461973646,0.5138632107191358,64.27455364324571,16.772554443885184,15.541619180500877,34.98254961201488,16.772554443885184,15.541619180500877,3.06110313,0.85806507,0.51386317,34.98257925217248,16.77254661289712,15.541524629399456,64.27455364324571,34.98254961201488,34.98257925217248,29.291974391073232,-2.964015759943095e-05,1.1776338126878727e-08,3.5793611997958497e-13,-1.1775980190758747e-08,0.013292939402646477,2.4299765503109235e-14,-0.013292939402622177,0.01329292,True,35.183684210526316,0.484
random_IR_0076.npz,192029071214.88535,4870.50721512,0.00278601,2.18076934,974.49990821,0.52191339,0.67787934,129109175261.1474,4112.497446618522,0.0031221488582511,2.180769302480887,922.1122406525752,0.5219134678579773,0.6778793823273792,13.569281806396472,27.202298987421027,71.81661653976609,12.839835623844689,27.202298987421027,71.81661653976609,2.18076934,0.52191339,0.67787934,12.839829207520582,27.20233309487595,71.81655034106474,13.569281806396472,12.839835623844689,12.839829207520582,0.7294525988758895,6.416324106695015e-06,5.835687488797703e-09,1.6334352490390835e-12,-5.834054053548664e-09,8.243618515855026e-06,1.5233484588828662e-14,-8.243618500621542e-06,8.24e-06,True,13.347894736842106,0.318
random_IR_0077.npz,131910252515.77026,12084.12898645,0.00371966,2.90447004,967.42352324,0.85068222,0.83925895,155302457335.1123,4605.22078654936,0.0021162717929143,2.904470070635405,209.7578521561385,0.8506823028932962,0.839258998891953,44.94885122573861,13.42508876659466,21.522764138764774,9.745911995949122,13.42508876659466,21.522764138764774,2.90447004,0.85068222,0.83925895,9.745898850717017,13.425121835414451,21.522678961592792,44.94885122573861,9.745911995949122,9.745898850717017,35.20295237502159,1.3145232104605498e-05,5.9431403798271276e-08,2.524466096234801e-12,-5.942887933217504e-08,0.019199145928783218,2.0780243192545143e-14,-0.01919914592876244,0.0191992,True,7.888947368421054,0.507
random_IR_0078.npz,68982256120.20839,13623.22761469,0.00152007,3.85169687,966.58442368,0.98175745,0.51826711,157077160325.4541,13717.374057435623,0.001010812855574,3.851696960089472,647.200181927497,0.9817574567217188,0.5182671199513195,20.70825960026183,1.0399968759915597,46.67627518382949,13.865664893635156,1.0399968759915597,46.67627518382949,3.85169687,0.98175745,0.51826711,13.865698041973209,1.0399945196753675,46.67635051393308,20.70825960026183,13.865664893635156,13.865698041973209,6.842561558288621,-3.3148338053123894e-05,1.2925220893578171e-08,1.9306539873753525e-12,-1.2923290239590796e-08,0.0007253726219347188,2.2891993793212825e-14,-0.0007253726219118269,0.00072537,True,13.347894736842106,2.045
random_IR_0079.npz,174235741890.0592,7630.65460396,0.00413702,3.11979891,434.35865592,0.55764904,0.7265975,187998544973.79297,8708.539548420013,0.0042547145988074,3.119799049034205,509.81209854961793,0.557649033559888,0.7265974624876634,31.568170709674597,34.73746893419655,13.759386310809688,37.052339497702356,34.73746893419655,13.759386310809688,3.11979891,0.55764904,0.7265975,37.05235035095423,34.73741555226241,13.759237773602896,31.568170709674597,37.052339497702356,37.05235035095423,-5.484179641279631,-1.0853251872333658e-05,3.6165097583307215e-09,4.3183024430598627e-13,-3.6160779280864155e-09,0.00046595832765184233,3.6693544639789524e-14,-0.0004659583276151488,0.00046596,True,35.183684210526316,0.373
random_IR_0080.npz,150255436927.92688,13245.90296371,0.00492961,2.60786161,234.19997533,0.81541423,0.94461074,129776139091.58922,6711.878628911786,0.0037758256437381,2.6078618862554306,90.89482317508914,0.815414389779864,0.9446107827965348,65.29713570893445,24.503111034676316,3.5866806834216924,25.3429402511413,24.503111034676316,3.5866806834216924,2.60786161,0.81541423,0.94461074,25.342883444702842,24.503160001285817,3.5866014762455114,65.29713570893445,25.3429402511413,25.342883444702842,39.954252264231606,5.680643845806799e-05,1.69776885883266e-08,8.095177089426087e-13,-1.6976879070617658e-08,0.024731459590063763,8.657416817200935e-14,-0.02473145958997719,0.02473153,True,24.26578947368421,0.371
random_IR_0081.npz,67624360183.74257,8097.29161386,0.00146774,2.89459593,403.71979371,0.96195049,0.77527652,143916276455.23456,18819.57181340327,0.0015338458837397,2.894595887899992,980.5803269859546,0.96195051108035,0.7752765889409965,11.884718793326876,1.5992233668855413,33.9696547079165,28.866391157202386,1.5992233668855413,33.9696547079165,2.89459593,0.96195049,0.77527652,28.866322759732284,1.5992306471379523,33.96970009473589,11.884718793326876,28.866391157202386,28.866322759732284,-16.98160396640541,6.839747010189967e-05,4.8291127541233436e-08,2.5328135856012013e-12,-4.8288594727647835e-08,0.004467670650146842,7.836658231767821e-14,-0.004467670650068475,0.00446766,True,29.724736842105266,1.278
random_IR_0082.npz,69593837104.04982,18086.44582092,0.00422248,3.77758741,868.02818824,0.5956382,0.70067597,72513174066.57114,19721.916842629376,0.0043195894744133,3.777587596878573,968.2867274301944,0.5956382820388606,0.7006759917795811,76.36965574991827,6.098179875926424,11.366139859035949,85.19060131900704,6.098179875926424,11.366139859035949,3.77758741,0.5956382,0.70067597,85.19058440867623,6.098179706530571,11.366123781768298,76.36965574991827,85.19060131900704,85.19058440867623,-8.820928658757964,1.69103308138574e-05,1.4153800353966517e-09,1.0747063232830617e-13,-1.4152725647643234e-09,0.0012054587472281534,1.0378049188911462e-14,-0.0012054587472177755,0.00120546,True,84.3142105263158,0.884
random_IR_0083.npz,141663640450.28098,17984.29097833,0.00208678,3.86121371,143.37390769,0.954859,0.5885129,135298345568.93004,19092.527722427327,0.0022001156779037,3.86121382215672,160.47603921116217,0.9548590412336198,0.5885129284968702,37.52925872775947,3.0490594089869503,3.8203234636219943,42.00585358494188,3.0490594089869503,3.8203234636219943,3.86121371,0.954859,0.5885129,42.005769572923384,3.0490711964525383,3.820333274279633,37.52925872775947,42.00585358494188,42.005769572923384,-4.476510845163915,8.40120184975035e-05,1.7971183430276483e-09,7.82347873550665e-13,-1.7963359951540976e-09,0.000310458114383555,1.1200856316508994e-13,-0.00031045811427154644,0.00031045,True,40.64263157894737,1.238
random_IR_0084.npz,82095200039.93321,18952.22933865,0.00344778,3.01724019,116.61939019,0.52941156,0.53937276,104852009597.49052,15523.50711946701,0.0027610550113179,3.017240783373489,76.4960041625951,0.5294116060639636,0.5393727061422909,65.3431172692107,4.5770328773532665,1.784723396490764,42.861284332197904,4.5770328773532665,1.784723396490764,3.01724019,0.52941156,0.53937276,42.86125712543349,4.577037916767992,1.784735429918201,65.3431172692107,42.861284332197904,42.86125712543349,22.481860143777205,2.7206764414700046e-05,1.7781642824843402e-08,5.134601511330716e-13,-1.778112936469227e-08,0.007830476977683696,2.2179171855209198e-14,-0.007830476977661517,0.0078305,True,40.64263157894737,0.827
random_IR_0085.npz,133987272735.46848,14514.35783786,0.00452072,1.27712769,542.80152371,0.76918034,0.65917854,169905093628.36777,19313.572315618218,0.0046309318299401,1.2771277574936837,739.8865189899227,0.7691805652251327,0.6591787185302154,65.61534776477045,16.76982060448256,8.272478043642034,89.43989939531292,16.76982060448256,8.272478043642034,1.27712769,0.76918034,0.65917854,89.43983678624632,16.76980614624974,8.272449342211896,65.61534776477045,89.43989939531292,89.43983678624632,-23.82448902147587,6.260906660315868e-05,1.3534890541677669e-08,5.581177338863375e-13,-1.3534332423943782e-08,0.008793685373606875,1.1983022844323544e-13,-0.008793685373487046,0.00879371,True,89.77315789473685,0.262
random_IR_0086.npz,77553521183.49808,11145.04539569,0.00442574,3.9940901,993.63928217,0.59558262,0.67071409,216867620188.3252,9541.00928856108,0.0024487562357575,3.994090528853153,470.6542427244174,0.5955826088435529,0.670714120444959,49.325073209521065,12.115433279155143,20.144709729051165,23.363619772728036,12.115433279155143,20.144709729051165,3.9940901,0.59558262,0.67071409,23.363605990784173,12.115434179113656,20.14476031268752,49.325073209521065,23.363619772728036,23.363605990784173,25.961467218736892,1.3781943863477863e-05,1.6468870711605632e-08,3.381227860633357e-13,-1.646853258881957e-08,0.010441964192205428,9.838762338912851e-15,-0.010441964192195589,0.01044196,True,24.26578947368421,0.689
random_IR_0087.npz,145298469289.0961,16020.70590239,0.00129435,3.07301101,880.91502383,0.6268224,0.7621112,110451996444.60149,11409.754254076624,0.0012528304733545,3.073011131443504,607.2533015178009,0.6268225076527885,0.7621112442163909,20.736400684758497,1.3506111312487974,42.481578033813896,14.294498847026773,1.3506111312487974,42.481578033813896,3.07301101,0.6268224,0.7621112,14.294487822993338,1.350608175046818,42.48164110791057,20.736400684758497,14.294498847026773,14.294487822993338,6.441912861765159,1.1024033435447222e-05,3.7029924015996585e-08,2.60365709027488e-12,-3.702732035890631e-08,0.0006429148027769866,1.5528240751779844e-14,-0.0006429148027614583,0.00064291,True,13.347894736842106,1.46
random_IR_0088.npz,97194924681.44562,15464.33530301,0.00231792,2.16698998,207.03647752,0.55743386,0.67826186,87416233057.07742,20675.28143960438,0.0028260795650506,2.16698998355742,337.48400699042224,0.5574339370574034,0.6782619471075488,35.845092085552935,3.0016267910521788,5.77586680558269,58.43002886365522,3.0016267910521788,5.77586680558269,2.16698998,0.55743386,0.67826186,58.42999037813589,3.0016282557513154,5.77586963144027,35.845092085552935,58.43002886365522,58.42999037813589,-22.584898292582956,3.848551932605915e-05,3.785773472486653e-08,5.33558928376282e-13,-3.7857201165938156e-08,0.00790241824799617,3.235241667054782e-14,-0.007902418247963817,0.00790241,True,57.01947368421053,0.744
random_IR_0089.npz,117834778668.4357,18188.79353474,0.0034099,2.81397798,319.3335183,0.86348926,0.82241553,120839628417.53552,21216.426285736816,0.0036367058874001,2.8139780125244247,397.2627746005704,0.8634892673003767,0.8224155203200885,62.02196707410993,6.6957674305304025,5.148716388153716,77.15790172247972,6.6957674305304025,5.148716388153716,2.81397798,0.86348926,0.82241553,77.15790238292932,6.695777060852188,5.148698478465405,62.02196707410993,77.15790172247972,77.15790238292932,-15.135935308819391,-6.604496007867056e-07,3.3489890860494143e-09,2.8287826725134635e-13,-3.348706207782163e-09,0.0035492963232096,8.283762463402026e-16,-0.0035492963232087718,0.00354928,True,78.85526315789475,0.662
random_IR_0090.npz,115560231230.83046,10554.39599136,0.00476765,3.45785643,543.23285815,0.67439417,0.58236594,173832017106.19846,16803.765117924922,0.0049049026538152,3.457856203417636,889.7947585089757,0.6743941031411909,0.5823659333212866,50.3196660482075,22.12234835127503,10.795637189435425,82.42084880430309,22.12234835127503,10.795637189435425,3.45785643,0.67439417,0.58236594,82.42083212099723,22.12235869747457,10.795750729654364,50.3196660482075,82.42084880430309,82.42083212099723,-32.10116607278973,1.6683305858578024e-05,7.205833707502052e-09,1.3378225393809173e-13,-7.205699925248114e-09,0.015964868667822433,2.1592479717971366e-14,-0.01596486866780084,0.01596486,True,84.3142105263158,0.478
random_IR_0091.npz,167038287543.70935,12643.5672479,0.00210585,1.28164437,477.76805635,0.97978292,0.56748697,185281783770.39536,12243.52994424367,0.0019676068168059,1.2816444088734484,432.2871583664868,0.9797830522977306,0.5674870353885574,26.625456088990212,5.2077334803226885,17.944032761472958,24.09056759597081,5.2077334803226885,17.944032761472958,1.28164437,0.97978292,0.56748697,24.090452980061006,5.207750748434092,17.944334991304597,26.625456088990212,24.09056759597081,24.090452980061006,2.5350031089292067,0.00011461590980488268,6.301192012614365e-09,3.8550642712797956e-12,-6.297336948343085e-09,9.955904600594002e-05,3.0979689537933616e-13,-9.955904569614313e-05,9.956e-05,True,24.26578947368421,0.39
random_IR_0092.npz,199958855253.35724,14980.16330967,0.00310922,1.41031201,562.52153275,0.99187886,0.70590288,210182308273.16864,18375.227150523315,0.0033587788920542,1.4103120065619956,745.4006199665534,0.9918788587077144,0.7059028291900177,46.576623365692164,11.470292072752818,12.077336056188805,61.718278819511305,11.470292072752818,12.077336056188805,1.41031201,0.99187886,0.70590288,61.71832508987895,11.470272850068278,12.077460282356075,46.576623365692164,61.718278819511305,61.71832508987895,-15.141701724186788,-4.627036764759396e-05,1.941352412160313e-09,2.621934245237989e-13,-1.9410902187357894e-09,0.0035520012258447083,5.1675542435789333e-14,-0.0035520012257930327,0.00355202,True,62.47842105263158,0.317
random_IR_0093.npz,182077618535.5425,17463.01231193,0.00180794,2.20297206,919.66318727,0.55765638,0.75391064,198895577165.2347,14777.124818687736,0.001591234706789,2.202972032229962,684.9375893391725,0.557656417445944,0.7539106848344175,31.572078479230726,3.029374104923848,29.129003586982346,23.513873034770782,3.029374104923848,29.129003586982346,2.20297206,0.55765638,0.75391064,23.513873878049033,3.0293618168463805,29.129083233647183,31.572078479230726,23.513873034770782,23.513873878049033,8.058204601181693,-8.432782507838965e-07,2.7735321594946072e-08,3.5739733655199e-12,-2.7731747621580552e-08,0.00100600540400853,9.261507916065539e-15,-0.0010060054039992684,0.00100599,True,24.26578947368421,0.755
random_IR_0094.npz,208823553334.15048,20213.35905599,0.00123653,2.78513767,115.58414107,0.74060419,0.56675865,75955843102.0405,18590.119724688884,0.0019662281601596,2.7851375960489837,169.03371587509997,0.7406042429198557,0.5667586606374337,24.994424873503316,1.404099172126123,4.624396906709031,36.55228610355393,1.404099172126123,4.624396906709031,2.78513767,0.74060419,0.56675865,36.552416903421715,1.4040879202801537,4.624419674401244,24.994424873503316,36.55228610355393,36.552416903421715,-11.557992029918399,-0.0001307998677830824,3.3026477552766664e-08,3.444293244711516e-12,-3.302303325952195e-08,0.002069610002753302,2.682202536523735e-13,-0.0020696100024850815,0.00206965,True,35.183684210526316,1.31
random_IR_0095.npz,107206296676.43764,20503.15578398,0.00460501,2.4254704,438.50232251,0.64291339,0.70785839,84949281320.02866,18543.948449085867,0.0049198493053692,2.425470407860965,423.7121163919383,0.6429135176133134,0.7078584429269938,94.41723741678574,9.856170674478104,4.644303672795683,91.23353187354306,9.856170674478104,4.644303672795683,2.4254704,0.64291339,0.70785839,91.23343189603736,9.856178868572421,4.644263704502185,94.41723741678574,91.23353187354306,91.23343189603736,3.183805520748379,9.997750569823438e-05,7.315869021695676e-10,2.530919809666521e-13,-7.313338101886009e-10,0.00015704235395657326,1.699556542389808e-13,-0.0001570423537866176,0.00015705,True,89.77315789473685,0.497
random_IR_0096.npz,135005493541.4402,20333.27932084,0.00461214,2.25945521,553.45822778,0.70558897,0.72156239,164795595581.48505,15848.817126108308,0.0036855339146806,2.2594552060270594,344.7246801942339,0.7055889611748388,0.7215624625506164,93.77993088681899,12.554414262410292,5.901670245928812,58.41138655194655,12.554414262410292,5.901670245928812,2.25945521,0.70558897,0.72156239,58.411353025842885,12.554431388662609,5.90167257453731,93.77993088681899,58.41138655194655,58.411353025842885,35.3685778609761,3.352610366391673e-05,1.1742759653543544e-08,4.4943657627992406e-13,-1.1742310216967264e-08,0.019380230076521787,2.2338209142608425e-14,-0.019380230076499447,0.0193803,True,57.01947368421053,0.429
random_IR_0097.npz,78845426245.15219,12021.58050143,0.00173924,2.88213003,912.85268808,0.77309228,0.56413385,178130397055.92877,14714.317828936371,0.0012801687605785,2.88213032944993,822.4085142883068,0.7730922705303713,0.564133784385955,20.908413671307112,1.763524282235506,43.65958615658727,18.83680242625242,1.763524282235506,43.65958615658727,2.88213003,0.77309228,0.56413385,18.8368100178276,1.763517733219884,43.659649033459495,20.908413671307112,18.83680242625242,18.8368100178276,2.0716036534795137,-7.591575180043719e-06,9.660711342007744e-09,3.31714928962501e-12,-9.657394192718119e-09,6.648705093153063e-05,9.788585782615434e-15,-6.648705092174205e-05,6.648e-05,True,18.806842105263158,1.23
random_IR_0098.npz,191406063187.6462,6517.42929015,0.00374926,2.27460345,999.83270639,0.56379435,0.80709091,179799899117.26105,2993.066108209288,0.0026214943313942,2.2746032785611545,321.04977961331645,0.5637943844506254,0.8070909851920918,24.435536940387788,36.69593495577108,40.917157205473416,7.846307495117857,36.69593495577108,40.917157205473416,2.27460345,0.56379435,0.80709091,7.846305836158748,36.695977253148506,40.9173165458065,24.435536940387788,7.846307495117857,7.846305836158748,16.58923110422904,1.6589591096405343e-06,9.420291746664589e-08,2.2915070448797925e-12,-9.4200625959601e-08,0.00426359798315298,3.7747740726107235e-14,-0.0042635979831152325,0.0042636,True,7.888947368421054,0.294
random_IR_0099.npz,73174955961.0355,2457.87057914,0.00438349,3.1393308,667.8569215,0.52430302,0.77210923,199676575343.09543,4372.005315600606,0.0035391452917347,3.139330739754926,959.1426605554552,0.5243032150759676,0.7721092589142711,10.774051104954399,50.850002251687776,61.98753978370206,15.473161176230398,50.850002251687776,61.98753978370206,3.1393308,0.52430302,0.77210923,15.473162028146966,50.84996984510857,61.987501895908224,10.774051104954399,15.473161176230398,15.473162028146966,-4.699110923192567,-8.519165675124896e-07,1.6594126961422262e-08,5.254324536227428e-13,-1.659360152896864e-08,0.0003421016169720792,3.282836453287778e-14,-0.00034210161693925086,0.0003421,True,13.347894736842106,0.327
random_IR_0100.npz,69254413610.05624,9659.78840166,0.00394412,2.27230646,747.08369765,0.76389326,0.92296054,69925803309.64954,6012.65800087328,0.003096735441575,2.2723064920238505,365.1062260612392,0.7638934087576754,0.9229606627155728,38.09936463075524,9.913512543741996,19.60882300506728,18.61961837439725,9.913512543741996,19.60882300506728,2.27230646,0.76389326,0.92296054,18.619611129373773,9.913491738196875,19.60869233650417,38.09936463075524,18.61961837439725,18.619611129373773,19.479753501381467,7.245023475377366e-06,3.818599125793298e-08,2.3567610536734396e-12,-3.818363449687931e-08,0.005878826556789995,4.523875950796709e-14,-0.005878826556744756,0.0058788,True,18.806842105263158,0.472
