step,epoch,final_spec_losses_weighted/2048_spectrogram_mag,in_domain_validation_losses/loss_total,in_domain_validation_losses/raw_params_loss,in_domain_validation_losses/raw_spec_loss,in_domain_validation_losses/weighted_params_loss,in_domain_validation_losses/weighted_spec_loss,in_domain_validation_metrics/lsd_value,in_domain_validation_metrics/mean_average_error,in_domain_validation_metrics/mfcc_mae,in_domain_validation_metrics/paper_lsd_value,in_domain_validation_metrics/pearson_fft,in_domain_validation_metrics/pearson_stft,in_domain_validation_metrics/spectral_convergence_value,loss/parameters_decay_factor,loss/spec_loss_rampup_factor,lr-Adam,normalized_losses/post_rampup_weighted_params_loss,normalized_losses/post_rampup_weighted_spec_loss,normalized_losses/running_avg_parameters_loss,normalized_losses/running_avg_spectrogram_loss,train_loss_epoch,train_loss_step,train_losses/loss_total,train_losses/raw_params_loss,train_losses/raw_spec_loss,train_losses/weighted_params_loss,train_losses/weighted_spec_loss
0,,,82.39559173583984,,,,,,,,,,,,0.0,1.0,,0.0,124.56341552734375,132.25685119628906,132.33456420898438,,,,,,,
1,,,83.48976135253906,,,,,,,,,,,,0.0,1.0,,0.0,106.77103424072266,132.07891845703125,132.33456420898438,,,,,,,
2,,,77.84732055664062,,,,,,,,,,,,0.0,1.0,,0.0,57.552391052246094,131.5867462158203,132.33456420898438,,,,,,,
3,,,76.9730453491211,,,,,,,,,,,,0.0,1.0,,0.0,85.0300521850586,131.86151123046875,132.33456420898438,,,,,,,
4,,,79.17753601074219,,,,,,,,,,,,0.0,1.0,,0.0,79.47136688232422,131.80592346191406,132.33456420898438,,,,,,,
5,,,68.26394653320312,,,,,,,,,,,,0.0,1.0,,0.0,60.5214958190918,131.61642456054688,132.33456420898438,,,,,,,
6,,,87.5968017578125,,,,,,,,,,,,0.0,1.0,,0.0,92.18290710449219,131.93304443359375,132.33456420898438,,,,,,,
7,,,77.81546783447266,,,,,,,,,,,,0.0,1.0,,0.0,73.18115234375,131.74302673339844,132.33456420898438,,,,,,,
8,,,81.37519073486328,,,,,,,,,,,,0.0,1.0,,0.0,80.61714935302734,131.8173828125,132.33456420898438,,,,,,,
9,,,68.88824462890625,,,,,,,,,,,,0.0,1.0,,0.0,71.66893768310547,131.7279052734375,132.33456420898438,,,,,,,
10,,,81.7791748046875,,,,,,,,,,,,0.0,1.0,,0.0,94.8718032836914,131.95993041992188,132.33456420898438,,,,,,,
11,,,80.6050033569336,,,,,,,,,,,,0.0,1.0,,0.0,87.86328125,131.8898468017578,132.33456420898438,,,,,,,
12,,,75.98267364501953,,,,,,,,,,,,0.0,1.0,,0.0,88.64161682128906,131.8976287841797,132.33456420898438,,,,,,,
13,,,75.74555206298828,,,,,,,,,,,,0.0,1.0,,0.0,78.58168029785156,131.79702758789062,132.33456420898438,,,,,,,
14,,,76.0210952758789,,,,,,,,,,,,0.0,1.0,,0.0,77.26273345947266,131.78384399414062,132.33456420898438,,,,,,,
15,,,83.58740997314453,,,,,,,,,,,,0.0,1.0,,0.0,84.9161605834961,131.86038208007812,132.33456420898438,,,,,,,
16,,,82.39559173583984,,,,,,,,,,,,0.0,1.0,,0.0,72.74414825439453,131.73866271972656,132.33456420898438,,,,,,,
17,,,83.48976135253906,,,,,,,,,,,,0.0,1.0,,0.0,93.65333557128906,131.94775390625,132.33456420898438,,,,,,,
18,,,77.84732055664062,,,,,,,,,,,,0.0,1.0,,0.0,77.68356323242188,131.78805541992188,132.33456420898438,,,,,,,
19,,,76.9730453491211,,,,,,,,,,,,0.0,1.0,,0.0,74.89146423339844,131.7601318359375,132.33456420898438,,,,,,,
20,,,79.17753601074219,,,,,,,,,,,,0.0,1.0,,0.0,85.3964614868164,131.86517333984375,132.33456420898438,,,,,,,
21,,,68.26394653320312,,,,,,,,,,,,0.0,1.0,,0.0,92.00563049316406,131.9312744140625,132.33456420898438,,,,,,,
22,,,87.5968017578125,,,,,,,,,,,,0.0,1.0,,0.0,62.54975128173828,131.63671875,132.33456420898438,,,,,,,
23,,,77.81546783447266,,,,,,,,,,,,0.0,1.0,,0.0,76.2436294555664,131.77365112304688,132.33456420898438,,,,,,,
24,,,81.37519073486328,,,,,,,,,,,,0.0,1.0,,0.0,69.96825408935547,131.7108917236328,132.33456420898438,,,,,,,
25,,,68.88824462890625,,,,,,,,,,,,0.0,1.0,,0.0,80.15719604492188,131.8127899169922,132.33456420898438,,,,,,,
26,,,81.7791748046875,,,,,,,,,,,,0.0,1.0,,0.0,71.61561584472656,131.7273712158203,132.33456420898438,,,,,,,
27,,,80.6050033569336,,,,,,,,,,,,0.0,1.0,,0.0,90.22904205322266,131.91351318359375,132.33456420898438,,,,,,,
28,,,75.98267364501953,,,,,,,,,,,,0.0,1.0,,0.0,82.41849517822266,131.8354034423828,132.33456420898438,,,,,,,
29,,,75.74555206298828,,,,,,,,,,,,0.0,1.0,,0.0,83.13923645019531,131.8426055908203,132.33456420898438,,,,,,,
30,,,76.0210952758789,,,,,,,,,,,,0.0,1.0,,0.0,79.80464172363281,131.80926513671875,132.33456420898438,,,,,,,
31,,,83.58740997314453,,,,,,,,,,,,0.0,1.0,,0.0,86.26386260986328,131.8738555908203,132.33456420898438,,,,,,,
32,,,82.39559173583984,,,,,,,,,,,,0.0,1.0,,0.0,75.97662353515625,131.77098083496094,132.33456420898438,,,,,,,
33,,,83.48976135253906,,,,,,,,,,,,0.0,1.0,,0.0,82.17721557617188,131.83299255371094,132.33456420898438,,,,,,,
34,,,77.84732055664062,,,,,,,,,,,,0.0,1.0,,0.0,86.49601745605469,131.8761749267578,132.33456420898438,,,,,,,
35,,,76.9730453491211,,,,,,,,,,,,0.0,1.0,,0.0,59.87431716918945,131.60995483398438,132.33456420898438,,,,,,,
36,,,79.17753601074219,,,,,,,,,,,,0.0,1.0,,0.0,80.23734283447266,131.81358337402344,132.33456420898438,,,,,,,
37,,,68.26394653320312,,,,,,,,,,,,0.0,1.0,,0.0,81.1331558227539,131.82254028320312,132.33456420898438,,,,,,,
38,,,87.5968017578125,,,,,,,,,,,,0.0,1.0,,0.0,84.3148422241211,131.8543701171875,132.33456420898438,,,,,,,
39,0.0,78.59648895263672,77.81546783447266,1.0998345613479614,78.59648895263672,0.0,78.59648895263672,29.254913330078125,3.8065648078918457,41.19135665893555,47.580467224121094,0.011149145662784576,0.11488266289234161,0.9999327063560486,0.0,1.0,,0.0,87.61969757080078,131.8874053955078,132.33456420898438,81.25202178955078,,,,,,
40,,,81.37519073486328,,,,,,,,,,,,0.0,1.0,,0.0,80.54060363769531,131.81661987304688,132.33456420898438,,,,,,,
41,,,68.88824462890625,,,,,,,,,,,,0.0,1.0,,0.0,84.89906311035156,131.86019897460938,132.33456420898438,,,,,,,
42,,,81.7791748046875,,,,,,,,,,,,0.0,1.0,,0.0,86.70864868164062,131.8782958984375,132.33456420898438,,,,,,,
43,,,80.6050033569336,,,,,,,,,,,,0.0,1.0,,0.0,79.0655746459961,131.80186462402344,132.33456420898438,,,,,,,
44,,,75.98267364501953,,,,,,,,,,,,0.0,1.0,,0.0,76.83647918701172,131.7795867919922,132.33456420898438,,,,,,,
45,,,75.74555206298828,,,,,,,,,,,,0.0,1.0,,0.0,73.36341094970703,131.74484252929688,132.33456420898438,,,,,,,
46,,,76.0210952758789,,,,,,,,,,,,0.0,1.0,,0.0,83.61592102050781,131.84738159179688,132.33456420898438,,,,,,,
47,,,83.58740997314453,,,,,,,,,,,,0.0,1.0,,0.0,73.88603973388672,131.7500762939453,132.33456420898438,,,,,,,
48,,,82.39559173583984,,,,,,,,,,,,0.0,1.0,,0.0,84.43961334228516,131.85560607910156,132.33456420898438,,,,,,,
49,1.0,70.04534912109375,83.48976135253906,,,,,,,,,,,,0.0,1.0,0.0002969999914057553,0.0,70.04534912109375,131.711669921875,132.33456420898438,,70.04534912109375,70.04534912109375,1.0854201316833496,70.04534912109375,0.0,70.04534912109375
50,,,77.84732055664062,,,,,,,,,,,,0.0,1.0,,0.0,72.04447937011719,131.73165893554688,132.33456420898438,,,,,,,
51,,,76.9730453491211,,,,,,,,,,,,0.0,1.0,,0.0,77.98058319091797,131.791015625,132.33456420898438,,,,,,,
52,,,79.17753601074219,,,,,,,,,,,,0.0,1.0,,0.0,78.93099975585938,131.80052185058594,132.33456420898438,,,,,,,
53,,,68.26394653320312,,,,,,,,,,,,0.0,1.0,,0.0,94.49288177490234,131.95614624023438,132.33456420898438,,,,,,,
54,,,87.5968017578125,,,,,,,,,,,,0.0,1.0,,0.0,76.35489654541016,131.77476501464844,132.33456420898438,,,,,,,
55,,,77.81546783447266,,,,,,,,,,,,0.0,1.0,,0.0,88.3566665649414,131.894775390625,132.33456420898438,,,,,,,
56,,,81.37519073486328,,,,,,,,,,,,0.0,1.0,,0.0,67.83611297607422,131.6895751953125,132.33456420898438,,,,,,,
57,,,68.88824462890625,,,,,,,,,,,,0.0,1.0,,0.0,84.76021575927734,131.8588104248047,132.33456420898438,,,,,,,
58,,,81.7791748046875,,,,,,,,,,,,0.0,1.0,,0.0,84.86920166015625,131.8599090576172,132.33456420898438,,,,,,,
59,,,80.6050033569336,,,,,,,,,,,,0.0,1.0,,0.0,79.92369079589844,131.81045532226562,132.33456420898438,,,,,,,
60,,,75.98267364501953,,,,,,,,,,,,0.0,1.0,,0.0,79.44588470458984,131.80567932128906,132.33456420898438,,,,,,,
61,,,75.74555206298828,,,,,,,,,,,,0.0,1.0,,0.0,90.76195526123047,131.91883850097656,132.33456420898438,,,,,,,
62,,,76.0210952758789,,,,,,,,,,,,0.0,1.0,,0.0,68.48478698730469,131.69606018066406,132.33456420898438,,,,,,,
63,,,83.58740997314453,,,,,,,,,,,,0.0,1.0,,0.0,80.8578109741211,131.81979370117188,132.33456420898438,,,,,,,
64,,,82.39559173583984,,,,,,,,,,,,0.0,1.0,,0.0,87.89585876464844,131.89016723632812,132.33456420898438,,,,,,,
65,,,83.48976135253906,,,,,,,,,,,,0.0,1.0,,0.0,75.10200500488281,131.76223754882812,132.33456420898438,,,,,,,
66,,,77.84732055664062,,,,,,,,,,,,0.0,1.0,,0.0,97.3434066772461,131.98464965820312,132.33456420898438,,,,,,,
67,,,76.9730453491211,,,,,,,,,,,,0.0,1.0,,0.0,94.4237289428711,131.95545959472656,132.33456420898438,,,,,,,
68,,,79.17753601074219,,,,,,,,,,,,0.0,1.0,,0.0,81.74407958984375,131.8286590576172,132.33456420898438,,,,,,,
69,,,68.26394653320312,,,,,,,,,,,,0.0,1.0,,0.0,70.43984985351562,131.71560668945312,132.33456420898438,,,,,,,
70,,,87.5968017578125,,,,,,,,,,,,0.0,1.0,,0.0,73.21668243408203,131.74337768554688,132.33456420898438,,,,,,,
71,,,77.81546783447266,,,,,,,,,,,,0.0,1.0,,0.0,78.86233520507812,131.79983520507812,132.33456420898438,,,,,,,
72,,,81.37519073486328,,,,,,,,,,,,0.0,1.0,,0.0,84.9820556640625,131.8610382080078,132.33456420898438,,,,,,,
73,,,68.88824462890625,,,,,,,,,,,,0.0,1.0,,0.0,85.5147933959961,131.86636352539062,132.33456420898438,,,,,,,
74,,,81.7791748046875,,,,,,,,,,,,0.0,1.0,,0.0,77.47248077392578,131.7859344482422,132.33456420898438,,,,,,,
75,,,80.6050033569336,,,,,,,,,,,,0.0,1.0,,0.0,70.69556427001953,131.71817016601562,132.33456420898438,,,,,,,
76,,,75.98267364501953,,,,,,,,,,,,0.0,1.0,,0.0,73.08035278320312,131.7420196533203,132.33456420898438,,,,,,,
77,,,75.74555206298828,,,,,,,,,,,,0.0,1.0,,0.0,85.13027954101562,131.86251831054688,132.33456420898438,,,,,,,
78,,,76.0210952758789,,,,,,,,,,,,0.0,1.0,,0.0,89.42450714111328,131.90545654296875,132.33456420898438,,,,,,,
79,1.0,78.59648895263672,83.58740997314453,1.1049319505691528,78.59648895263672,0.0,78.59648895263672,29.443737030029297,3.8344435691833496,41.25602722167969,47.60045623779297,0.012239684350788593,0.12276215106248856,0.9999409914016724,0.0,1.0,,0.0,62.41526412963867,131.63536071777344,132.33456420898438,79.49552154541016,,,,,,
80,,,82.39559173583984,,,,,,,,,,,,0.0,1.0,,0.0,78.46559143066406,131.79586791992188,132.33456420898438,,,,,,,
81,,,83.48976135253906,,,,,,,,,,,,0.0,1.0,,0.0,88.62323760986328,131.89744567871094,132.33456420898438,,,,,,,
82,,,77.84732055664062,,,,,,,,,,,,0.0,1.0,,0.0,76.4100570678711,131.7753143310547,132.33456420898438,,,,,,,
83,,,76.9730453491211,,,,,,,,,,,,0.0,1.0,,0.0,72.70537567138672,131.73826599121094,132.33456420898438,,,,,,,
84,,,79.17753601074219,,,,,,,,,,,,0.0,1.0,,0.0,74.17695617675781,131.75299072265625,132.33456420898438,,,,,,,
85,,,68.26394653320312,,,,,,,,,,,,0.0,1.0,,0.0,86.99955749511719,131.88121032714844,132.33456420898438,,,,,,,
86,,,87.5968017578125,,,,,,,,,,,,0.0,1.0,,0.0,86.7325668334961,131.8785400390625,132.33456420898438,,,,,,,
87,,,77.81546783447266,,,,,,,,,,,,0.0,1.0,,0.0,78.21366119384766,131.79335021972656,132.33456420898438,,,,,,,
88,,,81.37519073486328,,,,,,,,,,,,0.0,1.0,,0.0,59.82004165649414,131.6094207763672,132.33456420898438,,,,,,,
89,,,68.88824462890625,,,,,,,,,,,,0.0,1.0,,0.0,81.88420104980469,131.83006286621094,132.33456420898438,,,,,,,
90,,,81.7791748046875,,,,,,,,,,,,0.0,1.0,,0.0,94.87519073486328,131.9599609375,132.33456420898438,,,,,,,
91,,,80.6050033569336,,,,,,,,,,,,0.0,1.0,,0.0,78.3619155883789,131.79483032226562,132.33456420898438,,,,,,,
92,,,75.98267364501953,,,,,,,,,,,,0.0,1.0,,0.0,79.16932678222656,131.8029022216797,132.33456420898438,,,,,,,
93,,,75.74555206298828,,,,,,,,,,,,0.0,1.0,,0.0,98.3253173828125,131.9944610595703,132.33456420898438,,,,,,,
94,,,76.0210952758789,,,,,,,,,,,,0.0,1.0,,0.0,64.8682861328125,131.65989685058594,132.33456420898438,,,,,,,
95,,,83.58740997314453,,,,,,,,,,,,0.0,1.0,,0.0,74.03702545166016,131.7515869140625,132.33456420898438,,,,,,,
96,,,82.39559173583984,,,,,,,,,,,,0.0,1.0,,0.0,71.66909790039062,131.7279052734375,132.33456420898438,,,,,,,
97,,,83.48976135253906,,,,,,,,,,,,0.0,1.0,,0.0,87.0962142944336,131.88217163085938,132.33456420898438,,,,,,,
98,,,77.84732055664062,,,,,,,,,,,,0.0,1.0,,0.0,58.91010665893555,131.60031127929688,132.33456420898438,,,,,,,
99,2.0,78.48096466064453,76.9730453491211,,,,,,,,,,,,0.0,1.0,0.0002940300037153065,0.0,78.48096466064453,131.7960205078125,132.33456420898438,,78.48096466064453,78.48096466064453,1.101097822189331,78.48096466064453,0.0,78.48096466064453
100,,,79.17753601074219,,,,,,,,,,,,0.0,1.0,,0.0,66.98201751708984,131.6810302734375,132.33456420898438,,,,,,,
101,,,68.26394653320312,,,,,,,,,,,,0.0,1.0,,0.0,82.83489227294922,131.83956909179688,132.33456420898438,,,,,,,
102,,,87.5968017578125,,,,,,,,,,,,0.0,1.0,,0.0,66.10155487060547,131.67222595214844,132.33456420898438,,,,,,,
103,,,77.81546783447266,,,,,,,,,,,,0.0,1.0,,0.0,73.1725082397461,131.74293518066406,132.33456420898438,,,,,,,
104,,,81.37519073486328,,,,,,,,,,,,0.0,1.0,,0.0,83.37893676757812,131.84500122070312,132.33456420898438,,,,,,,
105,,,68.88824462890625,,,,,,,,,,,,0.0,1.0,,0.0,90.8890151977539,131.92010498046875,132.33456420898438,,,,,,,
106,,,81.7791748046875,,,,,,,,,,,,0.0,1.0,,0.0,77.16365814208984,131.78285217285156,132.33456420898438,,,,,,,
107,,,80.6050033569336,,,,,,,,,,,,0.0,1.0,,0.0,80.35491180419922,131.81475830078125,132.33456420898438,,,,,,,
108,,,75.98267364501953,,,,,,,,,,,,0.0,1.0,,0.0,75.57361602783203,131.76695251464844,132.33456420898438,,,,,,,
109,,,75.74555206298828,,,,,,,,,,,,0.0,1.0,,0.0,61.18156051635742,131.62303161621094,132.33456420898438,,,,,,,
110,,,76.0210952758789,,,,,,,,,,,,0.0,1.0,,0.0,81.87583923339844,131.82997131347656,132.33456420898438,,,,,,,
111,,,83.58740997314453,,,,,,,,,,,,0.0,1.0,,0.0,85.64745330810547,131.86769104003906,132.33456420898438,,,,,,,
112,,,82.39559173583984,,,,,,,,,,,,0.0,1.0,,0.0,81.07080078125,131.82192993164062,132.33456420898438,,,,,,,
113,,,83.48976135253906,,,,,,,,,,,,0.0,1.0,,0.0,89.20838165283203,131.90330505371094,132.33456420898438,,,,,,,
114,,,77.84732055664062,,,,,,,,,,,,0.0,1.0,,0.0,87.96988677978516,131.8909149169922,132.33456420898438,,,,,,,
115,,,76.9730453491211,,,,,,,,,,,,0.0,1.0,,0.0,66.96927642822266,131.680908203125,132.33456420898438,,,,,,,
116,,,79.17753601074219,,,,,,,,,,,,0.0,1.0,,0.0,85.01936340332031,131.8614044189453,132.33456420898438,,,,,,,
117,,,68.26394653320312,,,,,,,,,,,,0.0,1.0,,0.0,65.86865234375,131.66990661621094,132.33456420898438,,,,,,,
118,,,87.5968017578125,,,,,,,,,,,,0.0,1.0,,0.0,91.1073226928711,131.9222869873047,132.33456420898438,,,,,,,
119,2.0,78.59648895263672,77.81546783447266,1.1050091981887817,78.59648895263672,0.0,78.59648895263672,29.4476261138916,3.8350679874420166,41.25637435913086,47.60082244873047,0.012348644435405731,0.12287396192550659,0.9999409914016724,0.0,1.0,,0.0,82.04708099365234,131.83168029785156,132.33456420898438,79.49552154541016,,,,,,
120,,,81.37519073486328,,,,,,,,,,,,0.0,1.0,,0.0,76.47896575927734,131.7760009765625,132.33456420898438,,,,,,,
121,,,68.88824462890625,,,,,,,,,,,,0.0,1.0,,0.0,91.26168060302734,131.923828125,132.33456420898438,,,,,,,
122,,,81.7791748046875,,,,,,,,,,,,0.0,1.0,,0.0,77.64592742919922,131.7876739501953,132.33456420898438,,,,,,,
123,,,80.6050033569336,,,,,,,,,,,,0.0,1.0,,0.0,95.03068542480469,131.96151733398438,132.33456420898438,,,,,,,
124,,,75.98267364501953,,,,,,,,,,,,0.0,1.0,,0.0,71.5954360961914,131.7271728515625,132.33456420898438,,,,,,,
125,,,75.74555206298828,,,,,,,,,,,,0.0,1.0,,0.0,82.12873840332031,131.83250427246094,132.33456420898438,,,,,,,
126,,,76.0210952758789,,,,,,,,,,,,0.0,1.0,,0.0,84.38896179199219,131.8551025390625,132.33456420898438,,,,,,,
127,,,83.58740997314453,,,,,,,,,,,,0.0,1.0,,0.0,69.0055923461914,131.70127868652344,132.33456420898438,,,,,,,
128,,,82.39559173583984,,,,,,,,,,,,0.0,1.0,,0.0,89.90647888183594,131.9102783203125,132.33456420898438,,,,,,,
129,,,83.48976135253906,,,,,,,,,,,,0.0,1.0,,0.0,61.1932373046875,131.62315368652344,132.33456420898438,,,,,,,
130,,,77.84732055664062,,,,,,,,,,,,0.0,1.0,,0.0,80.99516296386719,131.8211669921875,132.33456420898438,,,,,,,
131,,,76.9730453491211,,,,,,,,,,,,0.0,1.0,,0.0,65.37169647216797,131.66493225097656,132.33456420898438,,,,,,,
132,,,79.17753601074219,,,,,,,,,,,,0.0,1.0,,0.0,74.62871551513672,131.75750732421875,132.33456420898438,,,,,,,
133,,,68.26394653320312,,,,,,,,,,,,0.0,1.0,,0.0,83.54647827148438,131.8466796875,132.33456420898438,,,,,,,
134,,,87.5968017578125,,,,,,,,,,,,0.0,1.0,,0.0,85.97735595703125,131.87098693847656,132.33456420898438,,,,,,,
135,,,77.81546783447266,,,,,,,,,,,,0.0,1.0,,0.0,77.35774230957031,131.7847900390625,132.33456420898438,,,,,,,
136,,,81.37519073486328,,,,,,,,,,,,0.0,1.0,,0.0,89.92818450927734,131.91049194335938,132.33456420898438,,,,,,,
137,,,68.88824462890625,,,,,,,,,,,,0.0,1.0,,0.0,76.88394165039062,131.78005981445312,132.33456420898438,,,,,,,
138,,,81.7791748046875,,,,,,,,,,,,0.0,1.0,,0.0,73.55838012695312,131.74679565429688,132.33456420898438,,,,,,,
139,,,80.6050033569336,,,,,,,,,,,,0.0,1.0,,0.0,65.84331512451172,131.66964721679688,132.33456420898438,,,,,,,
140,,,75.98267364501953,,,,,,,,,,,,0.0,1.0,,0.0,86.88050079345703,131.88002014160156,132.33456420898438,,,,,,,
141,,,75.74555206298828,,,,,,,,,,,,0.0,1.0,,0.0,82.26461029052734,131.8338623046875,132.33456420898438,,,,,,,
142,,,76.0210952758789,,,,,,,,,,,,0.0,1.0,,0.0,77.84163665771484,131.7896270751953,132.33456420898438,,,,,,,
143,,,83.58740997314453,,,,,,,,,,,,0.0,1.0,,0.0,78.28080749511719,131.7940216064453,132.33456420898438,,,,,,,
144,,,82.39559173583984,,,,,,,,,,,,0.0,1.0,,0.0,92.79249572753906,131.9391326904297,132.33456420898438,,,,,,,
145,,,83.48976135253906,,,,,,,,,,,,0.0,1.0,,0.0,85.17034912109375,131.8629150390625,132.33456420898438,,,,,,,
146,,,77.84732055664062,,,,,,,,,,,,0.0,1.0,,0.0,99.79039001464844,132.00912475585938,132.33456420898438,,,,,,,
147,,,76.9730453491211,,,,,,,,,,,,0.0,1.0,,0.0,86.01988983154297,131.8714141845703,132.33456420898438,,,,,,,
148,,,79.17753601074219,,,,,,,,,,,,0.0,1.0,,0.0,92.77596282958984,131.93898010253906,132.33456420898438,,,,,,,
149,3.0,87.01753234863281,68.26394653320312,,,,,,,,,,,,0.0,1.0,0.00029108970193192363,0.0,87.01753234863281,131.8813934326172,132.33456420898438,,87.01753234863281,87.01753234863281,1.1423261165618896,87.01753234863281,0.0,87.01753234863281
150,,,87.5968017578125,,,,,,,,,,,,0.0,1.0,,0.0,83.84931182861328,131.84970092773438,132.33456420898438,,,,,,,
151,,,77.81546783447266,,,,,,,,,,,,0.0,1.0,,0.0,74.59579467773438,131.75717163085938,132.33456420898438,,,,,,,
152,,,81.37519073486328,,,,,,,,,,,,0.0,1.0,,0.0,69.37640380859375,131.70498657226562,132.33456420898438,,,,,,,
153,,,68.88824462890625,,,,,,,,,,,,0.0,1.0,,0.0,78.21659088134766,131.7933807373047,132.33456420898438,,,,,,,
154,,,81.7791748046875,,,,,,,,,,,,0.0,1.0,,0.0,82.1177978515625,131.8323974609375,132.33456420898438,,,,,,,
155,,,80.6050033569336,,,,,,,,,,,,0.0,1.0,,0.0,90.61038970947266,131.9173126220703,132.33456420898438,,,,,,,
156,,,75.98267364501953,,,,,,,,,,,,0.0,1.0,,0.0,75.4828872680664,131.7660369873047,132.33456420898438,,,,,,,
157,,,75.74555206298828,,,,,,,,,,,,0.0,1.0,,0.0,63.98899459838867,131.65110778808594,132.33456420898438,,,,,,,
158,,,76.0210952758789,,,,,,,,,,,,0.0,1.0,,0.0,81.6708984375,131.8279266357422,132.33456420898438,,,,,,,
159,3.0,78.59648895263672,83.58740997314453,1.1049938201904297,78.59648895263672,0.0,78.59648895263672,29.447507858276367,3.8350417613983154,41.256072998046875,47.60081481933594,0.012468679808080196,0.12286988645792007,0.9999409914016724,0.0,1.0,,0.0,104.01062774658203,132.0513153076172,132.33456420898438,79.49551391601562,,,,,,
160,,,82.39559173583984,,,,,,,,,,,,0.0,1.0,,0.0,67.65779876708984,131.6877899169922,132.33456420898438,,,,,,,
161,,,83.48976135253906,,,,,,,,,,,,0.0,1.0,,0.0,94.23607635498047,131.95358276367188,132.33456420898438,,,,,,,
162,,,77.84732055664062,,,,,,,,,,,,0.0,1.0,,0.0,64.1510238647461,131.65272521972656,132.33456420898438,,,,,,,
163,,,76.9730453491211,,,,,,,,,,,,0.0,1.0,,0.0,67.39456939697266,131.68516540527344,132.33456420898438,,,,,,,
164,,,79.17753601074219,,,,,,,,,,,,0.0,1.0,,0.0,76.51868438720703,131.77639770507812,132.33456420898438,,,,,,,
165,,,68.26394653320312,,,,,,,,,,,,0.0,1.0,,0.0,74.11744689941406,131.7523956298828,132.33456420898438,,,,,,,
166,,,87.5968017578125,,,,,,,,,,,,0.0,1.0,,0.0,64.20734405517578,131.65328979492188,132.33456420898438,,,,,,,
167,,,77.81546783447266,,,,,,,,,,,,0.0,1.0,,0.0,68.87000274658203,131.69992065429688,132.33456420898438,,,,,,,
168,,,81.37519073486328,,,,,,,,,,,,0.0,1.0,,0.0,62.487125396728516,131.63609313964844,132.33456420898438,,,,,,,
169,,,68.88824462890625,,,,,,,,,,,,0.0,1.0,,0.0,85.95269775390625,131.87074279785156,132.33456420898438,,,,,,,
170,,,81.7791748046875,,,,,,,,,,,,0.0,1.0,,0.0,100.63365936279297,132.01754760742188,132.33456420898438,,,,,,,
171,,,80.6050033569336,,,,,,,,,,,,0.0,1.0,,0.0,76.21086120605469,131.77333068847656,132.33456420898438,,,,,,,
172,,,75.98267364501953,,,,,,,,,,,,0.0,1.0,,0.0,85.21276092529297,131.86334228515625,132.33456420898438,,,,,,,
173,,,75.74555206298828,,,,,,,,,,,,0.0,1.0,,0.0,81.99910736083984,131.83120727539062,132.33456420898438,,,,,,,
174,,,76.0210952758789,,,,,,,,,,,,0.0,1.0,,0.0,80.80606842041016,131.81927490234375,132.33456420898438,,,,,,,
175,,,83.58740997314453,,,,,,,,,,,,0.0,1.0,,0.0,77.89483642578125,131.7901611328125,132.33456420898438,,,,,,,
176,,,,,,,,,,,,,,,0.0,1.0,,0.0,85.67219543457031,131.86793518066406,132.33456420898438,,,,,,,
177,,,,,,,,,,,,,,,0.0,1.0,,0.0,75.69020080566406,131.7681121826172,132.33456420898438,,,,,,,
178,,,,,,,,,,,,,,,0.0,1.0,,0.0,78.97785949707031,131.80099487304688,132.33456420898438,,,,,,,
179,,,,,,,,,,,,,,,0.0,1.0,,0.0,90.14392852783203,131.91265869140625,132.33456420898438,,,,,,,
180,,,,,,,,,,,,,,,0.0,1.0,,0.0,86.35060119628906,131.87472534179688,132.33456420898438,,,,,,,
181,,,,,,,,,,,,,,,0.0,1.0,,0.0,82.34648132324219,131.83468627929688,132.33456420898438,,,,,,,
182,,,,,,,,,,,,,,,0.0,1.0,,0.0,72.79292297363281,131.73915100097656,132.33456420898438,,,,,,,
183,,,,,,,,,,,,,,,0.0,1.0,,0.0,71.7323226928711,131.72853088378906,132.33456420898438,,,,,,,
184,,,,,,,,,,,,,,,0.0,1.0,,0.0,81.70976257324219,131.82830810546875,132.33456420898438,,,,,,,
185,,,,,,,,,,,,,,,0.0,1.0,,0.0,81.12574768066406,131.82247924804688,132.33456420898438,,,,,,,
186,,,,,,,,,,,,,,,0.0,1.0,,0.0,73.1622314453125,131.7428436279297,132.33456420898438,,,,,,,
187,,,,,,,,,,,,,,,0.0,1.0,,0.0,77.45608520507812,131.78578186035156,132.33456420898438,,,,,,,
188,,,,,,,,,,,,,,,0.0,1.0,,0.0,66.15162658691406,131.6727294921875,132.33456420898438,,,,,,,
189,,,,,,,,,,,,,,,0.0,1.0,,0.0,85.6534194946289,131.8677520751953,132.33456420898438,,,,,,,
190,,,,,,,,,,,,,,,0.0,1.0,,0.0,81.9559326171875,131.83078002929688,132.33456420898438,,,,,,,
191,,,,,,,,,,,,,,,0.0,1.0,,0.0,79.87290954589844,131.80995178222656,132.33456420898438,,,,,,,
192,,,,,,,,,,,,,,,0.0,1.0,,0.0,86.31949615478516,131.87440490722656,132.33456420898438,,,,,,,
193,,,,,,,,,,,,,,,0.0,1.0,,0.0,96.12894439697266,131.97250366210938,132.33456420898438,,,,,,,
194,,,,,,,,,,,,,,,0.0,1.0,,0.0,69.94766998291016,131.710693359375,132.33456420898438,,,,,,,
195,,,,,,,,,,,,,,,0.0,1.0,,0.0,79.82616424560547,131.80947875976562,132.33456420898438,,,,,,,
196,,,,,,,,,,,,,,,0.0,1.0,,0.0,82.71786499023438,131.83839416503906,132.33456420898438,,,,,,,
197,,,,,,,,,,,,,,,0.0,1.0,,0.0,70.7095947265625,131.7183074951172,132.33456420898438,,,,,,,
198,,,,,,,,,,,,,,,0.0,1.0,,0.0,88.5063705444336,131.8962860107422,132.33456420898438,,,,,,,
199,4.0,78.59648895263672,,1.104975700378418,78.59648895263672,0.0,78.59648895263672,29.44696617126465,3.8349697589874268,41.256038665771484,47.60078811645508,0.012453015893697739,0.12286870926618576,0.9999409914016724,0.0,1.0,0.00028817879501730204,0.0,54.038787841796875,131.55160522460938,132.33456420898438,79.49553680419922,54.038787841796875,54.038787841796875,0.9463460445404053,54.038787841796875,0.0,54.038787841796875
200,,,,,,,,,,,,,,,0.0,1.0,,0.0,67.42501068115234,131.6854705810547,132.33456420898438,,,,,,,
201,,,,,,,,,,,,,,,0.0,1.0,,0.0,68.18961334228516,131.693115234375,132.33456420898438,,,,,,,
202,,,,,,,,,,,,,,,0.0,1.0,,0.0,73.67708587646484,131.74798583984375,132.33456420898438,,,,,,,
203,,,,,,,,,,,,,,,0.0,1.0,,0.0,81.39440155029297,131.82516479492188,132.33456420898438,,,,,,,
204,,,,,,,,,,,,,,,0.0,1.0,,0.0,95.0253677368164,131.9614715576172,132.33456420898438,,,,,,,
205,,,,,,,,,,,,,,,0.0,1.0,,0.0,79.80843353271484,131.80929565429688,132.33456420898438,,,,,,,
206,,,,,,,,,,,,,,,0.0,1.0,,0.0,76.79170227050781,131.7791290283203,132.33456420898438,,,,,,,
207,,,,,,,,,,,,,,,0.0,1.0,,0.0,73.3102035522461,131.74432373046875,132.33456420898438,,,,,,,
208,,,,,,,,,,,,,,,0.0,1.0,,0.0,83.12074279785156,131.84242248535156,132.33456420898438,,,,,,,
209,,,,,,,,,,,,,,,0.0,1.0,,0.0,71.72944641113281,131.728515625,132.33456420898438,,,,,,,
210,,,,,,,,,,,,,,,0.0,1.0,,0.0,72.3050765991211,131.73426818847656,132.33456420898438,,,,,,,
211,,,,,,,,,,,,,,,0.0,1.0,,0.0,67.24475860595703,131.6836700439453,132.33456420898438,,,,,,,
212,,,,,,,,,,,,,,,0.0,1.0,,0.0,73.52943420410156,131.7465057373047,132.33456420898438,,,,,,,
213,,,,,,,,,,,,,,,0.0,1.0,,0.0,68.36324310302734,131.69485473632812,132.33456420898438,,,,,,,
214,,,,,,,,,,,,,,,0.0,1.0,,0.0,81.12606048583984,131.82247924804688,132.33456420898438,,,,,,,
215,,,,,,,,,,,,,,,0.0,1.0,,0.0,73.20791625976562,131.74330139160156,132.33456420898438,,,,,,,
216,,,,,,,,,,,,,,,0.0,1.0,,0.0,78.98237609863281,131.80104064941406,132.33456420898438,,,,,,,
217,,,,,,,,,,,,,,,0.0,1.0,,0.0,76.93604278564453,131.78057861328125,132.33456420898438,,,,,,,
218,,,,,,,,,,,,,,,0.0,1.0,,0.0,83.93550872802734,131.85057067871094,132.33456420898438,,,,,,,
219,,,,,,,,,,,,,,,0.0,1.0,,0.0,85.30909729003906,131.8643035888672,132.33456420898438,,,,,,,
220,,,,,,,,,,,,,,,0.0,1.0,,0.0,61.5429801940918,131.62664794921875,132.33456420898438,,,,,,,
221,,,,,,,,,,,,,,,0.0,1.0,,0.0,74.70567321777344,131.75827026367188,132.33456420898438,,,,,,,
222,,,,,,,,,,,,,,,0.0,1.0,,0.0,69.78118896484375,131.7090301513672,132.33456420898438,,,,,,,
223,,,,,,,,,,,,,,,0.0,1.0,,0.0,77.02783966064453,131.781494140625,132.33456420898438,,,,,,,
224,,,,,,,,,,,,,,,0.0,1.0,,0.0,76.37812805175781,131.77499389648438,132.33456420898438,,,,,,,
225,,,,,,,,,,,,,,,0.0,1.0,,0.0,85.51922607421875,131.8664093017578,132.33456420898438,,,,,,,
226,,,,,,,,,,,,,,,0.0,1.0,,0.0,80.95577239990234,131.82077026367188,132.33456420898438,,,,,,,
227,,,,,,,,,,,,,,,0.0,1.0,,0.0,73.8874282836914,131.75009155273438,132.33456420898438,,,,,,,
228,,,,,,,,,,,,,,,0.0,1.0,,0.0,83.39313507080078,131.84515380859375,132.33456420898438,,,,,,,
229,,,,,,,,,,,,,,,0.0,1.0,,0.0,81.82394409179688,131.82945251464844,132.33456420898438,,,,,,,
230,,,,,,,,,,,,,,,0.0,1.0,,0.0,77.91964721679688,131.7904052734375,132.33456420898438,,,,,,,
231,,,,,,,,,,,,,,,0.0,1.0,,0.0,61.173213958740234,131.62294006347656,132.33456420898438,,,,,,,
232,,,,,,,,,,,,,,,0.0,1.0,,0.0,69.37725830078125,131.70498657226562,132.33456420898438,,,,,,,
233,,,,,,,,,,,,,,,0.0,1.0,,0.0,56.756507873535156,131.5787811279297,132.33456420898438,,,,,,,
234,,,,,,,,,,,,,,,0.0,1.0,,0.0,66.36634063720703,131.6748809814453,132.33456420898438,,,,,,,
235,,,,,,,,,,,,,,,0.0,1.0,,0.0,71.9338150024414,131.73056030273438,132.33456420898438,,,,,,,
236,,,,,,,,,,,,,,,0.0,1.0,,0.0,81.66822052001953,131.82789611816406,132.33456420898438,,,,,,,
237,,,,,,,,,,,,,,,0.0,1.0,,0.0,92.83860778808594,131.93960571289062,132.33456420898438,,,,,,,
238,,,,,,,,,,,,,,,0.0,1.0,,0.0,91.26036834716797,131.92381286621094,132.33456420898438,,,,,,,
239,5.0,78.59648895263672,,1.1049550771713257,78.59648895263672,0.0,78.59648895263672,29.446352005004883,3.8348731994628906,41.255836486816406,47.60077667236328,0.012474577873945236,0.12287526577711105,0.9999409914016724,0.0,1.0,,0.0,60.95125961303711,131.6207275390625,132.33456420898438,79.49555969238281,,,,,,
240,,,,,,,,,,,,,,,0.0,1.0,,0.0,78.83137512207031,131.79953002929688,132.33456420898438,,,,,,,
241,,,,,,,,,,,,,,,0.0,1.0,,0.0,87.58477783203125,131.88706970214844,132.33456420898438,,,,,,,
242,,,,,,,,,,,,,,,0.0,1.0,,0.0,70.88206481933594,131.72003173828125,132.33456420898438,,,,,,,
243,,,,,,,,,,,,,,,0.0,1.0,,0.0,79.10791015625,131.8022918701172,132.33456420898438,,,,,,,
244,,,,,,,,,,,,,,,0.0,1.0,,0.0,70.90699768066406,131.7202911376953,132.33456420898438,,,,,,,
245,,,,,,,,,,,,,,,0.0,1.0,,0.0,64.71107482910156,131.6583251953125,132.33456420898438,,,,,,,
246,,,,,,,,,,,,,,,0.0,1.0,,0.0,70.92268371582031,131.72044372558594,132.33456420898438,,,,,,,
247,,,,,,,,,,,,,,,0.0,1.0,,0.0,63.25726318359375,131.64378356933594,132.33456420898438,,,,,,,
248,,,,,,,,,,,,,,,0.0,1.0,,0.0,68.36327362060547,131.69485473632812,132.33456420898438,,,,,,,
249,6.0,70.81710815429688,,,,,,,,,,,,,0.0,1.0,0.00028244403074495494,0.0,70.81710815429688,131.71939086914062,132.33456420898438,,70.81710815429688,70.81710815429688,1.016266107559204,70.81710815429688,0.0,70.81710815429688
250,,,,,,,,,,,,,,,0.0,1.0,,0.0,66.6525650024414,131.677734375,132.33456420898438,,,,,,,
251,,,,,,,,,,,,,,,0.0,1.0,,0.0,91.55461883544922,131.9267578125,132.33456420898438,,,,,,,
252,,,,,,,,,,,,,,,0.0,1.0,,0.0,78.44851684570312,131.7957000732422,132.33456420898438,,,,,,,
253,,,,,,,,,,,,,,,0.0,1.0,,0.0,84.73463439941406,131.8585662841797,132.33456420898438,,,,,,,
254,,,,,,,,,,,,,,,0.0,1.0,,0.0,70.58568572998047,131.71707153320312,132.33456420898438,,,,,,,
255,,,,,,,,,,,,,,,0.0,1.0,,0.0,91.77598571777344,131.92897033691406,132.33456420898438,,,,,,,
256,,,,,,,,,,,,,,,0.0,1.0,,0.0,71.16218566894531,131.72283935546875,132.33456420898438,,,,,,,
257,,,,,,,,,,,,,,,0.0,1.0,,0.0,84.25457000732422,131.853759765625,132.33456420898438,,,,,,,
258,,,,,,,,,,,,,,,0.0,1.0,,0.0,82.61665344238281,131.83738708496094,132.33456420898438,,,,,,,
259,,,,,,,,,,,,,,,0.0,1.0,,0.0,70.57486724853516,131.7169647216797,132.33456420898438,,,,,,,
260,,,,,,,,,,,,,,,0.0,1.0,,0.0,80.63162231445312,131.81753540039062,132.33456420898438,,,,,,,
261,,,,,,,,,,,,,,,0.0,1.0,,0.0,84.6663589477539,131.85787963867188,132.33456420898438,,,,,,,
262,,,,,,,,,,,,,,,0.0,1.0,,0.0,87.24779510498047,131.88369750976562,132.33456420898438,,,,,,,
263,,,,,,,,,,,,,,,0.0,1.0,,0.0,82.82127380371094,131.8394317626953,132.33456420898438,,,,,,,
264,,,,,,,,,,,,,,,0.0,1.0,,0.0,88.7367172241211,131.89857482910156,132.33456420898438,,,,,,,
265,,,,,,,,,,,,,,,0.0,1.0,,0.0,66.91630554199219,131.6803741455078,132.33456420898438,,,,,,,
266,,,,,,,,,,,,,,,0.0,1.0,,0.0,83.09500122070312,131.8421630859375,132.33456420898438,,,,,,,
267,,,,,,,,,,,,,,,0.0,1.0,,0.0,59.515254974365234,131.6063690185547,132.33456420898438,,,,,,,
268,,,,,,,,,,,,,,,0.0,1.0,,0.0,79.82502746582031,131.80946350097656,132.33456420898438,,,,,,,
269,,,,,,,,,,,,,,,0.0,1.0,,0.0,75.59580993652344,131.7671661376953,132.33456420898438,,,,,,,
270,,,,,,,,,,,,,,,0.0,1.0,,0.0,77.86742401123047,131.78988647460938,132.33456420898438,,,,,,,
271,,,,,,,,,,,,,,,0.0,1.0,,0.0,88.11151885986328,131.892333984375,132.33456420898438,,,,,,,
272,,,,,,,,,,,,,,,0.0,1.0,,0.0,86.81623077392578,131.87937927246094,132.33456420898438,,,,,,,
273,,,,,,,,,,,,,,,0.0,1.0,,0.0,79.7638931274414,131.80885314941406,132.33456420898438,,,,,,,
274,,,,,,,,,,,,,,,0.0,1.0,,0.0,89.73432922363281,131.90855407714844,132.33456420898438,,,,,,,
275,,,,,,,,,,,,,,,0.0,1.0,,0.0,79.93455505371094,131.81056213378906,132.33456420898438,,,,,,,
276,,,,,,,,,,,,,,,0.0,1.0,,0.0,72.08943176269531,131.73211669921875,132.33456420898438,,,,,,,
277,,,,,,,,,,,,,,,0.0,1.0,,0.0,84.54014587402344,131.8566131591797,132.33456420898438,,,,,,,
278,,,,,,,,,,,,,,,0.0,1.0,,0.0,86.75437927246094,131.87875366210938,132.33456420898438,,,,,,,
279,6.0,78.59648895263672,,1.1049333810806274,78.59648895263672,0.0,78.59648895263672,29.44568634033203,3.834789752960205,41.255035400390625,47.60076141357422,0.012523017823696136,0.12287421524524689,0.9999409914016724,0.0,1.0,,0.0,86.29773712158203,131.8741912841797,132.33456420898438,79.49552154541016,,,,,,
280,,,,,,,,,,,,,,,0.0,1.0,,0.0,68.69619750976562,131.69818115234375,132.33456420898438,,,,,,,
281,,,,,,,,,,,,,,,0.0,1.0,,0.0,74.61583709716797,131.7573699951172,132.33456420898438,,,,,,,
282,,,,,,,,,,,,,,,0.0,1.0,,0.0,85.48091888427734,131.86602783203125,132.33456420898438,,,,,,,
283,,,,,,,,,,,,,,,0.0,1.0,,0.0,67.72135162353516,131.6884307861328,132.33456420898438,,,,,,,
284,,,,,,,,,,,,,,,0.0,1.0,,0.0,80.54685974121094,131.81668090820312,132.33456420898438,,,,,,,
285,,,,,,,,,,,,,,,0.0,1.0,,0.0,70.08954620361328,131.7121124267578,132.33456420898438,,,,,,,
286,,,,,,,,,,,,,,,0.0,1.0,,0.0,70.76910400390625,131.71890258789062,132.33456420898438,,,,,,,
287,,,,,,,,,,,,,,,0.0,1.0,,0.0,79.80451202392578,131.80926513671875,132.33456420898438,,,,,,,
288,,,,,,,,,,,,,,,0.0,1.0,,0.0,63.39924621582031,131.64520263671875,132.33456420898438,,,,,,,
289,,,,,,,,,,,,,,,0.0,1.0,,0.0,70.24007415771484,131.713623046875,132.33456420898438,,,,,,,
290,,,,,,,,,,,,,,,0.0,1.0,,0.0,80.84262084960938,131.81964111328125,132.33456420898438,,,,,,,
291,,,,,,,,,,,,,,,0.0,1.0,,0.0,91.77147674560547,131.92892456054688,132.33456420898438,,,,,,,
292,,,,,,,,,,,,,,,0.0,1.0,,0.0,95.4881820678711,131.96609497070312,132.33456420898438,,,,,,,
293,,,,,,,,,,,,,,,0.0,1.0,,0.0,81.19000244140625,131.8231201171875,132.33456420898438,,,,,,,
294,,,,,,,,,,,,,,,0.0,1.0,,0.0,72.52365112304688,131.7364501953125,132.33456420898438,,,,,,,
295,,,,,,,,,,,,,,,0.0,1.0,,0.0,73.24671936035156,131.74368286132812,132.33456420898438,,,,,,,
296,,,,,,,,,,,,,,,0.0,1.0,,0.0,78.6245346069336,131.79745483398438,132.33456420898438,,,,,,,
297,,,,,,,,,,,,,,,0.0,1.0,,0.0,86.55138397216797,131.87672424316406,132.33456420898438,,,,,,,
298,,,,,,,,,,,,,,,0.0,1.0,,0.0,75.5931625366211,131.76715087890625,132.33456420898438,,,,,,,
299,7.0,93.00981903076172,,,,,,,,,,,,,0.0,1.0,0.0002796195913106203,0.0,93.00981903076172,131.94131469726562,132.33456420898438,,93.00981903076172,93.00981903076172,1.1790952682495117,93.00981903076172,0.0,93.00981903076172
300,,,,,,,,,,,,,,,0.0,1.0,,0.0,87.74417114257812,131.88865661621094,132.33456420898438,,,,,,,
301,,,,,,,,,,,,,,,0.0,1.0,,0.0,68.2274169921875,131.69349670410156,132.33456420898438,,,,,,,
302,,,,,,,,,,,,,,,0.0,1.0,,0.0,83.48774719238281,131.84609985351562,132.33456420898438,,,,,,,
303,,,,,,,,,,,,,,,0.0,1.0,,0.0,91.53877258300781,131.92660522460938,132.33456420898438,,,,,,,
304,,,,,,,,,,,,,,,0.0,1.0,,0.0,61.41123962402344,131.6253204345703,132.33456420898438,,,,,,,
305,,,,,,,,,,,,,,,0.0,1.0,,0.0,85.30496978759766,131.8642578125,132.33456420898438,,,,,,,
306,,,,,,,,,,,,,,,0.0,1.0,,0.0,87.67085266113281,131.88792419433594,132.33456420898438,,,,,,,
307,,,,,,,,,,,,,,,0.0,1.0,,0.0,79.9023208618164,131.81024169921875,132.33456420898438,,,,,,,
308,,,,,,,,,,,,,,,0.0,1.0,,0.0,63.551395416259766,131.646728515625,132.33456420898438,,,,,,,
309,,,,,,,,,,,,,,,0.0,1.0,,0.0,77.53800201416016,131.78659057617188,132.33456420898438,,,,,,,
310,,,,,,,,,,,,,,,0.0,1.0,,0.0,81.30211639404297,131.82423400878906,132.33456420898438,,,,,,,
311,,,,,,,,,,,,,,,0.0,1.0,,0.0,83.63794708251953,131.84759521484375,132.33456420898438,,,,,,,
312,,,,,,,,,,,,,,,0.0,1.0,,0.0,87.3568115234375,131.88478088378906,132.33456420898438,,,,,,,
313,,,,,,,,,,,,,,,0.0,1.0,,0.0,91.26038360595703,131.92381286621094,132.33456420898438,,,,,,,
314,,,,,,,,,,,,,,,0.0,1.0,,0.0,82.1478500366211,131.8326873779297,132.33456420898438,,,,,,,
315,,,,,,,,,,,,,,,0.0,1.0,,0.0,96.25157928466797,131.97372436523438,132.33456420898438,,,,,,,
316,,,,,,,,,,,,,,,0.0,1.0,,0.0,75.23692321777344,131.76358032226562,132.33456420898438,,,,,,,
317,,,,,,,,,,,,,,,0.0,1.0,,0.0,85.26812744140625,131.8638916015625,132.33456420898438,,,,,,,
318,,,,,,,,,,,,,,,0.0,1.0,,0.0,69.21734619140625,131.70338439941406,132.33456420898438,,,,,,,
319,7.0,78.59648895263672,,1.1049091815948486,78.59648895263672,0.0,78.59648895263672,29.445022583007812,3.834686756134033,41.25440979003906,47.600730895996094,0.012453731149435043,0.12287697941064835,0.9999409914016724,0.0,1.0,,0.0,97.11105346679688,131.98233032226562,132.33456420898438,79.49554443359375,,,,,,
320,,,,,,,,,,,,,,,0.0,1.0,,0.0,93.08596801757812,131.94207763671875,132.33456420898438,,,,,,,
321,,,,,,,,,,,,,,,0.0,1.0,,0.0,86.44679260253906,131.8756866455078,132.33456420898438,,,,,,,
322,,,,,,,,,,,,,,,0.0,1.0,,0.0,66.89665222167969,131.68017578125,132.33456420898438,,,,,,,
323,,,,,,,,,,,,,,,0.0,1.0,,0.0,94.0924072265625,131.95213317871094,132.33456420898438,,,,,,,
324,,,,,,,,,,,,,,,0.0,1.0,,0.0,86.93334197998047,131.88055419921875,132.33456420898438,,,,,,,
325,,,,,,,,,,,,,,,0.0,1.0,,0.0,80.20015716552734,131.81321716308594,132.33456420898438,,,,,,,
326,,,,,,,,,,,,,,,0.0,1.0,,0.0,70.15673065185547,131.71278381347656,132.33456420898438,,,,,,,
327,,,,,,,,,,,,,,,0.0,1.0,,0.0,77.63558959960938,131.78756713867188,132.33456420898438,,,,,,,
328,,,,,,,,,,,,,,,0.0,1.0,,0.0,90.90457916259766,131.92025756835938,132.33456420898438,,,,,,,
329,,,,,,,,,,,,,,,0.0,1.0,,0.0,75.30496215820312,131.76426696777344,132.33456420898438,,,,,,,
330,,,,,,,,,,,,,,,0.0,1.0,,0.0,85.28710174560547,131.8640899658203,132.33456420898438,,,,,,,
331,,,,,,,,,,,,,,,0.0,1.0,,0.0,87.60059356689453,131.88722229003906,132.33456420898438,,,,,,,
332,,,,,,,,,,,,,,,0.0,1.0,,0.0,71.30577087402344,131.72427368164062,132.33456420898438,,,,,,,
333,,,,,,,,,,,,,,,0.0,1.0,,0.0,93.3674545288086,131.94488525390625,132.33456420898438,,,,,,,
334,,,,,,,,,,,,,,,0.0,1.0,,0.0,90.61541748046875,131.91737365722656,132.33456420898438,,,,,,,
335,,,,,,,,,,,,,,,0.0,1.0,,0.0,91.29391479492188,131.9241485595703,132.33456420898438,,,,,,,
336,,,,,,,,,,,,,,,0.0,1.0,,0.0,89.46222686767578,131.9058380126953,132.33456420898438,,,,,,,
337,,,,,,,,,,,,,,,0.0,1.0,,0.0,98.08289337158203,131.99205017089844,132.33456420898438,,,,,,,
338,,,,,,,,,,,,,,,0.0,1.0,,0.0,78.71769714355469,131.7983856201172,132.33456420898438,,,,,,,
339,,,,,,,,,,,,,,,0.0,1.0,,0.0,75.3415756225586,131.76463317871094,132.33456420898438,,,,,,,
340,,,,,,,,,,,,,,,0.0,1.0,,0.0,71.16128540039062,131.7228240966797,132.33456420898438,,,,,,,
341,,,,,,,,,,,,,,,0.0,1.0,,0.0,74.38050842285156,131.75502014160156,132.33456420898438,,,,,,,
342,,,,,,,,,,,,,,,0.0,1.0,,0.0,87.04698944091797,131.88168334960938,132.33456420898438,,,,,,,
343,,,,,,,,,,,,,,,0.0,1.0,,0.0,72.21707153320312,131.73338317871094,132.33456420898438,,,,,,,
344,,,,,,,,,,,,,,,0.0,1.0,,0.0,76.49693298339844,131.77618408203125,132.33456420898438,,,,,,,
345,,,,,,,,,,,,,,,0.0,1.0,,0.0,81.56155395507812,131.8268280029297,132.33456420898438,,,,,,,
346,,,,,,,,,,,,,,,0.0,1.0,,0.0,88.18795013427734,131.89309692382812,132.33456420898438,,,,,,,
347,,,,,,,,,,,,,,,0.0,1.0,,0.0,61.356239318847656,131.62477111816406,132.33456420898438,,,,,,,
348,,,,,,,,,,,,,,,0.0,1.0,,0.0,73.06019592285156,131.7418212890625,132.33456420898438,,,,,,,
349,8.0,77.6943588256836,,,,,,,,,,,,,0.0,1.0,0.00027682341169565916,0.0,77.6943588256836,131.7881622314453,132.33456420898438,,77.6943588256836,77.6943588256836,1.0842158794403076,77.6943588256836,0.0,77.6943588256836
350,,,,,,,,,,,,,,,0.0,1.0,,0.0,80.50950622558594,131.81631469726562,132.33456420898438,,,,,,,
351,,,,,,,,,,,,,,,0.0,1.0,,0.0,66.17388153076172,131.67295837402344,132.33456420898438,,,,,,,
352,,,,,,,,,,,,,,,0.0,1.0,,0.0,94.32978820800781,131.9545135498047,132.33456420898438,,,,,,,
353,,,,,,,,,,,,,,,0.0,1.0,,0.0,89.4448013305664,131.90567016601562,132.33456420898438,,,,,,,
354,,,,,,,,,,,,,,,0.0,1.0,,0.0,88.9139175415039,131.90036010742188,132.33456420898438,,,,,,,
355,,,,,,,,,,,,,,,0.0,1.0,,0.0,88.01945495605469,131.8914031982422,132.33456420898438,,,,,,,
356,,,,,,,,,,,,,,,0.0,1.0,,0.0,69.87368774414062,131.70994567871094,132.33456420898438,,,,,,,
357,,,,,,,,,,,,,,,0.0,1.0,,0.0,65.85916137695312,131.6697998046875,132.33456420898438,,,,,,,
358,,,,,,,,,,,,,,,0.0,1.0,,0.0,90.94208526611328,131.92063903808594,132.33456420898438,,,,,,,
359,8.0,78.59648895263672,,1.1048825979232788,78.59648895263672,0.0,78.59648895263672,29.44359588623047,3.834493398666382,41.2535400390625,47.600711822509766,0.01247112825512886,0.12287335097789764,0.9999409914016724,0.0,1.0,,0.0,81.69789123535156,131.8282012939453,132.33456420898438,79.49553680419922,,,,,,
360,,,,,,,,,,,,,,,0.0,1.0,,0.0,70.87958526611328,131.7200164794922,132.33456420898438,,,,,,,
361,,,,,,,,,,,,,,,0.0,1.0,,0.0,73.2487564086914,131.7436981201172,132.33456420898438,,,,,,,
362,,,,,,,,,,,,,,,0.0,1.0,,0.0,85.76093292236328,131.8688201904297,132.33456420898438,,,,,,,
363,,,,,,,,,,,,,,,0.0,1.0,,0.0,83.70789337158203,131.84829711914062,132.33456420898438,,,,,,,
364,,,,,,,,,,,,,,,0.0,1.0,,0.0,88.13276672363281,131.89254760742188,132.33456420898438,,,,,,,
365,,,,,,,,,,,,,,,0.0,1.0,,0.0,84.5573501586914,131.85679626464844,132.33456420898438,,,,,,,
366,,,,,,,,,,,,,,,0.0,1.0,,0.0,83.92295837402344,131.85044860839844,132.33456420898438,,,,,,,
367,,,,,,,,,,,,,,,0.0,1.0,,0.0,74.63928985595703,131.7576141357422,132.33456420898438,,,,,,,
368,,,,,,,,,,,,,,,0.0,1.0,,0.0,78.43359375,131.79554748535156,132.33456420898438,,,,,,,
369,,,,,,,,,,,,,,,0.0,1.0,,0.0,75.88179779052734,131.77003479003906,132.33456420898438,,,,,,,
370,,,,,,,,,,,,,,,0.0,1.0,,0.0,66.2655258178711,131.6738739013672,132.33456420898438,,,,,,,
371,,,,,,,,,,,,,,,0.0,1.0,,0.0,95.38362121582031,131.96505737304688,132.33456420898438,,,,,,,
372,,,,,,,,,,,,,,,0.0,1.0,,0.0,81.1014175415039,131.82223510742188,132.33456420898438,,,,,,,
373,,,,,,,,,,,,,,,0.0,1.0,,0.0,79.89185333251953,131.8101348876953,132.33456420898438,,,,,,,
374,,,,,,,,,,,,,,,0.0,1.0,,0.0,91.02974700927734,131.9215087890625,132.33456420898438,,,,,,,
375,,,,,,,,,,,,,,,0.0,1.0,,0.0,68.51038360595703,131.69631958007812,132.33456420898438,,,,,,,
376,,,,,,,,,,,,,,,0.0,1.0,,0.0,68.13036346435547,131.69252014160156,132.33456420898438,,,,,,,
377,,,,,,,,,,,,,,,0.0,1.0,,0.0,82.18952178955078,131.83311462402344,132.33456420898438,,,,,,,
378,,,,,,,,,,,,,,,0.0,1.0,,0.0,77.70710754394531,131.7882843017578,132.33456420898438,,,,,,,
379,,,,,,,,,,,,,,,0.0,1.0,,0.0,77.70580291748047,131.78826904296875,132.33456420898438,,,,,,,
380,,,,,,,,,,,,,,,0.0,1.0,,0.0,77.70856475830078,131.78829956054688,132.33456420898438,,,,,,,
381,,,,,,,,,,,,,,,0.0,1.0,,0.0,93.19425201416016,131.9431610107422,132.33456420898438,,,,,,,
382,,,,,,,,,,,,,,,0.0,1.0,,0.0,84.91650390625,131.86038208007812,132.33456420898438,,,,,,,
383,,,,,,,,,,,,,,,0.0,1.0,,0.0,68.9887466430664,131.7010955810547,132.33456420898438,,,,,,,
384,,,,,,,,,,,,,,,0.0,1.0,,0.0,86.34571075439453,131.8746795654297,132.33456420898438,,,,,,,
385,,,,,,,,,,,,,,,0.0,1.0,,0.0,67.36907958984375,131.68490600585938,132.33456420898438,,,,,,,
386,,,,,,,,,,,,,,,0.0,1.0,,0.0,73.8316421508789,131.74952697753906,132.33456420898438,,,,,,,
387,,,,,,,,,,,,,,,0.0,1.0,,0.0,84.15281677246094,131.8527374267578,132.33456420898438,,,,,,,
388,,,,,,,,,,,,,,,0.0,1.0,,0.0,89.99124145507812,131.9111328125,132.33456420898438,,,,,,,
389,,,,,,,,,,,,,,,0.0,1.0,,0.0,83.195556640625,131.84317016601562,132.33456420898438,,,,,,,
390,,,,,,,,,,,,,,,0.0,1.0,,0.0,86.58830261230469,131.87710571289062,132.33456420898438,,,,,,,
391,,,,,,,,,,,,,,,0.0,1.0,,0.0,68.05369567871094,131.69175720214844,132.33456420898438,,,,,,,
392,,,,,,,,,,,,,,,0.0,1.0,,0.0,69.6461181640625,131.70767211914062,132.33456420898438,,,,,,,
393,,,,,,,,,,,,,,,0.0,1.0,,0.0,82.2464828491211,131.83367919921875,132.33456420898438,,,,,,,
394,,,,,,,,,,,,,,,0.0,1.0,,0.0,72.44718933105469,131.73568725585938,132.33456420898438,,,,,,,
395,,,,,,,,,,,,,,,0.0,1.0,,0.0,75.83979034423828,131.7696075439453,132.33456420898438,,,,,,,
396,,,,,,,,,,,,,,,0.0,1.0,,0.0,77.2788314819336,131.78399658203125,132.33456420898438,,,,,,,
397,,,,,,,,,,,,,,,0.0,1.0,,0.0,80.10392761230469,131.812255859375,132.33456420898438,,,,,,,
398,,,,,,,,,,,,,,,0.0,1.0,,0.0,47.87451934814453,131.48995971679688,132.33456420898438,,,,,,,
399,9.0,78.59648895263672,,1.1048554182052612,78.59648895263672,0.0,78.59648895263672,29.442718505859375,3.83436918258667,41.25289535522461,47.60068893432617,0.012514615431427956,0.12288430333137512,0.9999409914016724,0.0,1.0,0.0002740551717579365,0.0,83.80717468261719,131.8492889404297,132.33456420898438,79.49554443359375,83.80717468261719,83.80717468261719,1.1491403579711914,83.80717468261719,0.0,83.80717468261719
400,,,,,,,,,,,,,,,0.0,1.0,,0.0,75.40570068359375,131.76527404785156,132.33456420898438,,,,,,,
401,,,,,,,,,,,,,,,0.0,1.0,,0.0,80.95198059082031,131.82073974609375,132.33456420898438,,,,,,,
402,,,,,,,,,,,,,,,0.0,1.0,,0.0,90.61997985839844,131.91741943359375,132.33456420898438,,,,,,,
403,,,,,,,,,,,,,,,0.0,1.0,,0.0,59.00999450683594,131.601318359375,132.33456420898438,,,,,,,
404,,,,,,,,,,,,,,,0.0,1.0,,0.0,73.44818115234375,131.74569702148438,132.33456420898438,,,,,,,
405,,,,,,,,,,,,,,,0.0,1.0,,0.0,96.5484848022461,131.97669982910156,132.33456420898438,,,,,,,
406,,,,,,,,,,,,,,,0.0,1.0,,0.0,83.47472381591797,131.84596252441406,132.33456420898438,,,,,,,
407,,,,,,,,,,,,,,,0.0,1.0,,0.0,92.71473693847656,131.93836975097656,132.33456420898438,,,,,,,
408,,,,,,,,,,,,,,,0.0,1.0,,0.0,88.0517578125,131.89173889160156,132.33456420898438,,,,,,,
409,,,,,,,,,,,,,,,0.0,1.0,,0.0,87.36431121826172,131.88485717773438,132.33456420898438,,,,,,,
410,,,,,,,,,,,,,,,0.0,1.0,,0.0,63.22951889038086,131.6435089111328,132.33456420898438,,,,,,,
411,,,,,,,,,,,,,,,0.0,1.0,,0.0,74.62794494628906,131.7574920654297,132.33456420898438,,,,,,,
412,,,,,,,,,,,,,,,0.0,1.0,,0.0,75.45123291015625,131.76573181152344,132.33456420898438,,,,,,,
413,,,,,,,,,,,,,,,0.0,1.0,,0.0,79.69056701660156,131.80812072753906,132.33456420898438,,,,,,,
414,,,,,,,,,,,,,,,0.0,1.0,,0.0,59.87433624267578,131.60995483398438,132.33456420898438,,,,,,,
415,,,,,,,,,,,,,,,0.0,1.0,,0.0,70.41200256347656,131.71533203125,132.33456420898438,,,,,,,
416,,,,,,,,,,,,,,,0.0,1.0,,0.0,69.07076263427734,131.70191955566406,132.33456420898438,,,,,,,
417,,,,,,,,,,,,,,,0.0,1.0,,0.0,74.32003021240234,131.75440979003906,132.33456420898438,,,,,,,
418,,,,,,,,,,,,,,,0.0,1.0,,0.0,80.25870513916016,131.8137969970703,132.33456420898438,,,,,,,
419,,,,,,,,,,,,,,,0.0,1.0,,0.0,82.8893051147461,131.84010314941406,132.33456420898438,,,,,,,
420,,,,,,,,,,,,,,,0.0,1.0,,0.0,67.49249267578125,131.68614196777344,132.33456420898438,,,,,,,
421,,,,,,,,,,,,,,,0.0,1.0,,0.0,87.88714599609375,131.8900909423828,132.33456420898438,,,,,,,
422,,,,,,,,,,,,,,,0.0,1.0,,0.0,71.20672607421875,131.72328186035156,132.33456420898438,,,,,,,
423,,,,,,,,,,,,,,,0.0,1.0,,0.0,74.56536865234375,131.75686645507812,132.33456420898438,,,,,,,
424,,,,,,,,,,,,,,,0.0,1.0,,0.0,89.81643676757812,131.9093780517578,132.33456420898438,,,,,,,
425,,,,,,,,,,,,,,,0.0,1.0,,0.0,74.82251739501953,131.7594451904297,132.33456420898438,,,,,,,
426,,,,,,,,,,,,,,,0.0,1.0,,0.0,75.98394775390625,131.77105712890625,132.33456420898438,,,,,,,
427,,,,,,,,,,,,,,,0.0,1.0,,0.0,69.51190185546875,131.70632934570312,132.33456420898438,,,,,,,
428,,,,,,,,,,,,,,,0.0,1.0,,0.0,53.622440338134766,131.5474395751953,132.33456420898438,,,,,,,
429,,,,,,,,,,,,,,,0.0,1.0,,0.0,69.58110809326172,131.70703125,132.33456420898438,,,,,,,
430,,,,,,,,,,,,,,,0.0,1.0,,0.0,81.92382049560547,131.83045959472656,132.33456420898438,,,,,,,
431,,,,,,,,,,,,,,,0.0,1.0,,0.0,61.23118209838867,131.62351989746094,132.33456420898438,,,,,,,
432,,,,,,,,,,,,,,,0.0,1.0,,0.0,86.70756530761719,131.8782958984375,132.33456420898438,,,,,,,
433,,,,,,,,,,,,,,,0.0,1.0,,0.0,73.77415466308594,131.74896240234375,132.33456420898438,,,,,,,
434,,,,,,,,,,,,,,,0.0,1.0,,0.0,71.7500991821289,131.7287139892578,132.33456420898438,,,,,,,
435,,,,,,,,,,,,,,,0.0,1.0,,0.0,79.91680145263672,131.8103790283203,132.33456420898438,,,,,,,
436,,,,,,,,,,,,,,,0.0,1.0,,0.0,79.79786682128906,131.80918884277344,132.33456420898438,,,,,,,
437,,,,,,,,,,,,,,,0.0,1.0,,0.0,88.46312713623047,131.89584350585938,132.33456420898438,,,,,,,
438,,,,,,,,,,,,,,,0.0,1.0,,0.0,87.32328796386719,131.8844451904297,132.33456420898438,,,,,,,
439,10.0,78.59648895263672,,1.10482656955719,78.59648895263672,0.0,78.59648895263672,29.442127227783203,3.834282875061035,41.25244140625,47.60065841674805,0.012519601732492447,0.1228741928935051,0.9999409914016724,0.0,1.0,,0.0,92.6731948852539,131.9379425048828,132.33456420898438,79.4955062866211,,,,,,
440,,,,,,,,,,,,,,,0.0,1.0,,0.0,72.67058563232422,131.7379150390625,132.33456420898438,,,,,,,
441,,,,,,,,,,,,,,,0.0,1.0,,0.0,80.65837860107422,131.8177947998047,132.33456420898438,,,,,,,
442,,,,,,,,,,,,,,,0.0,1.0,,0.0,87.02855682373047,131.88150024414062,132.33456420898438,,,,,,,
443,,,,,,,,,,,,,,,0.0,1.0,,0.0,79.03282165527344,131.80154418945312,132.33456420898438,,,,,,,
444,,,,,,,,,,,,,,,0.0,1.0,,0.0,73.00965118408203,131.74131774902344,132.33456420898438,,,,,,,
445,,,,,,,,,,,,,,,0.0,1.0,,0.0,83.498046875,131.84619140625,132.33456420898438,,,,,,,
446,,,,,,,,,,,,,,,0.0,1.0,,0.0,79.29421997070312,131.8041534423828,132.33456420898438,,,,,,,
447,,,,,,,,,,,,,,,0.0,1.0,,0.0,76.64885711669922,131.7777099609375,132.33456420898438,,,,,,,
448,,,,,,,,,,,,,,,0.0,1.0,,0.0,87.42279052734375,131.88543701171875,132.33456420898438,,,,,,,
449,11.0,95.19287109375,,,,,,,,,,,,,0.0,1.0,0.00026860146317631006,0.0,95.19287109375,131.96315002441406,132.33456420898438,,95.19287109375,95.19287109375,1.1920783519744873,95.19287109375,0.0,95.19287109375
450,,,,,,,,,,,,,,,0.0,1.0,,0.0,73.74119567871094,131.74862670898438,132.33456420898438,,,,,,,
451,,,,,,,,,,,,,,,0.0,1.0,,0.0,70.79881286621094,131.71920776367188,132.33456420898438,,,,,,,
452,,,,,,,,,,,,,,,0.0,1.0,,0.0,83.51422119140625,131.8463592529297,132.33456420898438,,,,,,,
453,,,,,,,,,,,,,,,0.0,1.0,,0.0,85.27521514892578,131.8639678955078,132.33456420898438,,,,,,,
454,,,,,,,,,,,,,,,0.0,1.0,,0.0,85.33858489990234,131.86459350585938,132.33456420898438,,,,,,,
455,,,,,,,,,,,,,,,0.0,1.0,,0.0,86.6201171875,131.87741088867188,132.33456420898438,,,,,,,
456,,,,,,,,,,,,,,,0.0,1.0,,0.0,62.09849548339844,131.6322021484375,132.33456420898438,,,,,,,
457,,,,,,,,,,,,,,,0.0,1.0,,0.0,77.67713928222656,131.78797912597656,132.33456420898438,,,,,,,
458,,,,,,,,,,,,,,,0.0,1.0,,0.0,62.83860778808594,131.6396026611328,132.33456420898438,,,,,,,
459,,,,,,,,,,,,,,,0.0,1.0,,0.0,73.9199447631836,131.7504119873047,132.33456420898438,,,,,,,
460,,,,,,,,,,,,,,,0.0,1.0,,0.0,96.80946350097656,131.97930908203125,132.33456420898438,,,,,,,
461,,,,,,,,,,,,,,,0.0,1.0,,0.0,98.24056243896484,131.99362182617188,132.33456420898438,,,,,,,
462,,,,,,,,,,,,,,,0.0,1.0,,0.0,83.87895202636719,131.85000610351562,132.33456420898438,,,,,,,
463,,,,,,,,,,,,,,,0.0,1.0,,0.0,65.78374481201172,131.66905212402344,132.33456420898438,,,,,,,
464,,,,,,,,,,,,,,,0.0,1.0,,0.0,72.0989761352539,131.73220825195312,132.33456420898438,,,,,,,
465,,,,,,,,,,,,,,,0.0,1.0,,0.0,84.07989501953125,131.85202026367188,132.33456420898438,,,,,,,
466,,,,,,,,,,,,,,,0.0,1.0,,0.0,74.77989959716797,131.75901794433594,132.33456420898438,,,,,,,
467,,,,,,,,,,,,,,,0.0,1.0,,0.0,71.49452209472656,131.72616577148438,132.33456420898438,,,,,,,
468,,,,,,,,,,,,,,,0.0,1.0,,0.0,77.81100463867188,131.78932189941406,132.33456420898438,,,,,,,
469,,,,,,,,,,,,,,,0.0,1.0,,0.0,79.89149475097656,131.8101348876953,132.33456420898438,,,,,,,
470,,,,,,,,,,,,,,,0.0,1.0,,0.0,76.82674407958984,131.77947998046875,132.33456420898438,,,,,,,
471,,,,,,,,,,,,,,,0.0,1.0,,0.0,70.34402465820312,131.71466064453125,132.33456420898438,,,,,,,
