step,epoch,epoch,lr-Adam,lw/param_w,lw/perc_w,lw/sw_w,train/param,train/param_grad/AMP_0,train/param_grad/AMP_1,train/param_grad/BFRQ_0,train/param_grad/CUTOFF_0,train/param_grad/MULT_0,train/param_grad/M_OSC_0,train/param_grad/M_OSC_1,train/param_grad/Q_FILT_0,train/perc,train/spec,train/total,train/wave,val_id/loud,val_id/lsd,val_id/mfcc,val_id/mfcc03,val_id/mfccdb,val_id/param,val_id/param_group/harmor_amplitudes,val_id/param_group/harmor_cutoff,val_id/param_group/harmor_f0_hz,val_id/param_group/harmor_f0_mult,val_id/param_group/harmor_osc_mix,val_id/param_group/harmor_q,val_id/perc,val_id/spec,val_id/wave,val_ood/loud,val_ood/lsd,val_ood/mfcc,val_ood/mfcc03,val_ood/mfccdb,val_ood/param,val_ood/perc,val_ood/spec,val_ood/wave
0,0,,,,,,,,,,,,,,,,,,,,40,,,,,,,,,,,,,,,40,,,,,,,
12549,50,,0.000605006,,,,,,,,,,,,,,,,,,,,,,,,,,,,,,,,,,,,,,,,
12599,50,,0.000605006,,,,,,,,,,,,,,,,,,,,,,,,,,,,,,,,,,,,,,,,
12649,50,,0.000605006,,,,,,,,,,,,,,,,,,,,,,,,,,,,,,,,,,,,,,,,
12699,50,,0.000605006,,,,,,,,,,,,,,,,,,,,,,,,,,,,,,,,,,,,,,,,
12749,50,50,0.000605006,9.9668,0,0.00166,0.254557,4.74863e-05,4.78565e-05,0.0266241,9.07944e-05,0.026262,0.0129778,0.0129778,0.0259557,0,0.000578372,0.255084,0,6.10121,13.5162,1.21775,0.118272,4.61466,0.0451776,0.0452083,0.0327372,0.0056128,0.00895148,0.105126,0.0734299,0,0.344772,0,5.5298,17.3317,2.44499,0.339165,11.8517,0,0,0.509545,0
12799,51,,0.000598956,,,,,,,,,,,,,,,,,,,,,,,,,,,,,,,,,,,,,,,,
12849,51,,0.000598956,,,,,,,,,,,,,,,,,,,,,,,,,,,,,,,,,,,,,,,,
12899,51,,0.000598956,,,,,,,,,,,,,,,,,,,,,,,,,,,,,,,,,,,,,,,,
12949,51,,0.000598956,,,,,,,,,,,,,,,,,,,,,,,,,,,,,,,,,,,,,,,,
12999,51,51,0.000598956,9.90013,0,0.00499333,0.247744,4.72566e-05,4.74947e-05,0.0277951,8.97574e-05,0.0272122,0.0128915,0.0128913,0.0257833,0,0.00173161,0.249476,0,6.13453,13.7016,1.21628,0.124525,4.71781,0.0448274,0.0461602,0.0308742,0.00562483,0.00843679,0.105212,0.0726562,0,0.351803,0,5.65835,17.4403,2.47246,0.336705,11.9456,0,0,0.513653,0
13049,52,,0.000592966,,,,,,,,,,,,,,,,,,,,,,,,,,,,,,,,,,,,,,,,
13099,52,,0.000592966,,,,,,,,,,,,,,,,,,,,,,,,,,,,,,,,,,,,,,,,
13149,52,,0.000592966,,,,,,,,,,,,,,,,,,,,,,,,,,,,,,,,,,,,,,,,
13199,52,,0.000592966,,,,,,,,,,,,,,,,,,,,,,,,,,,,,,,,,,,,,,,,
13249,52,52,0.000592966,9.83347,0,0.00832667,0.244478,4.68886e-05,4.72085e-05,0.0291505,8.91744e-05,0.02868,0.0128052,0.0128047,0.0256108,0,0.00294342,0.247421,0,6.09243,14.3002,1.23999,0.125294,4.87832,0.0456671,0.0445551,0.0313821,0.00675452,0.00835233,0.105162,0.077796,0,0.368153,0,5.64183,17.5659,2.48296,0.344616,12.137,0,0,0.522621,0
13299,53,,0.000587037,,,,,,,,,,,,,,,,,,,,,,,,,,,,,,,,,,,,,,,,
13349,53,,0.000587037,,,,,,,,,,,,,,,,,,,,,,,,,,,,,,,,,,,,,,,,
13399,53,,0.000587037,,,,,,,,,,,,,,,,,,,,,,,,,,,,,,,,,,,,,,,,
13449,53,,0.000587037,,,,,,,,,,,,,,,,,,,,,,,,,,,,,,,,,,,,,,,,
13499,53,53,0.000587037,9.7668,0,0.01166,0.237971,4.67726e-05,4.68298e-05,0.03018,8.86706e-05,0.0299129,0.0127188,0.0127182,0.0254376,0,0.00419524,0.242166,0,6.1643,13.8311,1.21152,0.115568,4.4871,0.0453794,0.0458313,0.0313199,0.00625128,0.0082835,0.105921,0.0746691,0,0.352702,0,5.71083,17.6126,2.50004,0.351263,12.2297,0,0,0.525902,0
13549,54,,0.000581166,,,,,,,,,,,,,,,,,,,,,,,,,,,,,,,,,,,,,,,,
13599,54,,0.000581166,,,,,,,,,,,,,,,,,,,,,,,,,,,,,,,,,,,,,,,,
13649,54,,0.000581166,,,,,,,,,,,,,,,,,,,,,,,,,,,,,,,,,,,,,,,,
13699,54,,0.000581166,,,,,,,,,,,,,,,,,,,,,,,,,,,,,,,,,,,,,,,,
13749,54,54,0.000581166,9.70013,0,0.0149933,0.235096,4.63717e-05,4.65868e-05,0.03129,8.7577e-05,0.0311599,0.0126323,0.0126315,0.0252661,0,0.00540379,0.2405,0,6.12193,14.7564,1.25863,0.13187,5.20603,0.0455214,0.0457312,0.0310082,0.007392,0.00844606,0.104529,0.0760222,0,0.384221,0,5.54974,17.5732,2.44883,0.349482,12.0507,0,0,0.524459,0
13799,55,,0.000575355,,,,,,,,,,,,,,,,,,,,,,,,,,,,,,,,,,,,,,,,
13849,55,,0.000575355,,,,,,,,,,,,,,,,,,,,,,,,,,,,,,,,,,,,,,,,
13899,55,,0.000575355,,,,,,,,,,,,,,,,,,,,,,,,,,,,,,,,,,,,,,,,
13949,55,,0.000575355,,,,,,,,,,,,,,,,,,,,,,,,,,,,,,,,,,,,,,,,
13999,55,55,0.000575355,9.63347,0,0.0183267,0.230389,4.62091e-05,4.63391e-05,0.0325269,8.68278e-05,0.032843,0.012546,0.012545,0.025094,0,0.00670901,0.237098,0,6.13414,15.2021,1.27814,0.139872,5.56814,0.045773,0.0442276,0.0309669,0.00792702,0.00976778,0.106216,0.0755322,0,0.401196,0,5.59967,17.5655,2.44949,0.344782,12.0257,0,0,0.521321,0
14049,56,,0.000569601,,,,,,,,,,,,,,,,,,,,,,,,,,,,,,,,,,,,,,,,
14099,56,,0.000569601,,,,,,,,,,,,,,,,,,,,,,,,,,,,,,,,,,,,,,,,
14149,56,,0.000569601,,,,,,,,,,,,,,,,,,,,,,,,,,,,,,,,,,,,,,,,
14199,56,,0.000569601,,,,,,,,,,,,,,,,,,,,,,,,,,,,,,,,,,,,,,,,
14249,56,56,0.000569601,9.5668,0,0.02166,0.228604,4.60096e-05,4.60352e-05,0.0331076,8.64368e-05,0.0331822,0.0124592,0.0124582,0.0249203,0,0.00819791,0.236802,0,6.1823,15.3088,1.26971,0.139953,5.26123,0.044499,0.044308,0.0299956,0.00853871,0.00857367,0.102938,0.07264,0,0.398913,0,5.54824,17.5688,2.46895,0.34426,12.0786,0,0,0.519361,0
14299,57,,0.000563905,,,,,,,,,,,,,,,,,,,,,,,,,,,,,,,,,,,,,,,,
14349,57,,0.000563905,,,,,,,,,,,,,,,,,,,,,,,,,,,,,,,,,,,,,,,,
14399,57,,0.000563905,,,,,,,,,,,,,,,,,,,,,,,,,,,,,,,,,,,,,,,,
14449,57,,0.000563905,,,,,,,,,,,,,,,,,,,,,,,,,,,,,,,,,,,,,,,,
14499,57,57,0.000563905,9.50013,0,0.0249933,0.223779,4.57225e-05,4.57449e-05,0.0339971,8.56093e-05,0.0353421,0.0123728,0.0123715,0.0247482,0,0.00943602,0.233215,0,6.18091,14.8313,1.26949,0.135976,5.26545,0.0466529,0.0462133,0.0328172,0.00759004,0.0114874,0.105016,0.0767939,0,0.389211,0,5.56021,17.401,2.45089,0.347212,11.9833,0,0,0.513683,0
14549,58,,0.000558266,,,,,,,,,,,,,,,,,,,,,,,,,,,,,,,,,,,,,,,,
14599,58,,0.000558266,,,,,,,,,,,,,,,,,,,,,,,,,,,,,,,,,,,,,,,,
14649,58,,0.000558266,,,,,,,,,,,,,,,,,,,,,,,,,,,,,,,,,,,,,,,,
14699,58,,0.000558266,,,,,,,,,,,,,,,,,,,,,,,,,,,,,,,,,,,,,,,,
14749,58,58,0.000558266,9.43347,0,0.0283267,0.224912,4.5563e-05,4.5536e-05,0.0353177,8.54824e-05,0.0362754,0.0122864,0.0122852,0.0245754,0,0.0106006,0.235512,0,6.14574,14.7516,1.26521,0.137818,5.42304,0.0461191,0.0470859,0.0311592,0.00735269,0.0120719,0.103441,0.0756038,0,0.38278,0,5.60796,17.4016,2.44107,0.341986,11.8865,0,0,0.512799,0
14799,59,,0.000552683,,,,,,,,,,,,,,,,,,,,,,,,,,,,,,,,,,,,,,,,
14849,59,,0.000552683,,,,,,,,,,,,,,,,,,,,,,,,,,,,,,,,,,,,,,,,
14899,59,,0.000552683,,,,,,,,,,,,,,,,,,,,,,,,,,,,,,,,,,,,,,,,
14949,59,,0.000552683,,,,,,,,,,,,,,,,,,,,,,,,,,,,,,,,,,,,,,,,
14999,59,59,0.000552683,9.3668,0,0.03166,0.218479,4.50517e-05,4.51236e-05,0.0365102,8.45246e-05,0.0382185,0.0122001,0.0121981,0.0244031,0,0.0120531,0.230532,0,6.09573,14.6494,1.26577,0.130644,5.20965,0.0456608,0.0443209,0.0312628,0.00669294,0.0138754,0.103418,0.0743944,0,0.381067,0,5.61402,17.5319,2.4694,0.346345,12.1037,0,0,0.520971,0
15049,60,,0.000547157,,,,,,,,,,,,,,,,,,,,,,,,,,,,,,,,,,,,,,,,
15099,60,,0.000547157,,,,,,,,,,,,,,,,,,,,,,,,,,,,,,,,,,,,,,,,
15149,60,,0.000547157,,,,,,,,,,,,,,,,,,,,,,,,,,,,,,,,,,,,,,,,
15199,60,,0.000547157,,,,,,,,,,,,,,,,,,,,,,,,,,,,,,,,,,,,,,,,
15249,60,60,0.000547157,9.30013,0,0.0349933,0.216561,4.49142e-05,4.49895e-05,0.0374452,8.40896e-05,0.0393938,0.0121135,0.0121116,0.0242306,0,0.0133062,0.229867,0,6.14945,14.7765,1.27867,0.133359,5.47551,0.0459291,0.0448889,0.0310797,0.00683955,0.0125324,0.104369,0.0758655,0,0.381368,0,5.51433,17.4352,2.42449,0.340155,11.9074,0,0,0.51459,0
15299,61,,0.000541685,,,,,,,,,,,,,,,,,,,,,,,,,,,,,,,,,,,,,,,,
15349,61,,0.000541685,,,,,,,,,,,,,,,,,,,,,,,,,,,,,,,,,,,,,,,,
15399,61,,0.000541685,,,,,,,,,,,,,,,,,,,,,,,,,,,,,,,,,,,,,,,,
15449,61,,0.000541685,,,,,,,,,,,,,,,,,,,,,,,,,,,,,,,,,,,,,,,,
15499,61,61,0.000541685,9.23347,0,0.0383267,0.212632,4.44985e-05,4.45618e-05,0.0389761,8.34476e-05,0.0414307,0.0120268,0.0120251,0.0240567,0,0.0146597,0.227292,0,6.07896,15.2545,1.28804,0.147225,5.58736,0.0464631,0.0455834,0.0307297,0.00784751,0.0143649,0.103857,0.0763964,0,0.397874,0,5.56799,17.4794,2.4379,0.345545,11.8732,0,0,0.517079,0
15549,62,,0.000536268,,,,,,,,,,,,,,,,,,,,,,,,,,,,,,,,,,,,,,,,
15599,62,,0.000536268,,,,,,,,,,,,,,,,,,,,,,,,,,,,,,,,,,,,,,,,
15649,62,,0.000536268,,,,,,,,,,,,,,,,,,,,,,,,,,,,,,,,,,,,,,,,
15699,62,,0.000536268,,,,,,,,,,,,,,,,,,,,,,,,,,,,,,,,,,,,,,,,
15749,62,62,0.000536268,9.1668,0,0.04166,0.21099,4.44959e-05,4.43888e-05,0.0394416,8.27994e-05,0.0429056,0.0119407,0.0119387,0.0238851,0,0.0157791,0.226769,0,6.08083,14.7494,1.25724,0.126091,5.12839,0.0465474,0.0443215,0.0309927,0.00742239,0.0113639,0.108851,0.0763325,0,0.381974,0,5.528,17.5087,2.43354,0.34427,12.0123,0,0,0.517379,0
15799,63,,0.000530906,,,,,,,,,,,,,,,,,,,,,,,,,,,,,,,,,,,,,,,,
15849,63,,0.000530906,,,,,,,,,,,,,,,,,,,,,,,,,,,,,,,,,,,,,,,,
15899,63,,0.000530906,,,,,,,,,,,,,,,,,,,,,,,,,,,,,,,,,,,,,,,,
15949,63,,0.000530906,,,,,,,,,,,,,,,,,,,,,,,,,,,,,,,,,,,,,,,,
15999,63,63,0.000530906,9.10013,0,0.0449934,0.21168,4.43137e-05,4.41404e-05,0.0410554,8.22242e-05,0.0457098,0.0118546,0.0118522,0.0237106,0,0.0170707,0.228751,0,6.08985,15.4268,1.29858,0.141126,5.56624,0.0458613,0.0448538,0.0310507,0.00798706,0.0109221,0.103257,0.0770976,0,0.405876,0,5.50525,17.5659,2.45611,0.353529,12.0178,0,0,0.523852,0
16049,64,,0.000525596,,,,,,,,,,,,,,,,,,,,,,,,,,,,,,,,,,,,,,,,
16099,64,,0.000525596,,,,,,,,,,,,,,,,,,,,,,,,,,,,,,,,,,,,,,,,
16149,64,,0.000525596,,,,,,,,,,,,,,,,,,,,,,,,,,,,,,,,,,,,,,,,
16199,64,,0.000525596,,,,,,,,,,,,,,,,,,,,,,,,,,,,,,,,,,,,,,,,
16249,64,64,0.000525596,9.03347,0,0.0483267,0.210572,4.3994e-05,4.37894e-05,0.0415374,8.16594e-05,0.046306,0.0117668,0.0117656,0.0235379,0,0.0189262,0.229498,0,6.18395,15.381,1.30081,0.156039,5.87979,0.0479678,0.0477016,0.0308308,0.00873934,0.0102465,0.106505,0.0837832,0,0.405711,0,5.65694,17.3615,2.41659,0.326021,11.8432,0,0,0.507511,0
16299,65,,0.000520341,,,,,,,,,,,,,,,,,,,,,,,,,,,,,,,,,,,,,,,,
16349,65,,0.000520341,,,,,,,,,,,,,,,,,,,,,,,,,,,,,,,,,,,,,,,,
16399,65,,0.000520341,,,,,,,,,,,,,,,,,,,,,,,,,,,,,,,,,,,,,,,,
16449,65,,0.000520341,,,,,,,,,,,,,,,,,,,,,,,,,,,,,,,,,,,,,,,,
16499,65,65,0.000520341,8.9668,0,0.05166,0.20612,4.37042e-05,4.36235e-05,0.043427,8.09659e-05,0.0484769,0.011681,0.011679,0.0233667,0,0.0202293,0.226349,0,6.15132,14.8279,1.28031,0.136585,5.39064,0.045268,0.0438092,0.0303805,0.00708642,0.0115019,0.105502,0.0733275,0,0.388592,0,5.56608,17.4061,2.43303,0.341335,11.9006,0,0,0.513429,0
16549,66,,0.000515137,,,,,,,,,,,,,,,,,,,,,,,,,,,,,,,,,,,,,,,,
16599,66,,0.000515137,,,,,,,,,,,,,,,,,,,,,,,,,,,,,,,,,,,,,,,,
16649,66,,0.000515137,,,,,,,,,,,,,,,,,,,,,,,,,,,,,,,,,,,,,,,,
16699,66,,0.000515137,,,,,,,,,,,,,,,,,,,,,,,,,,,,,,,,,,,,,,,,
16749,66,66,0.000515137,8.90013,0,0.0549933,0.200143,4.34391e-05,4.32185e-05,0.0443532,8.02204e-05,0.0507795,0.0115949,0.0115926,0.0231924,0,0.0211467,0.22129,0,6.14978,14.6913,1.2746,0.144156,5.55792,0.0446358,0.0448386,0.0305067,0.00700439,0.00969837,0.102049,0.0737175,0,0.387828,0,5.57541,17.4086,2.43903,0.340806,11.9314,0,0,0.512743,0
16799,67,,0.000509986,,,,,,,,,,,,,,,,,,,,,,,,,,,,,,,,,,,,,,,,
16849,67,,0.000509986,,,,,,,,,,,,,,,,,,,,,,,,,,,,,,,,,,,,,,,,
16899,67,,0.000509986,,,,,,,,,,,,,,,,,,,,,,,,,,,,,,,,,,,,,,,,
16949,67,,0.000509986,,,,,,,,,,,,,,,,,,,,,,,,,,,,,,,,,,,,,,,,
16999,67,67,0.000509986,8.83346,0,0.0583267,0.200591,4.30931e-05,4.28763e-05,0.0443758,7.98817e-05,0.0506111,0.0115079,0.0115047,0.0230209,0,0.0231235,0.223715,0,6.08826,14.5407,1.26146,0.134821,5.32912,0.0455649,0.0448559,0.0317231,0.00690756,0.0108772,0.10495,0.074076,0,0.380525,0,5.53019,17.3324,2.4237,0.341016,11.8532,0,0,0.509865,0
17049,68,,0.000504886,,,,,,,,,,,,,,,,,,,,,,,,,,,,,,,,,,,,,,,,
17099,68,,0.000504886,,,,,,,,,,,,,,,,,,,,,,,,,,,,,,,,,,,,,,,,
17149,68,,0.000504886,,,,,,,,,,,,,,,,,,,,,,,,,,,,,,,,,,,,,,,,
17199,68,,0.000504886,,,,,,,,,,,,,,,,,,,,,,,,,,,,,,,,,,,,,,,,
17249,68,68,0.000504886,8.7668,0,0.06166,0.19873,4.3089e-05,4.27648e-05,0.0473931,7.91448e-05,0.0545672,0.0114211,0.0114188,0.0228467,0,0.0243399,0.22307,0,6.10024,14.5194,1.25877,0.134272,5.30164,0.0448948,0.0453739,0.0310968,0.00722909,0.010172,0.102113,0.0733836,0,0.378683,0,5.51771,17.3923,2.42862,0.342583,11.8443,0,0,0.513087,0
17299,69,,0.000499837,,,,,,,,,,,,,,,,,,,,,,,,,,,,,,,,,,,,,,,,
17349,69,,0.000499837,,,,,,,,,,,,,,,,,,,,,,,,,,,,,,,,,,,,,,,,
17399,69,,0.000499837,,,,,,,,,,,,,,,,,,,,,,,,,,,,,,,,,,,,,,,,
17449,69,,0.000499837,,,,,,,,,,,,,,,,,,,,,,,,,,,,,,,,,,,,,,,,
17499,69,69,0.000499837,8.70013,0,0.0649933,0.19513,4.26387e-05,4.24574e-05,0.0474125,7.86283e-05,0.0557635,0.0113341,0.0113315,0.0226738,0,0.026038,0.221168,0,6.08236,14.6427,1.2474,0.128589,5.17149,0.0448091,0.043722,0.0304631,0.00699698,0.0100792,0.10468,0.0729132,0,0.382195,0,5.55523,17.4649,2.426,0.335814,11.8737,0,0,0.514962,0
17549,70,,0.000494839,,,,,,,,,,,,,,,,,,,,,,,,,,,,,,,,,,,,,,,,
17599,70,,0.000494839,,,,,,,,,,,,,,,,,,,,,,,,,,,,,,,,,,,,,,,,
17649,70,,0.000494839,,,,,,,,,,,,,,,,,,,,,,,,,,,,,,,,,,,,,,,,
17699,70,,0.000494839,,,,,,,,,,,,,,,,,,,,,,,,,,,,,,,,,,,,,,,,
17749,70,70,0.000494839,8.63347,0,0.0683267,0.194361,4.23295e-05,4.20604e-05,0.0482415,7.79633e-05,0.0582419,0.0112474,0.0112452,0.022504,0,0.0273516,0.221713,0,6.14896,17.0608,1.43349,0.187819,7.74901,0.0473428,0.0447684,0.0313675,0.014956,0.0153838,0.103623,0.0739585,0,0.459178,0,5.5444,17.6442,2.46357,0.351547,12.1512,0,0,0.523854,0
17799,71,,0.00048989,,,,,,,,,,,,,,,,,,,,,,,,,,,,,,,,,,,,,,,,
17849,71,,0.00048989,,,,,,,,,,,,,,,,,,,,,,,,,,,,,,,,,,,,,,,,
17899,71,,0.00048989,,,,,,,,,,,,,,,,,,,,,,,,,,,,,,,,,,,,,,,,
17949,71,,0.00048989,,,,,,,,,,,,,,,,,,,,,,,,,,,,,,,,,,,,,,,,
17999,71,71,0.00048989,8.5668,0,0.07166,0.197976,4.21434e-05,4.18868e-05,0.0488241,7.76471e-05,0.0576608,0.0111618,0.011158,0.0223294,0,0.0289482,0.226924,0,6.15266,14.8103,1.26651,0.131431,5.17656,0.0448064,0.0447654,0.0301582,0.00718553,0.0107096,0.102334,0.0736858,0,0.387244,0,5.54265,17.4862,2.44761,0.344953,11.9938,0,0,0.518082,0
18049,72,,0.000484991,,,,,,,,,,,,,,,,,,,,,,,,,,,,,,,,,,,,,,,,
18099,72,,0.000484991,,,,,,,,,,,,,,,,,,,,,,,,,,,,,,,,,,,,,,,,
18149,72,,0.000484991,,,,,,,,,,,,,,,,,,,,,,,,,,,,,,,,,,,,,,,,
18199,72,,0.000484991,,,,,,,,,,,,,,,,,,,,,,,,,,,,,,,,,,,,,,,,
18249,72,72,0.000484991,8.50013,0,0.0749934,0.187243,4.19331e-05,4.15414e-05,0.0505333,7.688e-05,0.0636341,0.0110749,0.0110709,0.0221555,0,0.030412,0.217655,0,6.17091,15.3397,1.33108,0.153903,6.03816,0.0456784,0.0457989,0.030368,0.00802938,0.012995,0.10329,0.0735889,0,0.406246,0,5.51157,17.4046,2.41436,0.334102,11.8498,0,0,0.510854,0
18299,73,,0.000480141,,,,,,,,,,,,,,,,,,,,,,,,,,,,,,,,,,,,,,,,
18349,73,,0.000480141,,,,,,,,,,,,,,,,,,,,,,,,,,,,,,,,,,,,,,,,
18399,73,,0.000480141,,,,,,,,,,,,,,,,,,,,,,,,,,,,,,,,,,,,,,,,
18449,73,,0.000480141,,,,,,,,,,,,,,,,,,,,,,,,,,,,,,,,,,,,,,,,
18499,73,73,0.000480141,8.43347,0,0.0783266,0.189109,4.16326e-05,4.13921e-05,0.0508399,7.60323e-05,0.0608884,0.0109883,0.0109853,0.0219848,0,0.031686,0.220795,0,6.21795,16.1717,1.36385,0.175915,6.55816,0.0466965,0.045693,0.0305101,0.0106629,0.0139518,0.104669,0.0746917,0,0.429554,0,5.57559,17.5261,2.45323,0.349845,12.0061,0,0,0.517407,0
18549,74,,0.00047534,,,,,,,,,,,,,,,,,,,,,,,,,,,,,,,,,,,,,,,,
18599,74,,0.00047534,,,,,,,,,,,,,,,,,,,,,,,,,,,,,,,,,,,,,,,,
18649,74,,0.00047534,,,,,,,,,,,,,,,,,,,,,,,,,,,,,,,,,,,,,,,,
18699,74,,0.00047534,,,,,,,,,,,,,,,,,,,,,,,,,,,,,,,,,,,,,,,,
18749,74,74,0.00047534,8.3668,0,0.08166,0.189365,4.13997e-05,4.10619e-05,0.0515444,7.57483e-05,0.0620103,0.010902,0.0108982,0.021813,0,0.0335518,0.222917,0,6.08582,16.3429,1.38131,0.169259,6.65353,0.0464619,0.0442597,0.0302391,0.0111468,0.0149031,0.103675,0.0745483,0,0.432595,0,5.5952,17.5403,2.47549,0.349842,12.0795,0,0,0.517709,0
18799,75,,0.000470587,,,,,,,,,,,,,,,,,,,,,,,,,,,,,,,,,,,,,,,,
18849,75,,0.000470587,,,,,,,,,,,,,,,,,,,,,,,,,,,,,,,,,,,,,,,,
18899,75,,0.000470587,,,,,,,,,,,,,,,,,,,,,,,,,,,,,,,,,,,,,,,,
18949,75,,0.000470587,,,,,,,,,,,,,,,,,,,,,,,,,,,,,,,,,,,,,,,,
18999,75,75,0.000470587,8.30013,0,0.0849933,0.186765,4.10379e-05,4.07698e-05,0.0523951,7.49177e-05,0.0670072,0.0108145,0.0108117,0.0216342,0,0.0347211,0.221486,0,6.12575,15.6108,1.31287,0.159053,6.15315,0.0468758,0.0443105,0.0324728,0.00811773,0.0161224,0.103952,0.0762788,0,0.413672,0,5.55521,17.6757,2.47674,0.355522,12.2375,0,0,0.525191,0
19049,76,,0.000465881,,,,,,,,,,,,,,,,,,,,,,,,,,,,,,,,,,,,,,,,
19099,76,,0.000465881,,,,,,,,,,,,,,,,,,,,,,,,,,,,,,,,,,,,,,,,
19149,76,,0.000465881,,,,,,,,,,,,,,,,,,,,,,,,,,,,,,,,,,,,,,,,
19199,76,,0.000465881,,,,,,,,,,,,,,,,,,,,,,,,,,,,,,,,,,,,,,,,
19249,76,76,0.000465881,8.23347,0,0.0883266,0.192447,4.11246e-05,4.05349e-05,0.0528596,7.46026e-05,0.068318,0.0107291,0.0107249,0.0214651,0,0.0362593,0.228706,0,6.13804,16.0005,1.34626,0.164172,6.54544,0.0477314,0.0458184,0.0300974,0.0110032,0.0179112,0.104592,0.0769665,0,0.427497,0,5.58051,17.647,2.46591,0.353975,12.1582,0,0,0.521601,0
19299,77,,0.000461222,,,,,,,,,,,,,,,,,,,,,,,,,,,,,,,,,,,,,,,,
19349,77,,0.000461222,,,,,,,,,,,,,,,,,,,,,,,,,,,,,,,,,,,,,,,,
19399,77,,0.000461222,,,,,,,,,,,,,,,,,,,,,,,,,,,,,,,,,,,,,,,,
19449,77,,0.000461222,,,,,,,,,,,,,,,,,,,,,,,,,,,,,,,,,,,,,,,,
19499,77,77,0.000461222,8.1668,0,0.0916601,0.185376,4.06595e-05,4.01752e-05,0.0549668,7.40644e-05,0.0751422,0.0106423,0.0106378,0.0212908,0,0.0378184,0.223194,0,6.17582,15.0725,1.29362,0.141049,5.50527,0.0462374,0.0450062,0.0309498,0.0082911,0.0139894,0.103921,0.0752672,0,0.393012,0,5.60475,17.3731,2.41147,0.33754,11.809,0,0,0.510097,0
19549,78,,0.00045661,,,,,,,,,,,,,,,,,,,,,,,,,,,,,,,,,,,,,,,,
19599,78,,0.00045661,,,,,,,,,,,,,,,,,,,,,,,,,,,,,,,,,,,,,,,,
19649,78,,0.00045661,,,,,,,,,,,,,,,,,,,,,,,,,,,,,,,,,,,,,,,,
19699,78,,0.00045661,,,,,,,,,,,,,,,,,,,,,,,,,,,,,,,,,,,,,,,,
19749,78,78,0.00045661,8.10013,0,0.0949933,0.182724,4.05269e-05,3.99532e-05,0.0554445,7.31517e-05,0.0726284,0.0105554,0.0105521,0.0211211,0,0.0385486,0.221273,0,6.05527,15.5521,1.3182,0.150404,6.0669,0.0469345,0.044222,0.0306599,0.0075079,0.0178769,0.105955,0.0753853,0,0.41035,0,5.47728,17.5047,2.42775,0.350486,12.0019,0,0,0.518206,0
19799,79,,0.000452044,,,,,,,,,,,,,,,,,,,,,,,,,,,,,,,,,,,,,,,,
19849,79,,0.000452044,,,,,,,,,,,,,,,,,,,,,,,,,,,,,,,,,,,,,,,,
19899,79,,0.000452044,,,,,,,,,,,,,,,,,,,,,,,,,,,,,,,,,,,,,,,,
19949,79,,0.000452044,,,,,,,,,,,,,,,,,,,,,,,,,,,,,,,,,,,,,,,,
19999,79,79,0.000452044,8.03347,0,0.0983266,0.181092,4.02429e-05,3.97169e-05,0.0558247,7.24874e-05,0.076613,0.0104687,0.010465,0.020947,0,0.0405397,0.221632,0,6.07559,15.0447,1.28701,0.144608,5.56192,0.0457717,0.0454652,0.0300982,0.00726201,0.0131682,0.104742,0.0738948,0,0.396533,0,5.55047,17.477,2.44452,0.348013,11.9862,0,0,0.517525,0
20049,80,,0.000447523,,,,,,,,,,,,,,,,,,,,,,,,,,,,,,,,,,,,,,,,
20099,80,,0.000447523,,,,,,,,,,,,,,,,,,,,,,,,,,,,,,,,,,,,,,,,
20149,80,,0.000447523,,,,,,,,,,,,,,,,,,,,,,,,,,,,,,,,,,,,,,,,
20199,80,,0.000447523,,,,,,,,,,,,,,,,,,,,,,,,,,,,,,,,,,,,,,,,
20249,80,80,0.000447523,7.9668,0,0.10166,0.180109,4.00493e-05,3.94473e-05,0.0568516,7.25411e-05,0.0725357,0.0103814,0.0103778,0.0207716,0,0.0424107,0.22252,0,6.30385,15.704,1.38177,0.179646,6.75823,0.0484045,0.0484131,0.0308049,0.00922765,0.0210396,0.105963,0.0749788,0,0.419154,0,5.58862,17.3053,2.42249,0.331782,11.8281,0,0,0.506361,0
20299,81,,0.000443048,,,,,,,,,,,,,,,,,,,,,,,,,,,,,,,,,,,,,,,,
20349,81,,0.000443048,,,,,,,,,,,,,,,,,,,,,,,,,,,,,,,,,,,,,,,,
20399,81,,0.000443048,,,,,,,,,,,,,,,,,,,,,,,,,,,,,,,,,,,,,,,,
20449,81,,0.000443048,,,,,,,,,,,,,,,,,,,,,,,,,,,,,,,,,,,,,,,,
20499,81,81,0.000443048,7.90013,0,0.104993,0.178101,3.97577e-05,3.91459e-05,0.0585047,7.15337e-05,0.078382,0.0102948,0.0102909,0.0206,0,0.0435155,0.221616,0,6.19591,16.3767,1.39815,0.172222,7.2017,0.0486074,0.0446254,0.0307351,0.0133637,0.0249856,0.102696,0.0752383,0,0.437827,0,5.60691,17.4703,2.47485,0.343166,12.0482,0,0,0.514428,0
20549,82,,0.000438618,,,,,,,,,,,,,,,,,,,,,,,,,,,,,,,,,,,,,,,,
20599,82,,0.000438618,,,,,,,,,,,,,,,,,,,,,,,,,,,,,,,,,,,,,,,,
20649,82,,0.000438618,,,,,,,,,,,,,,,,,,,,,,,,,,,,,,,,,,,,,,,,
20699,82,,0.000438618,,,,,,,,,,,,,,,,,,,,,,,,,,,,,,,,,,,,,,,,
20749,82,82,0.000438618,7.83347,0,0.108327,0.174229,3.95705e-05,3.87971e-05,0.0586132,7.09633e-05,0.0826764,0.0102088,0.0102039,0.0204272,0,0.0449316,0.219161,0,6.15546,15.6608,1.36728,0.15926,6.32828,0.0466144,0.0442571,0.0309605,0.00913781,0.0171045,0.102841,0.075385,0,0.417693,0,5.46099,17.4235,2.4191,0.336532,11.8949,0,0,0.513107,0
20799,83,,0.000434231,,,,,,,,,,,,,,,,,,,,,,,,,,,,,,,,,,,,,,,,
20849,83,,0.000434231,,,,,,,,,,,,,,,,,,,,,,,,,,,,,,,,,,,,,,,,
20899,83,,0.000434231,,,,,,,,,,,,,,,,,,,,,,,,,,,,,,,,,,,,,,,,
20949,83,,0.000434231,,,,,,,,,,,,,,,,,,,,,,,,,,,,,,,,,,,,,,,,
20999,83,83,0.000434231,7.7668,0,0.11166,0.172523,3.93517e-05,3.87171e-05,0.0631581,7.00992e-05,0.0876126,0.0101224,0.0101184,0.0202575,0,0.0459417,0.218464,0,6.18057,15.6135,1.32039,0.145652,6.01057,0.0469198,0.0441695,0.0307333,0.0097809,0.0179028,0.103111,0.0758214,0,0.408923,0,5.51887,17.4737,2.41718,0.34124,11.9046,0,0,0.514295,0
21049,84,,0.000429889,,,,,,,,,,,,,,,,,,,,,,,,,,,,,,,,,,,,,,,,
21099,84,,0.000429889,,,,,,,,,,,,,,,,,,,,,,,,,,,,,,,,,,,,,,,,
21149,84,,0.000429889,,,,,,,,,,,,,,,,,,,,,,,,,,,,,,,,,,,,,,,,
21199,84,,0.000429889,,,,,,,,,,,,,,,,,,,,,,,,,,,,,,,,,,,,,,,,
21249,84,84,0.000429889,7.70013,0,0.114993,0.173785,3.90591e-05,3.83191e-05,0.0610068,6.96537e-05,0.0816728,0.0100352,0.01003,0.0200789,0,0.0478709,0.221656,0,6.19529,17.0743,1.44515,0.207887,7.62364,0.0471545,0.0442306,0.0302028,0.0174056,0.0122561,0.103159,0.0756726,0,0.459144,0,5.57252,17.6013,2.48779,0.351032,12.2526,0,0,0.519484,0
21299,85,,0.00042559,,,,,,,,,,,,,,,,,,,,,,,,,,,,,,,,,,,,,,,,
21349,85,,0.00042559,,,,,,,,,,,,,,,,,,,,,,,,,,,,,,,,,,,,,,,,
21399,85,,0.00042559,,,,,,,,,,,,,,,,,,,,,,,,,,,,,,,,,,,,,,,,
21449,85,,0.00042559,,,,,,,,,,,,,,,,,,,,,,,,,,,,,,,,,,,,,,,,
21499,85,85,0.00042559,7.63347,0,0.118327,0.170958,3.88836e-05,3.80853e-05,0.0632636,6.93558e-05,0.0890417,0.00994886,0.00994421,0.0199084,0,0.0490313,0.21999,0,6.22596,16.4323,1.395,0.179724,6.93324,0.0467208,0.0441285,0.0309911,0.0112734,0.0166144,0.103569,0.0737491,0,0.434078,0,5.52832,17.3621,2.42932,0.341686,11.9279,0,0,0.511157,0
21549,86,,0.000421334,,,,,,,,,,,,,,,,,,,,,,,,,,,,,,,,,,,,,,,,
21599,86,,0.000421334,,,,,,,,,,,,,,,,,,,,,,,,,,,,,,,,,,,,,,,,
21649,86,,0.000421334,,,,,,,,,,,,,,,,,,,,,,,,,,,,,,,,,,,,,,,,
21699,86,,0.000421334,,,,,,,,,,,,,,,,,,,,,,,,,,,,,,,,,,,,,,,,
21749,86,86,0.000421334,7.5668,0,0.12166,0.174053,3.87477e-05,3.79072e-05,0.065728,6.89337e-05,0.0851238,0.00986313,0.00985818,0.0197368,0,0.0502617,0.224315,0,6.11565,15.2527,1.29998,0.147647,5.66869,0.0465735,0.0456425,0.0307434,0.00792629,0.0148622,0.10518,0.0750868,0,0.399482,0,5.53047,17.442,2.44799,0.342585,11.8808,0,0,0.518781,0
21799,87,,0.000417121,,,,,,,,,,,,,,,,,,,,,,,,,,,,,,,,,,,,,,,,
21849,87,,0.000417121,,,,,,,,,,,,,,,,,,,,,,,,,,,,,,,,,,,,,,,,
21899,87,,0.000417121,,,,,,,,,,,,,,,,,,,,,,,,,,,,,,,,,,,,,,,,
21949,87,,0.000417121,,,,,,,,,,,,,,,,,,,,,,,,,,,,,,,,,,,,,,,,
21999,87,87,0.000417121,7.50013,0,0.124993,0.170994,3.82349e-05,3.74137e-05,0.0640808,6.77656e-05,0.0884049,0.0097762,0.00977082,0.0195619,0,0.0528891,0.223883,0,6.06355,16.6145,1.43117,0.187679,7.79611,0.0491707,0.0447601,0.0305777,0.013713,0.0276395,0.103278,0.0750556,0,0.447191,0,5.44761,17.4101,2.41562,0.334604,11.858,0,0,0.515324,0
22049,88,,0.00041295,,,,,,,,,,,,,,,,,,,,,,,,,,,,,,,,,,,,,,,,
22099,88,,0.00041295,,,,,,,,,,,,,,,,,,,,,,,,,,,,,,,,,,,,,,,,
22149,88,,0.00041295,,,,,,,,,,,,,,,,,,,,,,,,,,,,,,,,,,,,,,,,
22199,88,,0.00041295,,,,,,,,,,,,,,,,,,,,,,,,,,,,,,,,,,,,,,,,
22249,88,88,0.00041295,7.43347,0,0.128327,0.16938,3.82024e-05,3.7262e-05,0.0635661,6.77095e-05,0.0869919,0.00968922,0.00968371,0.0193946,0,0.054063,0.223443,0,6.09659,15.818,1.33969,0.165694,6.17526,0.0493418,0.0453945,0.0307588,0.0101365,0.0264424,0.106029,0.07729,0,0.414316,0,5.43888,17.3903,2.43533,0.336588,11.8925,0,0,0.511212,0
22299,89,,0.00040882,,,,,,,,,,,,,,,,,,,,,,,,,,,,,,,,,,,,,,,,
22349,89,,0.00040882,,,,,,,,,,,,,,,,,,,,,,,,,,,,,,,,,,,,,,,,
22399,89,,0.00040882,,,,,,,,,,,,,,,,,,,,,,,,,,,,,,,,,,,,,,,,
22449,89,,0.00040882,,,,,,,,,,,,,,,,,,,,,,,,,,,,,,,,,,,,,,,,
22499,89,89,0.00040882,7.3668,0,0.13166,0.164386,3.79991e-05,3.69888e-05,0.0671963,6.68503e-05,0.0859115,0.0096038,0.00959763,0.0192194,0,0.0547189,0.219105,0,6.2555,16.459,1.43805,0.199554,7.30042,0.0472735,0.0448795,0.0303509,0.0153451,0.0152758,0.103265,0.0745251,0,0.43763,0,5.58866,17.372,2.40942,0.330217,11.8527,0,0,0.509119,0
22549,90,,0.000404732,,,,,,,,,,,,,,,,,,,,,,,,,,,,,,,,,,,,,,,,
22599,90,,0.000404732,,,,,,,,,,,,,,,,,,,,,,,,,,,,,,,,,,,,,,,,
22649,90,,0.000404732,,,,,,,,,,,,,,,,,,,,,,,,,,,,,,,,,,,,,,,,
22699,90,,0.000404732,,,,,,,,,,,,,,,,,,,,,,,,,,,,,,,,,,,,,,,,
22749,90,90,0.000404732,7.30013,0,0.134993,0.165998,3.77118e-05,3.67538e-05,0.0696176,6.63801e-05,0.0974347,0.00951522,0.00951114,0.0190434,0,0.0561344,0.222132,0,6.14183,16.0117,1.42378,0.181597,7.11425,0.0486616,0.044307,0.0305863,0.00974358,0.0210672,0.104762,0.0815037,0,0.423229,0,5.41736,17.5174,2.39937,0.349512,11.9573,0,0,0.516552,0
22799,91,,0.000400685,,,,,,,,,,,,,,,,,,,,,,,,,,,,,,,,,,,,,,,,
22849,91,,0.000400685,,,,,,,,,,,,,,,,,,,,,,,,,,,,,,,,,,,,,,,,
22899,91,,0.000400685,,,,,,,,,,,,,,,,,,,,,,,,,,,,,,,,,,,,,,,,
22949,91,,0.000400685,,,,,,,,,,,,,,,,,,,,,,,,,,,,,,,,,,,,,,,,
22999,91,91,0.000400685,7.23347,0,0.138327,0.172201,3.73159e-05,3.63666e-05,0.0665723,6.55756e-05,0.0970599,0.00942939,0.00942288,0.0188733,0,0.0596819,0.231882,0,6.15804,15.8648,1.36002,0.168058,6.45482,0.0472688,0.0448087,0.0324243,0.0095304,0.0184082,0.104145,0.0742961,0,0.419413,0,5.52751,17.5568,2.43391,0.34036,12.0145,0,0,0.519895,0
23049,92,,0.000396678,,,,,,,,,,,,,,,,,,,,,,,,,,,,,,,,,,,,,,,,
23099,92,,0.000396678,,,,,,,,,,,,,,,,,,,,,,,,,,,,,,,,,,,,,,,,
23149,92,,0.000396678,,,,,,,,,,,,,,,,,,,,,,,,,,,,,,,,,,,,,,,,
23199,92,,0.000396678,,,,,,,,,,,,,,,,,,,,,,,,,,,,,,,,,,,,,,,,
23249,92,92,0.000396678,7.1668,0,0.14166,0.166555,3.71662e-05,3.61158e-05,0.0667354,6.53197e-05,0.0977909,0.00934167,0.00933692,0.0186982,0,0.061148,0.227703,0,6.05452,15.9379,1.42957,0.183281,7.19781,0.0484272,0.0445065,0.0312433,0.00794216,0.0268287,0.105126,0.0749171,0,0.425566,0,5.45242,17.4682,2.42164,0.344795,11.9473,0,0,0.516671,0
23299,93,,0.000392711,,,,,,,,,,,,,,,,,,,,,,,,,,,,,,,,,,,,,,,,
23349,93,,0.000392711,,,,,,,,,,,,,,,,,,,,,,,,,,,,,,,,,,,,,,,,
23399,93,,0.000392711,,,,,,,,,,,,,,,,,,,,,,,,,,,,,,,,,,,,,,,,
23449,93,,0.000392711,,,,,,,,,,,,,,,,,,,,,,,,,,,,,,,,,,,,,,,,
23499,93,93,0.000392711,7.10013,0,0.144993,0.162974,3.69628e-05,3.58426e-05,0.0705447,6.44429e-05,0.104292,0.00925497,0.00924852,0.0185243,0,0.0627138,0.225688,0,6.19468,16.4518,1.49938,0.199486,8.0375,0.0475467,0.0446896,0.0309204,0.0127764,0.0186215,0.104367,0.0739059,0,0.445311,0,5.44769,17.3469,2.38101,0.344349,11.7498,0,0,0.507746,0
23549,94,,0.000388784,,,,,,,,,,,,,,,,,,,,,,,,,,,,,,,,,,,,,,,,
23599,94,,0.000388784,,,,,,,,,,,,,,,,,,,,,,,,,,,,,,,,,,,,,,,,
23649,94,,0.000388784,,,,,,,,,,,,,,,,,,,,,,,,,,,,,,,,,,,,,,,,
23699,94,,0.000388784,,,,,,,,,,,,,,,,,,,,,,,,,,,,,,,,,,,,,,,,
23749,94,94,0.000388784,7.03347,0,0.148327,0.168533,3.66568e-05,3.54654e-05,0.0712706,6.40445e-05,0.101308,0.00916784,0.00916213,0.0183535,0,0.0653717,0.233905,0,6.14731,15.7666,1.36712,0.171209,6.60629,0.0483989,0.0449475,0.0307179,0.00908041,0.025149,0.104673,0.0758262,0,0.419833,0,5.3724,17.3877,2.40346,0.344166,11.8345,0,0,0.511392,0
23799,95,,0.000384896,,,,,,,,,,,,,,,,,,,,,,,,,,,,,,,,,,,,,,,,
23849,95,,0.000384896,,,,,,,,,,,,,,,,,,,,,,,,,,,,,,,,,,,,,,,,
23899,95,,0.000384896,,,,,,,,,,,,,,,,,,,,,,,,,,,,,,,,,,,,,,,,
23949,95,,0.000384896,,,,,,,,,,,,,,,,,,,,,,,,,,,,,,,,,,,,,,,,
23999,95,95,0.000384896,6.9668,0,0.15166,0.157786,3.64076e-05,3.53063e-05,0.0726641,6.33059e-05,0.104008,0.00908287,0.00907696,0.018182,0,0.0649173,0.222703,0,6.07149,17.0737,1.47912,0.210368,8.05945,0.0480286,0.0449978,0.0309803,0.0149812,0.0173606,0.105004,0.0748471,0,0.460969,0,5.41401,17.5737,2.43904,0.356733,12.0263,0,0,0.519956,0
24049,96,,0.000381047,,,,,,,,,,,,,,,,,,,,,,,,,,,,,,,,,,,,,,,,
24099,96,,0.000381047,,,,,,,,,,,,,,,,,,,,,,,,,,,,,,,,,,,,,,,,
24149,96,,0.000381047,,,,,,,,,,,,,,,,,,,,,,,,,,,,,,,,,,,,,,,,
24199,96,,0.000381047,,,,,,,,,,,,,,,,,,,,,,,,,,,,,,,,,,,,,,,,
24249,96,96,0.000381047,6.90013,0,0.154993,0.165508,3.62434e-05,3.507e-05,0.0720936,6.30656e-05,0.109046,0.00899344,0.00898925,0.0180065,0,0.0673131,0.232821,0,6.15273,15.9105,1.39233,0.179485,6.61748,0.0479981,0.0448447,0.0314683,0.00885403,0.0236262,0.104924,0.0742715,0,0.425997,0,5.27489,17.4337,2.38776,0.341797,11.8524,0,0,0.514947,0
24299,97,,0.000377237,,,,,,,,,,,,,,,,,,,,,,,,,,,,,,,,,,,,,,,,
24349,97,,0.000377237,,,,,,,,,,,,,,,,,,,,,,,,,,,,,,,,,,,,,,,,
24399,97,,0.000377237,,,,,,,,,,,,,,,,,,,,,,,,,,,,,,,,,,,,,,,,
24449,97,,0.000377237,,,,,,,,,,,,,,,,,,,,,,,,,,,,,,,,,,,,,,,,
24499,97,97,0.000377237,6.83347,0,0.158327,0.157907,3.61224e-05,3.48068e-05,0.0756387,6.25289e-05,0.108143,0.00890851,0.00890421,0.0178281,0,0.0682843,0.226191,0,6.12574,17.0201,1.5074,0.20697,8.13001,0.0489958,0.0441219,0.0313708,0.0131094,0.0263396,0.104072,0.0749605,0,0.460634,0,5.33169,17.4832,2.40253,0.347002,11.9488,0,0,0.515653,0
24549,98,,0.000373464,,,,,,,,,,,,,,,,,,,,,,,,,,,,,,,,,,,,,,,,
24599,98,,0.000373464,,,,,,,,,,,,,,,,,,,,,,,,,,,,,,,,,,,,,,,,
24649,98,,0.000373464,,,,,,,,,,,,,,,,,,,,,,,,,,,,,,,,,,,,,,,,
24699,98,,0.000373464,,,,,,,,,,,,,,,,,,,,,,,,,,,,,,,,,,,,,,,,
24749,98,98,0.000373464,6.7668,0,0.16166,0.158442,3.57207e-05,3.4533e-05,0.0727996,6.18657e-05,0.117578,0.00882273,0.00881576,0.0176543,0,0.070417,0.228859,0,6.19665,15.9972,1.45926,0.194891,7.54383,0.0503768,0.0449867,0.0306295,0.00930649,0.0350332,0.106634,0.0756706,0,0.430596,0,5.50651,17.3247,2.39939,0.333828,11.8905,0,0,0.507927,0
24799,99,,0.00036973,,,,,,,,,,,,,,,,,,,,,,,,,,,,,,,,,,,,,,,,
24849,99,,0.00036973,,,,,,,,,,,,,,,,,,,,,,,,,,,,,,,,,,,,,,,,
24899,99,,0.00036973,,,,,,,,,,,,,,,,,,,,,,,,,,,,,,,,,,,,,,,,
24949,99,,0.00036973,,,,,,,,,,,,,,,,,,,,,,,,,,,,,,,,,,,,,,,,
24999,99,99,0.00036973,6.70013,0,0.164993,0.166513,3.55552e-05,3.4328e-05,0.0745528,6.11178e-05,0.119285,0.00873556,0.00872837,0.0174799,0,0.0725185,0.239031,0,6.12545,16.2318,1.45171,0.196683,7.64875,0.0483024,0.0452261,0.0304649,0.0102809,0.0233236,0.106047,0.0744714,0,0.443308,0,5.47266,17.4092,2.41983,0.339564,11.9124,0,0,0.512615,0
25049,100,,0.000366032,,,,,,,,,,,,,,,,,,,,,,,,,,,,,,,,,,,,,,,,
25099,100,,0.000366032,,,,,,,,,,,,,,,,,,,,,,,,,,,,,,,,,,,,,,,,
25149,100,,0.000366032,,,,,,,,,,,,,,,,,,,,,,,,,,,,,,,,,,,,,,,,
25199,100,,0.000366032,,,,,,,,,,,,,,,,,,,,,,,,,,,,,,,,,,,,,,,,
25249,100,100,0.000366032,6.63347,0,0.168327,0.164408,3.54225e-05,3.41526e-05,0.0782837,6.05105e-05,0.133196,0.00865034,0.00864262,0.0173107,0,0.072792,0.2372,0,6.12576,16.1259,1.39421,0.178065,7.16651,0.0484135,0.044508,0.0306985,0.0103886,0.0243593,0.104788,0.0757384,0,0.434352,0,5.50361,17.5082,2.44128,0.351746,12.0667,0,0,0.51712,0
25299,101,,0.000362372,,,,,,,,,,,,,,,,,,,,,,,,,,,,,,,,,,,,,,,,
25349,101,,0.000362372,,,,,,,,,,,,,,,,,,,,,,,,,,,,,,,,,,,,,,,,
25399,101,,0.000362372,,,,,,,,,,,,,,,,,,,,,,,,,,,,,,,,,,,,,,,,
25449,101,,0.000362372,,,,,,,,,,,,,,,,,,,,,,,,,,,,,,,,,,,,,,,,
25499,101,101,0.000362372,6.5668,0,0.17166,0.160158,3.51352e-05,3.3838e-05,0.07712,5.98649e-05,0.121878,0.00856299,0.00855667,0.0171442,0,0.075324,0.235482,0,6.1006,16.3608,1.4103,0.174444,7.27624,0.0484509,0.0451638,0.0309257,0.0105327,0.0226778,0.106077,0.0753286,0,0.439676,0,5.4407,17.5029,2.39332,0.34131,11.9693,0,0,0.512712,0
25549,102,,0.000358748,,,,,,,,,,,,,,,,,,,,,,,,,,,,,,,,,,,,,,,,
25599,102,,0.000358748,,,,,,,,,,,,,,,,,,,,,,,,,,,,,,,,,,,,,,,,
25649,102,,0.000358748,,,,,,,,,,,,,,,,,,,,,,,,,,,,,,,,,,,,,,,,
25699,102,,0.000358748,,,,,,,,,,,,,,,,,,,,,,,,,,,,,,,,,,,,,,,,
25749,102,102,0.000358748,6.50013,0,0.174993,0.147796,3.49164e-05,3.36461e-05,0.0813288,5.92872e-05,0.12302,0.00847608,0.00847019,0.0169627,0,0.0754747,0.223271,0,6.16081,16.1656,1.40804,0.182602,7.12246,0.0472941,0.0446972,0.0302773,0.010238,0.0200444,0.103705,0.0748026,0,0.431823,0,5.52384,17.4503,2.42334,0.340501,11.8896,0,0,0.512836,0
25799,103,,0.000355161,,,,,,,,,,,,,,,,,,,,,,,,,,,,,,,,,,,,,,,,
25849,103,,0.000355161,,,,,,,,,,,,,,,,,,,,,,,,,,,,,,,,,,,,,,,,
25899,103,,0.000355161,,,,,,,,,,,,,,,,,,,,,,,,,,,,,,,,,,,,,,,,
25949,103,,0.000355161,,,,,,,,,,,,,,,,,,,,,,,,,,,,,,,,,,,,,,,,
25999,103,103,0.000355161,6.43347,0,0.178327,0.145645,3.48123e-05,3.33229e-05,0.0811331,5.87689e-05,0.114234,0.00838806,0.00838128,0.0167973,0,0.0774031,0.223048,0,6.22608,16.0813,1.3886,0.180801,7.0704,0.0482232,0.0447591,0.0306154,0.00990379,0.0226061,0.104788,0.0766671,0,0.427959,0,5.56283,17.3989,2.39279,0.335786,11.8939,0,0,0.510101,0
26049,104,,0.000351609,,,,,,,,,,,,,,,,,,,,,,,,,,,,,,,,,,,,,,,,
26099,104,,0.000351609,,,,,,,,,,,,,,,,,,,,,,,,,,,,,,,,,,,,,,,,
26149,104,,0.000351609,,,,,,,,,,,,,,,,,,,,,,,,,,,,,,,,,,,,,,,,
26199,104,,0.000351609,,,,,,,,,,,,,,,,,,,,,,,,,,,,,,,,,,,,,,,,
26249,104,104,0.000351609,6.3668,0,0.18166,0.156477,3.44966e-05,3.29847e-05,0.0821569,5.8185e-05,0.133539,0.0083023,0.00829545,0.016628,0,0.0796469,0.236124,0,6.11149,16.3514,1.43166,0.182805,7.39961,0.0488413,0.0453892,0.0307022,0.0106506,0.0242935,0.106404,0.0756077,0,0.437634,0,5.50381,17.5148,2.43612,0.354557,12.0932,0,0,0.514549,0
26299,105,,0.000348093,,,,,,,,,,,,,,,,,,,,,,,,,,,,,,,,,,,,,,,,
26349,105,,0.000348093,,,,,,,,,,,,,,,,,,,,,,,,,,,,,,,,,,,,,,,,
26399,105,,0.000348093,,,,,,,,,,,,,,,,,,,,,,,,,,,,,,,,,,,,,,,,
26449,105,,0.000348093,,,,,,,,,,,,,,,,,,,,,,,,,,,,,,,,,,,,,,,,
26499,105,105,0.000348093,6.30013,0,0.184993,0.151664,3.44937e-05,3.2904e-05,0.0820242,5.78003e-05,0.1267,0.0082181,0.00821082,0.0164554,0,0.0795857,0.23125,0,6.19841,16.237,1.44171,0.197346,7.31781,0.048101,0.0450783,0.0308832,0.0113655,0.0214694,0.105082,0.0747273,0,0.436421,0,5.49086,17.334,2.38603,0.338135,11.798,0,0,0.506717,0
26549,106,,0.000344612,,,,,,,,,,,,,,,,,,,,,,,,,,,,,,,,,,,,,,,,
26599,106,,0.000344612,,,,,,,,,,,,,,,,,,,,,,,,,,,,,,,,,,,,,,,,
26649,106,,0.000344612,,,,,,,,,,,,,,,,,,,,,,,,,,,,,,,,,,,,,,,,
26699,106,,0.000344612,,,,,,,,,,,,,,,,,,,,,,,,,,,,,,,,,,,,,,,,
26749,106,106,0.000344612,6.23347,0,0.188327,0.148477,3.43896e-05,3.27156e-05,0.0841748,5.7328e-05,0.133656,0.00813091,0.0081237,0.016282,0,0.0813274,0.229804,0,6.16358,15.5163,1.36783,0.173051,6.52857,0.0478775,0.046442,0.0304688,0.00851084,0.0215744,0.104625,0.0756444,0,0.413624,0,5.50977,17.2583,2.38232,0.335256,11.773,0,0,0.505257,0
26799,107,,0.000341166,,,,,,,,,,,,,,,,,,,,,,,,,,,,,,,,,,,,,,,,
26849,107,,0.000341166,,,,,,,,,,,,,,,,,,,,,,,,,,,,,,,,,,,,,,,,
26899,107,,0.000341166,,,,,,,,,,,,,,,,,,,,,,,,,,,,,,,,,,,,,,,,
26949,107,,0.000341166,,,,,,,,,,,,,,,,,,,,,,,,,,,,,,,,,,,,,,,,
26999,107,107,0.000341166,6.1668,0,0.19166,0.145223,3.43432e-05,3.24911e-05,0.0871556,5.67392e-05,0.13688,0.00804514,0.00803586,0.0161053,0,0.0819465,0.22717,0,6.12352,15.9471,1.40548,0.184892,7.17753,0.0485029,0.0452407,0.0307158,0.00800802,0.0277206,0.104865,0.0744677,0,0.427272,0,5.51054,17.3927,2.41823,0.341031,11.8702,0,0,0.507802,0
27049,108,,0.000337754,,,,,,,,,,,,,,,,,,,,,,,,,,,,,,,,,,,,,,,,
27099,108,,0.000337754,,,,,,,,,,,,,,,,,,,,,,,,,,,,,,,,,,,,,,,,
27149,108,,0.000337754,,,,,,,,,,,,,,,,,,,,,,,,,,,,,,,,,,,,,,,,
27199,108,,0.000337754,,,,,,,,,,,,,,,,,,,,,,,,,,,,,,,,,,,,,,,,
27249,108,108,0.000337754,6.10013,0,0.194993,0.144605,3.37018e-05,3.2075e-05,0.0862316,5.59311e-05,0.136306,0.0079569,0.00794984,0.0159323,0,0.0855199,0.230125,0,6.14655,16.5636,1.47643,0.204532,7.83573,0.048675,0.0447082,0.0310003,0.0120918,0.0248413,0.10393,0.0754786,0,0.447413,0,5.45758,17.4653,2.42456,0.346205,11.8872,0,0,0.513407,0
27299,109,,0.000334377,,,,,,,,,,,,,,,,,,,,,,,,,,,,,,,,,,,,,,,,
27349,109,,0.000334377,,,,,,,,,,,,,,,,,,,,,,,,,,,,,,,,,,,,,,,,
27399,109,,0.000334377,,,,,,,,,,,,,,,,,,,,,,,,,,,,,,,,,,,,,,,,
27449,109,,0.000334377,,,,,,,,,,,,,,,,,,,,,,,,,,,,,,,,,,,,,,,,
27499,109,109,0.000334377,6.03347,0,0.198327,0.149008,3.35159e-05,3.18213e-05,0.0837535,5.5568e-05,0.134678,0.00786625,0.00786262,0.0157565,0,0.0890053,0.238013,0,6.2498,16.2317,1.46597,0.206879,7.89317,0.0491208,0.0487694,0.0310504,0.013547,0.022493,0.104537,0.074328,0,0.438063,0,5.59872,17.2802,2.38595,0.329433,11.7764,0,0,0.502662,0
27549,110,,0.000331033,,,,,,,,,,,,,,,,,,,,,,,,,,,,,,,,,,,,,,,,
27599,110,,0.000331033,,,,,,,,,,,,,,,,,,,,,,,,,,,,,,,,,,,,,,,,
27649,110,,0.000331033,,,,,,,,,,,,,,,,,,,,,,,,,,,,,,,,,,,,,,,,
27699,110,,0.000331033,,,,,,,,,,,,,,,,,,,,,,,,,,,,,,,,,,,,,,,,
27749,110,110,0.000331033,5.9668,0,0.20166,0.14055,3.34464e-05,3.16861e-05,0.086363,5.50328e-05,0.137127,0.00778275,0.00777467,0.0155885,0,0.0879747,0.228525,0,6.16049,17.406,1.58232,0.234249,9.35666,0.0485254,0.0445863,0.0303546,0.0183758,0.0190725,0.103395,0.0753684,0,0.477158,0,5.45922,17.3751,2.3874,0.330214,11.7943,0,0,0.508453,0
27799,111,,0.000327723,,,,,,,,,,,,,,,,,,,,,,,,,,,,,,,,,,,,,,,,
27849,111,,0.000327723,,,,,,,,,,,,,,,,,,,,,,,,,,,,,,,,,,,,,,,,
27899,111,,0.000327723,,,,,,,,,,,,,,,,,,,,,,,,,,,,,,,,,,,,,,,,
27949,111,,0.000327723,,,,,,,,,,,,,,,,,,,,,,,,,,,,,,,,,,,,,,,,
27999,111,111,0.000327723,5.90013,0,0.204993,0.139231,3.31431e-05,3.13686e-05,0.0856199,5.42821e-05,0.138968,0.00769639,0.00768708,0.0154107,0,0.0902224,0.229453,0,6.14025,15.6644,1.38469,0.16874,6.65795,0.0480682,0.0444646,0.0308702,0.00859361,0.0261472,0.104493,0.0738404,0,0.41725,0,5.36695,17.3805,2.39011,0.335551,11.8878,0,0,0.510504,0
28049,112,,0.000324446,,,,,,,,,,,,,,,,,,,,,,,,,,,,,,,,,,,,,,,,
28099,112,,0.000324446,,,,,,,,,,,,,,,,,,,,,,,,,,,,,,,,,,,,,,,,
28149,112,,0.000324446,,,,,,,,,,,,,,,,,,,,,,,,,,,,,,,,,,,,,,,,
28199,112,,0.000324446,,,,,,,,,,,,,,,,,,,,,,,,,,,,,,,,,,,,,,,,
28249,112,112,0.000324446,5.83347,0,0.208327,0.141128,3.28429e-05,3.10999e-05,0.0881016,5.40296e-05,0.150734,0.00760988,0.00760261,0.0152365,0,0.0914942,0.232622,0,6.09099,16.0128,1.37815,0.172405,6.73504,0.048117,0.0453274,0.0312745,0.00963468,0.0197105,0.104933,0.0778213,0,0.426158,0,5.50009,17.4222,2.42017,0.345491,11.938,0,0,0.510414,0
28299,113,,0.000321201,,,,,,,,,,,,,,,,,,,,,,,,,,,,,,,,,,,,,,,,
28349,113,,0.000321201,,,,,,,,,,,,,,,,,,,,,,,,,,,,,,,,,,,,,,,,
28399,113,,0.000321201,,,,,,,,,,,,,,,,,,,,,,,,,,,,,,,,,,,,,,,,
28449,113,,0.000321201,,,,,,,,,,,,,,,,,,,,,,,,,,,,,,,,,,,,,,,,
28499,113,113,0.000321201,5.7668,0,0.21166,0.135489,3.28535e-05,3.09439e-05,0.0937402,5.33246e-05,0.154771,0.00752228,0.00751519,0.0150731,0,0.0910308,0.22652,0,6.12203,16.0905,1.42134,0.193087,7.30141,0.0486627,0.0445852,0.031021,0.00907557,0.0277122,0.103259,0.0763236,0,0.430594,0,5.52506,17.3696,2.42156,0.352383,11.9552,0,0,0.509177,0
28549,114,,0.000317989,,,,,,,,,,,,,,,,,,,,,,,,,,,,,,,,,,,,,,,,
28599,114,,0.000317989,,,,,,,,,,,,,,,,,,,,,,,,,,,,,,,,,,,,,,,,
28649,114,,0.000317989,,,,,,,,,,,,,,,,,,,,,,,,,,,,,,,,,,,,,,,,
28699,114,,0.000317989,,,,,,,,,,,,,,,,,,,,,,,,,,,,,,,,,,,,,,,,
28749,114,114,0.000317989,5.70013,0,0.214993,0.136049,3.26518e-05,3.06519e-05,0.0900121,5.26972e-05,0.137685,0.0074371,0.00742861,0.014892,0,0.0938075,0.229857,0,6.20216,15.7165,1.33416,0.161201,6.29739,0.0470624,0.0448112,0.0310995,0.00989034,0.0162668,0.104031,0.0762758,0,0.415722,0,5.42364,17.3033,2.38259,0.332994,11.7203,0,0,0.505184,0
28799,115,,0.000314809,,,,,,,,,,,,,,,,,,,,,,,,,,,,,,,,,,,,,,,,
28849,115,,0.000314809,,,,,,,,,,,,,,,,,,,,,,,,,,,,,,,,,,,,,,,,
28899,115,,0.000314809,,,,,,,,,,,,,,,,,,,,,,,,,,,,,,,,,,,,,,,,
28949,115,,0.000314809,,,,,,,,,,,,,,,,,,,,,,,,,,,,,,,,,,,,,,,,
28999,115,115,0.000314809,5.63347,0,0.218327,0.132942,3.25476e-05,3.06296e-05,0.09551,5.22822e-05,0.146661,0.00735214,0.00734318,0.0147215,0,0.0931007,0.226043,0,6.14133,16.0072,1.35094,0.161888,6.38359,0.0481294,0.0446947,0.0309173,0.0120539,0.0197754,0.106263,0.0750717,0,0.420531,0,5.40462,17.4704,2.42735,0.341878,11.9633,0,0,0.513342,0
29049,116,,0.000311661,,,,,,,,,,,,,,,,,,,,,,,,,,,,,,,,,,,,,,,,
29099,116,,0.000311661,,,,,,,,,,,,,,,,,,,,,,,,,,,,,,,,,,,,,,,,
29149,116,,0.000311661,,,,,,,,,,,,,,,,,,,,,,,,,,,,,,,,,,,,,,,,
29199,116,,0.000311661,,,,,,,,,,,,,,,,,,,,,,,,,,,,,,,,,,,,,,,,
29249,116,116,0.000311661,5.5668,0,0.22166,0.135778,3.21727e-05,3.01775e-05,0.0945699,5.18728e-05,0.151341,0.00726368,0.00725612,0.0145436,0,0.0969835,0.232761,0,6.18099,16.2977,1.47604,0.19919,7.7033,0.0490785,0.0468726,0.0316256,0.0108567,0.0241286,0.104843,0.0761445,0,0.442362,0,5.43492,17.4029,2.40973,0.345616,11.8408,0,0,0.512747,0
29299,117,,0.000308544,,,,,,,,,,,,,,,,,,,,,,,,,,,,,,,,,,,,,,,,
29349,117,,0.000308544,,,,,,,,,,,,,,,,,,,,,,,,,,,,,,,,,,,,,,,,
29399,117,,0.000308544,,,,,,,,,,,,,,,,,,,,,,,,,,,,,,,,,,,,,,,,
29449,117,,0.000308544,,,,,,,,,,,,,,,,,,,,,,,,,,,,,,,,,,,,,,,,
29499,117,117,0.000308544,5.50013,0,0.224993,0.132258,3.20186e-05,3.01043e-05,0.0950124,5.10173e-05,0.153012,0.00717615,0.00716819,0.0143821,0,0.098753,0.231011,0,6.25167,16.4009,1.42455,0.18266,7.23651,0.0498846,0.0444805,0.0316952,0.0160048,0.0274067,0.104909,0.0748117,0,0.435478,0,5.49733,17.3068,2.41793,0.340804,11.8664,0,0,0.505625,0
29549,118,,0.000305459,,,,,,,,,,,,,,,,,,,,,,,,,,,,,,,,,,,,,,,,
29599,118,,0.000305459,,,,,,,,,,,,,,,,,,,,,,,,,,,,,,,,,,,,,,,,
29649,118,,0.000305459,,,,,,,,,,,,,,,,,,,,,,,,,,,,,,,,,,,,,,,,
29699,118,,0.000305459,,,,,,,,,,,,,,,,,,,,,,,,,,,,,,,,,,,,,,,,
29749,118,118,0.000305459,5.43347,0,0.228327,0.125998,3.23809e-05,2.96966e-05,0.102583,5.05885e-05,0.144145,0.00709147,0.00708072,0.0141995,0,0.0977508,0.223749,0,6.14502,16.0969,1.4084,0.179249,7.17837,0.0486775,0.0455065,0.0305335,0.0101412,0.0261486,0.105408,0.0743276,0,0.429422,0,5.50816,17.347,2.39639,0.333847,11.7826,0,0,0.508383,0
29799,119,,0.000302404,,,,,,,,,,,,,,,,,,,,,,,,,,,,,,,,,,,,,,,,
29849,119,,0.000302404,,,,,,,,,,,,,,,,,,,,,,,,,,,,,,,,,,,,,,,,
29899,119,,0.000302404,,,,,,,,,,,,,,,,,,,,,,,,,,,,,,,,,,,,,,,,
29949,119,,0.000302404,,,,,,,,,,,,,,,,,,,,,,,,,,,,,,,,,,,,,,,,
29999,119,119,0.000302404,5.3668,0,0.23166,0.132618,3.19412e-05,2.94811e-05,0.0979499,5.00103e-05,0.149187,0.00700444,0.00699437,0.0140253,0,0.101107,0.233724,0,6.25033,15.946,1.44713,0.18418,7.31296,0.0487372,0.0456273,0.0309132,0.00956875,0.0272494,0.10402,0.0750443,0,0.428972,0,5.43824,17.2376,2.3627,0.321936,11.573,0,0,0.502219,0
30049,120,,0.00029938,,,,,,,,,,,,,,,,,,,,,,,,,,,,,,,,,,,,,,,,
30099,120,,0.00029938,,,,,,,,,,,,,,,,,,,,,,,,,,,,,,,,,,,,,,,,
30149,120,,0.00029938,,,,,,,,,,,,,,,,,,,,,,,,,,,,,,,,,,,,,,,,
30199,120,,0.00029938,,,,,,,,,,,,,,,,,,,,,,,,,,,,,,,,,,,,,,,,
30249,120,120,0.00029938,5.30013,0,0.234993,0.121251,3.15643e-05,2.9431e-05,0.0985917,4.97441e-05,0.154732,0.0069164,0.00690984,0.0138557,0,0.102102,0.223354,0,6.15076,16.3831,1.40783,0.191709,7.33308,0.0479256,0.0458791,0.0319673,0.0113355,0.019122,0.103898,0.0753513,0,0.44001,0,5.40576,17.2958,2.38295,0.333162,11.6849,0,0,0.505419,0
30299,121,,0.000296387,,,,,,,,,,,,,,,,,,,,,,,,,,,,,,,,,,,,,,,,
30349,121,,0.000296387,,,,,,,,,,,,,,,,,,,,,,,,,,,,,,,,,,,,,,,,
30399,121,,0.000296387,,,,,,,,,,,,,,,,,,,,,,,,,,,,,,,,,,,,,,,,
30449,121,,0.000296387,,,,,,,,,,,,,,,,,,,,,,,,,,,,,,,,,,,,,,,,
30499,121,121,0.000296387,5.23347,0,0.238327,0.120716,3.13706e-05,2.90558e-05,0.10084,4.88406e-05,0.152326,0.0068323,0.00682228,0.0136768,0,0.103668,0.224383,0,6.17636,16.6823,1.48455,0.198787,8.05795,0.0499835,0.0450048,0.0309139,0.0114557,0.0325388,0.104745,0.0752429,0,0.45087,0,5.36075,17.3719,2.41182,0.345112,11.9587,0,0,0.508987,0
30549,122,,0.000293423,,,,,,,,,,,,,,,,,,,,,,,,,,,,,,,,,,,,,,,,
30599,122,,0.000293423,,,,,,,,,,,,,,,,,,,,,,,,,,,,,,,,,,,,,,,,
30649,122,,0.000293423,,,,,,,,,,,,,,,,,,,,,,,,,,,,,,,,,,,,,,,,
30699,122,,0.000293423,,,,,,,,,,,,,,,,,,,,,,,,,,,,,,,,,,,,,,,,
30749,122,122,0.000293423,5.1668,0,0.24166,0.121861,3.14651e-05,2.87864e-05,0.104432,4.82483e-05,0.152651,0.00674369,0.00673334,0.0135032,0,0.104464,0.226325,0,6.13363,15.7511,1.38172,0.175834,6.65697,0.0481665,0.0455982,0.0307314,0.0100829,0.0219373,0.105019,0.0756303,0,0.419621,0,5.39196,17.33,2.39612,0.344086,11.7269,0,0,0.508865,0
30799,123,,0.000290489,,,,,,,,,,,,,,,,,,,,,,,,,,,,,,,,,,,,,,,,
30849,123,,0.000290489,,,,,,,,,,,,,,,,,,,,,,,,,,,,,,,,,,,,,,,,
30899,123,,0.000290489,,,,,,,,,,,,,,,,,,,,,,,,,,,,,,,,,,,,,,,,
30949,123,,0.000290489,,,,,,,,,,,,,,,,,,,,,,,,,,,,,,,,,,,,,,,,
30999,123,123,0.000290489,5.10013,0,0.244993,0.123954,3.1105e-05,2.86946e-05,0.10334,4.79757e-05,0.15517,0.00665656,0.00664645,0.0133315,0,0.106608,0.230562,0,6.22063,16.5089,1.53695,0.212613,8.50229,0.0511659,0.0458149,0.0317464,0.01028,0.0384519,0.104737,0.0759648,0,0.452797,0,5.42382,17.333,2.3947,0.331247,11.7603,0,0,0.505507,0
31049,124,,0.000287584,,,,,,,,,,,,,,,,,,,,,,,,,,,,,,,,,,,,,,,,
31099,124,,0.000287584,,,,,,,,,,,,,,,,,,,,,,,,,,,,,,,,,,,,,,,,
31149,124,,0.000287584,,,,,,,,,,,,,,,,,,,,,,,,,,,,,,,,,,,,,,,,
31199,124,,0.000287584,,,,,,,,,,,,,,,,,,,,,,,,,,,,,,,,,,,,,,,,
31249,124,124,0.000287584,5.03347,0,0.248327,0.127186,3.06614e-05,2.85073e-05,0.0982112,4.7451e-05,0.167521,0.0065671,0.00656024,0.0131736,0,0.111065,0.238252,0,6.16742,16.7254,1.50375,0.201751,8.23274,0.0497858,0.0453926,0.0321135,0.0127024,0.025652,0.106489,0.0763649,0,0.453185,0,5.48095,17.3248,2.41763,0.342428,11.8304,0,0,0.505877,0
31299,125,,0.000284708,,,,,,,,,,,,,,,,,,,,,,,,,,,,,,,,,,,,,,,,
31349,125,,0.000284708,,,,,,,,,,,,,,,,,,,,,,,,,,,,,,,,,,,,,,,,
31399,125,,0.000284708,,,,,,,,,,,,,,,,,,,,,,,,,,,,,,,,,,,,,,,,
31449,125,,0.000284708,,,,,,,,,,,,,,,,,,,,,,,,,,,,,,,,,,,,,,,,
31499,125,125,0.000284708,4.9668,0,0.25166,0.123477,3.06063e-05,2.82237e-05,0.101943,4.68041e-05,0.169443,0.00648177,0.00647553,0.0129881,0,0.111063,0.23454,0,6.26025,16.2653,1.41997,0.182157,7.05304,0.0483689,0.0450539,0.0312119,0.01269,0.0198314,0.10577,0.0756566,0,0.433142,0,5.49782,17.2552,2.3933,0.334629,11.7305,0,0,0.505677,0
31549,126,,0.000281861,,,,,,,,,,,,,,,,,,,,,,,,,,,,,,,,,,,,,,,,
31599,126,,0.000281861,,,,,,,,,,,,,,,,,,,,,,,,,,,,,,,,,,,,,,,,
31649,126,,0.000281861,,,,,,,,,,,,,,,,,,,,,,,,,,,,,,,,,,,,,,,,
31699,126,,0.000281861,,,,,,,,,,,,,,,,,,,,,,,,,,,,,,,,,,,,,,,,
31749,126,126,0.000281861,4.90013,0,0.254993,0.11963,3.07133e-05,2.79171e-05,0.105683,4.60574e-05,0.158052,0.00639717,0.00638619,0.012819,0,0.111566,0.231195,0,6.20817,16.2593,1.45449,0.194213,7.61772,0.0488877,0.0456204,0.0308143,0.010076,0.0263317,0.105092,0.0753912,0,0.438391,0,5.51331,17.2659,2.38431,0.326672,11.7495,0,0,0.503292,0
31799,127,,0.000279042,,,,,,,,,,,,,,,,,,,,,,,,,,,,,,,,,,,,,,,,
31849,127,,0.000279042,,,,,,,,,,,,,,,,,,,,,,,,,,,,,,,,,,,,,,,,
31899,127,,0.000279042,,,,,,,,,,,,,,,,,,,,,,,,,,,,,,,,,,,,,,,,
31949,127,,0.000279042,,,,,,,,,,,,,,,,,,,,,,,,,,,,,,,,,,,,,,,,
31999,127,127,0.000279042,4.83347,0,0.258327,0.11706,3.02415e-05,2.77326e-05,0.105425,4.54582e-05,0.161365,0.00630716,0.00629914,0.0126338,0,0.1147,0.23176,0,6.14152,17.3484,1.55228,0.229078,9.07033,0.0514395,0.0453114,0.0306241,0.0152969,0.0379796,0.104323,0.0751018,0,0.477074,0,5.48964,17.3898,2.44635,0.346599,11.9878,0,0,0.511159,0
32049,128,,0.000276252,,,,,,,,,,,,,,,,,,,,,,,,,,,,,,,,,,,,,,,,
32099,128,,0.000276252,,,,,,,,,,,,,,,,,,,,,,,,,,,,,,,,,,,,,,,,
32149,128,,0.000276252,,,,,,,,,,,,,,,,,,,,,,,,,,,,,,,,,,,,,,,,
32199,128,,0.000276252,,,,,,,,,,,,,,,,,,,,,,,,,,,,,,,,,,,,,,,,
32249,128,128,0.000276252,4.7668,0,0.26166,0.121357,3.01589e-05,2.75741e-05,0.107362,4.52111e-05,0.186837,0.00622129,0.00621249,0.0124594,0,0.115801,0.237158,0,6.17267,16.4692,1.52322,0.213195,8.32243,0.0521442,0.04609,0.0313797,0.00940302,0.0426876,0.106859,0.0764463,0,0.449769,0,5.47029,17.2781,2.38929,0.3391,11.8393,0,0,0.508334,0
32299,129,,0.000273489,,,,,,,,,,,,,,,,,,,,,,,,,,,,,,,,,,,,,,,,
32349,129,,0.000273489,,,,,,,,,,,,,,,,,,,,,,,,,,,,,,,,,,,,,,,,
32399,129,,0.000273489,,,,,,,,,,,,,,,,,,,,,,,,,,,,,,,,,,,,,,,,
32449,129,,0.000273489,,,,,,,,,,,,,,,,,,,,,,,,,,,,,,,,,,,,,,,,
32499,129,129,0.000273489,4.70013,0,0.264993,0.11821,2.97914e-05,2.73986e-05,0.106727,4.44414e-05,0.178646,0.00613345,0.0061265,0.0122861,0,0.117955,0.236165,0,6.23237,15.8742,1.38369,0.170908,6.74605,0.0485417,0.0451946,0.0312436,0.00978632,0.0214895,0.106725,0.0768112,0,0.422516,0,5.59089,17.2331,2.39072,0.328279,11.7384,0,0,0.504322,0
32549,130,,0.000270754,,,,,,,,,,,,,,,,,,,,,,,,,,,,,,,,,,,,,,,,
32599,130,,0.000270754,,,,,,,,,,,,,,,,,,,,,,,,,,,,,,,,,,,,,,,,
32649,130,,0.000270754,,,,,,,,,,,,,,,,,,,,,,,,,,,,,,,,,,,,,,,,
32699,130,,0.000270754,,,,,,,,,,,,,,,,,,,,,,,,,,,,,,,,,,,,,,,,
32749,130,130,0.000270754,4.63347,0,0.268327,0.115457,3.04069e-05,2.73173e-05,0.113666,4.426e-05,0.167927,0.00605226,0.00604133,0.0121192,0,0.116392,0.23185,0,6.17582,16.1337,1.40605,0.177508,7.05265,0.0484947,0.0451046,0.030743,0.010541,0.0237543,0.104679,0.0761463,0,0.431542,0,5.58847,17.3166,2.41339,0.337589,11.9014,0,0,0.510024,0
32799,131,,0.000268047,,,,,,,,,,,,,,,,,,,,,,,,,,,,,,,,,,,,,,,,
32849,131,,0.000268047,,,,,,,,,,,,,,,,,,,,,,,,,,,,,,,,,,,,,,,,
32899,131,,0.000268047,,,,,,,,,,,,,,,,,,,,,,,,,,,,,,,,,,,,,,,,
32949,131,,0.000268047,,,,,,,,,,,,,,,,,,,,,,,,,,,,,,,,,,,,,,,,
32999,131,131,0.000268047,4.5668,0,0.27166,0.112798,3.01213e-05,2.69778e-05,0.111284,4.3548e-05,0.159069,0.00596763,0.00595432,0.0119454,0,0.117734,0.230533,0,6.20758,15.9454,1.41891,0.176618,7.27638,0.0488433,0.0451278,0.0319205,0.00984818,0.0266356,0.10433,0.0751977,0,0.424216,0,5.56867,17.2295,2.39059,0.336397,11.81,0,0,0.506165,0
33049,132,,0.000265366,,,,,,,,,,,,,,,,,,,,,,,,,,,,,,,,,,,,,,,,
33099,132,,0.000265366,,,,,,,,,,,,,,,,,,,,,,,,,,,,,,,,,,,,,,,,
33149,132,,0.000265366,,,,,,,,,,,,,,,,,,,,,,,,,,,,,,,,,,,,,,,,
33199,132,,0.000265366,,,,,,,,,,,,,,,,,,,,,,,,,,,,,,,,,,,,,,,,
33249,132,132,0.000265366,4.50013,0,0.274993,0.110689,2.97124e-05,2.68492e-05,0.114833,4.29158e-05,0.17026,0.00587727,0.00586769,0.0117815,0,0.120065,0.230754,0,6.17241,15.5736,1.34916,0.15855,6.36432,0.0475632,0.0463164,0.0317432,0.0095586,0.0185048,0.103764,0.0754924,0,0.410685,0,5.57266,17.2757,2.42575,0.337869,11.849,0,0,0.508369,0
33299,133,,0.000262713,,,,,,,,,,,,,,,,,,,,,,,,,,,,,,,,,,,,,,,,
33349,133,,0.000262713,,,,,,,,,,,,,,,,,,,,,,,,,,,,,,,,,,,,,,,,
33399,133,,0.000262713,,,,,,,,,,,,,,,,,,,,,,,,,,,,,,,,,,,,,,,,
33449,133,,0.000262713,,,,,,,,,,,,,,,,,,,,,,,,,,,,,,,,,,,,,,,,
33499,133,133,0.000262713,4.43347,0,0.278327,0.103749,2.97049e-05,2.67612e-05,0.119296,4.25838e-05,0.177726,0.00579132,0.00578113,0.0115997,0,0.118891,0.22264,0,6.11403,15.7998,1.44418,0.188726,7.34161,0.0478724,0.0448202,0.031303,0.00881903,0.0250475,0.103403,0.0738412,0,0.424687,0,5.51216,17.2426,2.41378,0.335215,11.8167,0,0,0.505593,0
33549,134,,0.000260085,,,,,,,,,,,,,,,,,,,,,,,,,,,,,,,,,,,,,,,,
33599,134,,0.000260085,,,,,,,,,,,,,,,,,,,,,,,,,,,,,,,,,,,,,,,,
33649,134,,0.000260085,,,,,,,,,,,,,,,,,,,,,,,,,,,,,,,,,,,,,,,,
33699,134,,0.000260085,,,,,,,,,,,,,,,,,,,,,,,,,,,,,,,,,,,,,,,,
33749,134,134,0.000260085,4.3668,0,0.28166,0.10088,2.97593e-05,2.64247e-05,0.117619,4.19856e-05,0.174455,0.00570538,0.00569213,0.0114317,0,0.11966,0.22054,0,6.12229,16.085,1.39157,0.181062,6.89421,0.0479324,0.0453351,0.0306447,0.0122716,0.0176836,0.104712,0.0769472,0,0.431572,0,5.41686,17.3403,2.39554,0.341581,11.7444,0,0,0.508294,0
33799,135,,0.000257485,,,,,,,,,,,,,,,,,,,,,,,,,,,,,,,,,,,,,,,,
33849,135,,0.000257485,,,,,,,,,,,,,,,,,,,,,,,,,,,,,,,,,,,,,,,,
33899,135,,0.000257485,,,,,,,,,,,,,,,,,,,,,,,,,,,,,,,,,,,,,,,,
33949,135,,0.000257485,,,,,,,,,,,,,,,,,,,,,,,,,,,,,,,,,,,,,,,,
33999,135,135,0.000257485,4.30013,0,0.284993,0.0987252,2.92472e-05,2.62884e-05,0.126058,4.14324e-05,0.175376,0.00562269,0.0056082,0.011259,0,0.121846,0.220571,0,6.15437,15.6119,1.37311,0.167528,6.704,0.0478767,0.044938,0.0324598,0.0102504,0.0189337,0.104405,0.0762733,0,0.413993,0,5.50759,17.2905,2.38479,0.333137,11.7572,0,0,0.504563,0
34049,136,,0.00025491,,,,,,,,,,,,,,,,,,,,,,,,,,,,,,,,,,,,,,,,
34099,136,,0.00025491,,,,,,,,,,,,,,,,,,,,,,,,,,,,,,,,,,,,,,,,
34149,136,,0.00025491,,,,,,,,,,,,,,,,,,,,,,,,,,,,,,,,,,,,,,,,
34199,136,,0.00025491,,,,,,,,,,,,,,,,,,,,,,,,,,,,,,,,,,,,,,,,
34249,136,136,0.00025491,4.23347,0,0.288327,0.0978948,2.8901e-05,2.59963e-05,0.118499,4.08649e-05,0.179364,0.0055308,0.00551896,0.011078,0,0.126111,0.224006,0,6.19413,15.9415,1.40742,0.174685,7.03612,0.047512,0.0453947,0.0312625,0.010752,0.0179225,0.102994,0.0767464,0,0.425882,0,5.49405,17.1869,2.36491,0.327879,11.6821,0,0,0.500652,0
34299,137,,0.000252361,,,,,,,,,,,,,,,,,,,,,,,,,,,,,,,,,,,,,,,,
34349,137,,0.000252361,,,,,,,,,,,,,,,,,,,,,,,,,,,,,,,,,,,,,,,,
34399,137,,0.000252361,,,,,,,,,,,,,,,,,,,,,,,,,,,,,,,,,,,,,,,,
34449,137,,0.000252361,,,,,,,,,,,,,,,,,,,,,,,,,,,,,,,,,,,,,,,,
34499,137,137,0.000252361,4.1668,0,0.29166,0.110013,2.85325e-05,2.5445e-05,0.110615,4.00708e-05,0.220495,0.00544034,0.00543297,0.0109059,0,0.131378,0.241391,0,6.22028,16.8669,1.68334,0.254089,9.94958,0.0559287,0.0455696,0.0310984,0.0107801,0.0683355,0.105379,0.0744091,0,0.467058,0,5.53093,17.2196,2.40744,0.34155,11.9709,0,0,0.504639,0
34549,138,,0.000249837,,,,,,,,,,,,,,,,,,,,,,,,,,,,,,,,,,,,,,,,
34599,138,,0.000249837,,,,,,,,,,,,,,,,,,,,,,,,,,,,,,,,,,,,,,,,
34649,138,,0.000249837,,,,,,,,,,,,,,,,,,,,,,,,,,,,,,,,,,,,,,,,
34699,138,,0.000249837,,,,,,,,,,,,,,,,,,,,,,,,,,,,,,,,,,,,,,,,
34749,138,138,0.000249837,4.10013,0,0.294993,0.114761,2.78954e-05,2.54792e-05,0.112608,3.9624e-05,0.225935,0.00535445,0.00534413,0.0107371,0,0.134747,0.249507,0,6.16231,16.2628,1.46259,0.194696,7.78667,0.049032,0.0458268,0.0307961,0.0124519,0.0240182,0.105601,0.0754976,0,0.43494,0,5.48584,17.4261,2.40118,0.339516,12.0698,0,0,0.508639,0
34799,139,,0.000247339,,,,,,,,,,,,,,,,,,,,,,,,,,,,,,,,,,,,,,,,
34849,139,,0.000247339,,,,,,,,,,,,,,,,,,,,,,,,,,,,,,,,,,,,,,,,
34899,139,,0.000247339,,,,,,,,,,,,,,,,,,,,,,,,,,,,,,,,,,,,,,,,
34949,139,,0.000247339,,,,,,,,,,,,,,,,,,,,,,,,,,,,,,,,,,,,,,,,
34999,139,139,0.000247339,4.03347,0,0.298327,0.105819,2.79514e-05,2.52296e-05,0.111834,3.90969e-05,0.196985,0.005266,0.00525871,0.0105708,0,0.136161,0.241981,0,6.28023,16.1305,1.47024,0.195068,7.70272,0.0497298,0.0467928,0.0319531,0.00993434,0.0300239,0.103972,0.0757033,0,0.434522,0,5.66446,17.2462,2.39855,0.328176,11.8289,0,0,0.501573,0
35049,140,,0.000244865,,,,,,,,,,,,,,,,,,,,,,,,,,,,,,,,,,,,,,,,
35099,140,,0.000244865,,,,,,,,,,,,,,,,,,,,,,,,,,,,,,,,,,,,,,,,
35149,140,,0.000244865,,,,,,,,,,,,,,,,,,,,,,,,,,,,,,,,,,,,,,,,
35199,140,,0.000244865,,,,,,,,,,,,,,,,,,,,,,,,,,,,,,,,,,,,,,,,
