step,epoch,epoch,lr-Adam,lw/param_w,lw/perc_w,lw/sw_w,train/param,train/param_grad/AMP_0,train/param_grad/AMP_1,train/param_grad/BFRQ_0,train/param_grad/CUTOFF_0,train/param_grad/MULT_0,train/param_grad/M_OSC_0,train/param_grad/M_OSC_1,train/param_grad/Q_FILT_0,train/perc,train/spec,train/total,train/wave,val_id/loud,val_id/lsd,val_id/mfcc,val_id/param,val_id/perc,val_id/spec,val_id/wave,val_ood/loud,val_ood/lsd,val_ood/mfcc,val_ood/param,val_ood/perc,val_ood/spec,val_ood/wave
0,0,,,,,,,,,,,,,,,,,,,,40,,,,,,,40,,,,,
50049,200,,0.00013398,,,,,,,,,,,,,,,,,,,,,,,,,,,,,,
50099,200,,0.00013398,,,,,,,,,,,,,,,,,,,,,,,,,,,,,,
50149,200,,0.00013398,,,,,,,,,,,,,,,,,,,,,,,,,,,,,,
50199,200,,0.00013398,,,,,,,,,,,,,,,,,,,,,,,,,,,,,,
50249,200,200,0.00013398,0,0,1,0,0.000594314,0.000157223,0.647813,0.00017245,0.0521226,0.0118516,0.000429803,0.0132096,0,5.09032,5.09032,0,9.12064,14.8943,1.87509,0.133404,0,4.28408,0,8.6706,16.49,2.38167,0,0,5.07314,0
50299,201,,0.00013264,,,,,,,,,,,,,,,,,,,,,,,,,,,,,,
50349,201,,0.00013264,,,,,,,,,,,,,,,,,,,,,,,,,,,,,,
50399,201,,0.00013264,,,,,,,,,,,,,,,,,,,,,,,,,,,,,,
50449,201,,0.00013264,,,,,,,,,,,,,,,,,,,,,,,,,,,,,,
50499,201,201,0.00013264,0,0,1,0,0.000554317,0.00011472,0.946092,0.000174323,0.0475979,0.0134641,0.000127983,0.0141824,0,4.83194,4.83194,0,9.14139,14.4819,1.88178,0.137594,0,4.14248,0,8.85643,16.3665,2.37909,0,0,4.96479,0
50549,202,,0.000131313,,,,,,,,,,,,,,,,,,,,,,,,,,,,,,
50599,202,,0.000131313,,,,,,,,,,,,,,,,,,,,,,,,,,,,,,
50649,202,,0.000131313,,,,,,,,,,,,,,,,,,,,,,,,,,,,,,
50699,202,,0.000131313,,,,,,,,,,,,,,,,,,,,,,,,,,,,,,
50749,202,202,0.000131313,0,0,1,0,0.000568241,0.000100098,1.15615,0.000200019,0.0426295,0.0153609,0.000115594,0.0145614,0,4.74145,4.74145,0,8.99385,14.4411,1.87412,0.140687,0,4.15391,0,8.3995,16.2406,2.30878,0,0,4.91245,0
50799,203,,0.00013,,,,,,,,,,,,,,,,,,,,,,,,,,,,,,
50849,203,,0.00013,,,,,,,,,,,,,,,,,,,,,,,,,,,,,,
50899,203,,0.00013,,,,,,,,,,,,,,,,,,,,,,,,,,,,,,
50949,203,,0.00013,,,,,,,,,,,,,,,,,,,,,,,,,,,,,,
50999,203,203,0.00013,0,0,1,0,0.00057385,8.96476e-05,1.42582,0.000219825,0.0394071,0.0162967,8.3098e-05,0.0159282,0,4.61976,4.61976,0,8.67953,14.8316,1.8522,0.141618,0,4.19164,0,7.92675,16.0455,2.24145,0,0,4.80629,0
51049,204,,0.0001287,,,,,,,,,,,,,,,,,,,,,,,,,,,,,,
51099,204,,0.0001287,,,,,,,,,,,,,,,,,,,,,,,,,,,,,,
51149,204,,0.0001287,,,,,,,,,,,,,,,,,,,,,,,,,,,,,,
51199,204,,0.0001287,,,,,,,,,,,,,,,,,,,,,,,,,,,,,,
51249,204,204,0.0001287,0,0,1,0,0.000590558,8.64841e-05,1.51979,0.000231421,0.0393988,0.0173233,7.82501e-05,0.0172185,0,4.55506,4.55506,0,8.65263,14.5328,1.85523,0.13688,0,4.11344,0,8.1989,16.0597,2.26739,0,0,4.79183,0
51299,205,,0.000127413,,,,,,,,,,,,,,,,,,,,,,,,,,,,,,
51349,205,,0.000127413,,,,,,,,,,,,,,,,,,,,,,,,,,,,,,
51399,205,,0.000127413,,,,,,,,,,,,,,,,,,,,,,,,,,,,,,
51449,205,,0.000127413,,,,,,,,,,,,,,,,,,,,,,,,,,,,,,
51499,205,205,0.000127413,0,0,1,0,0.000600046,7.80836e-05,1.60821,0.000255338,0.0338498,0.0183547,8.02328e-05,0.0176273,0,4.48887,4.48887,0,8.66448,15.2074,1.91897,0.147416,0,4.34396,0,8.02346,16.1185,2.24498,0,0,4.86672,0
51549,206,,0.000126139,,,,,,,,,,,,,,,,,,,,,,,,,,,,,,
51599,206,,0.000126139,,,,,,,,,,,,,,,,,,,,,,,,,,,,,,
51649,206,,0.000126139,,,,,,,,,,,,,,,,,,,,,,,,,,,,,,
51699,206,,0.000126139,,,,,,,,,,,,,,,,,,,,,,,,,,,,,,
51749,206,206,0.000126139,0,0,1,0,0.000588285,6.75445e-05,1.83594,0.000258384,0.0306093,0.0186345,8.14101e-05,0.0175045,0,4.44883,4.44883,0,8.46125,14.6011,1.87672,0.150687,0,4.11688,0,7.71482,15.7582,2.17563,0,0,4.62729,0
51799,207,,0.000124878,,,,,,,,,,,,,,,,,,,,,,,,,,,,,,
51849,207,,0.000124878,,,,,,,,,,,,,,,,,,,,,,,,,,,,,,
51899,207,,0.000124878,,,,,,,,,,,,,,,,,,,,,,,,,,,,,,
51949,207,,0.000124878,,,,,,,,,,,,,,,,,,,,,,,,,,,,,,
51999,207,207,0.000124878,0,0,1,0,0.000599708,7.04118e-05,2.01834,0.000268163,0.0340837,0.0194023,7.94773e-05,0.0185548,0,4.38125,4.38125,0,8.61226,14.2963,1.86579,0.143505,0,4.02191,0,7.81504,15.7293,2.18276,0,0,4.60191,0
52049,208,,0.000123629,,,,,,,,,,,,,,,,,,,,,,,,,,,,,,
52099,208,,0.000123629,,,,,,,,,,,,,,,,,,,,,,,,,,,,,,
52149,208,,0.000123629,,,,,,,,,,,,,,,,,,,,,,,,,,,,,,
52199,208,,0.000123629,,,,,,,,,,,,,,,,,,,,,,,,,,,,,,
52249,208,208,0.000123629,0,0,1,0,0.000606112,8.21469e-05,2.04012,0.000266425,0.0542633,0.0194116,9.62798e-05,0.0183435,0,4.38868,4.38868,0,8.14845,14.2898,1.78103,0.139227,0,4.11109,0,7.52617,15.6153,2.16779,0,0,4.58821,0
52299,209,,0.000122393,,,,,,,,,,,,,,,,,,,,,,,,,,,,,,
52349,209,,0.000122393,,,,,,,,,,,,,,,,,,,,,,,,,,,,,,
52399,209,,0.000122393,,,,,,,,,,,,,,,,,,,,,,,,,,,,,,
52449,209,,0.000122393,,,,,,,,,,,,,,,,,,,,,,,,,,,,,,
52499,209,209,0.000122393,0,0,1,0,0.000606062,7.33309e-05,2.16098,0.000260032,0.0465906,0.0202915,8.33724e-05,0.0192371,0,4.33265,4.33265,0,8.59711,14.4884,1.91254,0.153071,0,4.0714,0,7.70753,15.8198,2.18068,0,0,4.67002,0
52549,210,,0.000121169,,,,,,,,,,,,,,,,,,,,,,,,,,,,,,
52599,210,,0.000121169,,,,,,,,,,,,,,,,,,,,,,,,,,,,,,
52649,210,,0.000121169,,,,,,,,,,,,,,,,,,,,,,,,,,,,,,
52699,210,,0.000121169,,,,,,,,,,,,,,,,,,,,,,,,,,,,,,
52749,210,210,0.000121169,0,0,1,0,0.000606462,7.01846e-05,2.24267,0.000279129,0.04029,0.0201086,7.85568e-05,0.018612,0,4.2928,4.2928,0,8.60775,14.3242,1.87554,0.150247,0,4.0589,0,7.70571,15.5665,2.18221,0,0,4.52398,0
52799,211,,0.000119957,,,,,,,,,,,,,,,,,,,,,,,,,,,,,,
52849,211,,0.000119957,,,,,,,,,,,,,,,,,,,,,,,,,,,,,,
52899,211,,0.000119957,,,,,,,,,,,,,,,,,,,,,,,,,,,,,,
52949,211,,0.000119957,,,,,,,,,,,,,,,,,,,,,,,,,,,,,,
52999,211,211,0.000119957,0,0,1,0,0.000613368,7.15318e-05,2.32022,0.000294123,0.0394461,0.0211245,7.6405e-05,0.0190189,0,4.26534,4.26534,0,8.32981,14.3794,1.84107,0.151722,0,4.16068,0,7.43018,15.5682,2.14616,0,0,4.49937,0
53049,212,,0.000118758,,,,,,,,,,,,,,,,,,,,,,,,,,,,,,
53099,212,,0.000118758,,,,,,,,,,,,,,,,,,,,,,,,,,,,,,
53149,212,,0.000118758,,,,,,,,,,,,,,,,,,,,,,,,,,,,,,
53199,212,,0.000118758,,,,,,,,,,,,,,,,,,,,,,,,,,,,,,
53249,212,212,0.000118758,0,0,1,0,0.000617718,7.56114e-05,2.36677,0.000294063,0.0433117,0.0210777,7.96697e-05,0.0190324,0,4.22389,4.22389,0,8.27725,14.3191,1.8465,0.148721,0,4.15949,0,7.40233,15.5791,2.15447,0,0,4.60602,0
53299,213,,0.00011757,,,,,,,,,,,,,,,,,,,,,,,,,,,,,,
53349,213,,0.00011757,,,,,,,,,,,,,,,,,,,,,,,,,,,,,,
53399,213,,0.00011757,,,,,,,,,,,,,,,,,,,,,,,,,,,,,,
53449,213,,0.00011757,,,,,,,,,,,,,,,,,,,,,,,,,,,,,,
53499,213,213,0.00011757,0,0,1,0,0.000628766,7.11637e-05,2.44852,0.000308593,0.039914,0.0225626,8.33796e-05,0.0209751,0,4.2171,4.2171,0,8.44498,14.46,1.85565,0.148756,0,4.11788,0,7.43945,15.433,2.13378,0,0,4.43157,0
53549,214,,0.000116394,,,,,,,,,,,,,,,,,,,,,,,,,,,,,,
53599,214,,0.000116394,,,,,,,,,,,,,,,,,,,,,,,,,,,,,,
53649,214,,0.000116394,,,,,,,,,,,,,,,,,,,,,,,,,,,,,,
53699,214,,0.000116394,,,,,,,,,,,,,,,,,,,,,,,,,,,,,,
53749,214,214,0.000116394,0,0,1,0,0.000615988,7.659e-05,2.48565,0.000297366,0.0526052,0.0225735,8.05036e-05,0.0210121,0,4.18274,4.18274,0,8.33225,14.4541,1.83284,0.151907,0,4.11513,0,7.313,15.3951,2.11334,0,0,4.42617,0
53799,215,,0.00011523,,,,,,,,,,,,,,,,,,,,,,,,,,,,,,
53849,215,,0.00011523,,,,,,,,,,,,,,,,,,,,,,,,,,,,,,
53899,215,,0.00011523,,,,,,,,,,,,,,,,,,,,,,,,,,,,,,
53949,215,,0.00011523,,,,,,,,,,,,,,,,,,,,,,,,,,,,,,
53999,215,215,0.00011523,0,0,1,0,0.000616532,6.97866e-05,2.54306,0.000299934,0.0394649,0.0230542,6.68818e-05,0.0208178,0,4.17203,4.17203,0,8.62319,14.5643,1.91416,0.158992,0,4.14478,0,7.70636,15.5546,2.16287,0,0,4.46788,0
54049,216,,0.000114078,,,,,,,,,,,,,,,,,,,,,,,,,,,,,,
54099,216,,0.000114078,,,,,,,,,,,,,,,,,,,,,,,,,,,,,,
54149,216,,0.000114078,,,,,,,,,,,,,,,,,,,,,,,,,,,,,,
54199,216,,0.000114078,,,,,,,,,,,,,,,,,,,,,,,,,,,,,,
54249,216,216,0.000114078,0,0,1,0,0.000622788,7.71544e-05,2.53795,0.000295954,0.0502542,0.0224963,7.34436e-05,0.0207271,0,4.16083,4.16083,0,8.46254,14.3981,1.87947,0.155983,0,4.09852,0,7.38916,15.457,2.13685,0,0,4.4229,0
54299,217,,0.000112937,,,,,,,,,,,,,,,,,,,,,,,,,,,,,,
54349,217,,0.000112937,,,,,,,,,,,,,,,,,,,,,,,,,,,,,,
54399,217,,0.000112937,,,,,,,,,,,,,,,,,,,,,,,,,,,,,,
54449,217,,0.000112937,,,,,,,,,,,,,,,,,,,,,,,,,,,,,,
54499,217,217,0.000112937,0,0,1,0,0.000618053,6.75256e-05,2.66866,0.000294855,0.0447376,0.0227731,6.92644e-05,0.0215196,0,4.10136,4.10136,0,8.41167,14.2854,1.86446,0.149249,0,4.06057,0,7.49818,15.5237,2.12144,0,0,4.49878,0
54549,218,,0.000111808,,,,,,,,,,,,,,,,,,,,,,,,,,,,,,
54599,218,,0.000111808,,,,,,,,,,,,,,,,,,,,,,,,,,,,,,
54649,218,,0.000111808,,,,,,,,,,,,,,,,,,,,,,,,,,,,,,
54699,218,,0.000111808,,,,,,,,,,,,,,,,,,,,,,,,,,,,,,
54749,218,218,0.000111808,0,0,1,0,0.000626164,7.77649e-05,2.75548,0.00031051,0.0531824,0.0232213,7.71367e-05,0.0211189,0,4.09537,4.09537,0,8.28499,14.3252,1.86667,0.150149,0,4.06539,0,7.28451,15.3836,2.1175,0,0,4.36412,0
54799,219,,0.00011069,,,,,,,,,,,,,,,,,,,,,,,,,,,,,,
54849,219,,0.00011069,,,,,,,,,,,,,,,,,,,,,,,,,,,,,,
54899,219,,0.00011069,,,,,,,,,,,,,,,,,,,,,,,,,,,,,,
54949,219,,0.00011069,,,,,,,,,,,,,,,,,,,,,,,,,,,,,,
54999,219,219,0.00011069,0,0,1,0,0.000620462,7.06427e-05,2.79763,0.000313628,0.0410388,0.0229118,7.17283e-05,0.0207306,0,4.0559,4.0559,0,8.37144,14.3663,1.86126,0.152264,0,4.09382,0,7.36401,15.4811,2.11588,0,0,4.37709,0
55049,220,,0.000109583,,,,,,,,,,,,,,,,,,,,,,,,,,,,,,
55099,220,,0.000109583,,,,,,,,,,,,,,,,,,,,,,,,,,,,,,
55149,220,,0.000109583,,,,,,,,,,,,,,,,,,,,,,,,,,,,,,
55199,220,,0.000109583,,,,,,,,,,,,,,,,,,,,,,,,,,,,,,
55249,220,220,0.000109583,0,0,1,0,0.000614373,7.70149e-05,2.82923,0.000311551,0.060626,0.0227643,8.07192e-05,0.0214161,0,4.07949,4.07949,0,8.37424,14.6022,1.87625,0.150863,0,4.18394,0,7.39817,15.2903,2.13488,0,0,4.37128,0
55299,221,,0.000108487,,,,,,,,,,,,,,,,,,,,,,,,,,,,,,
55349,221,,0.000108487,,,,,,,,,,,,,,,,,,,,,,,,,,,,,,
55399,221,,0.000108487,,,,,,,,,,,,,,,,,,,,,,,,,,,,,,
55449,221,,0.000108487,,,,,,,,,,,,,,,,,,,,,,,,,,,,,,
55499,221,221,0.000108487,0,0,1,0,0.000621966,9.18902e-05,2.83336,0.000314009,0.0787092,0.0225914,0.000102263,0.0206274,0,4.03229,4.03229,0,8.23405,14.3188,1.84823,0.157047,0,4.09863,0,7.15539,15.2522,2.09967,0,0,4.36131,0
55549,222,,0.000107402,,,,,,,,,,,,,,,,,,,,,,,,,,,,,,
55599,222,,0.000107402,,,,,,,,,,,,,,,,,,,,,,,,,,,,,,
55649,222,,0.000107402,,,,,,,,,,,,,,,,,,,,,,,,,,,,,,
55699,222,,0.000107402,,,,,,,,,,,,,,,,,,,,,,,,,,,,,,
55749,222,222,0.000107402,0,0,1,0,0.000619771,7.50819e-05,3.01986,0.000319387,0.047784,0.0236702,8.05384e-05,0.0214516,0,4.02468,4.02468,0,8.17887,14.2842,1.83264,0.156398,0,4.06411,0,7.1885,15.225,2.07591,0,0,4.29455,0
55799,223,,0.000106328,,,,,,,,,,,,,,,,,,,,,,,,,,,,,,
55849,223,,0.000106328,,,,,,,,,,,,,,,,,,,,,,,,,,,,,,
55899,223,,0.000106328,,,,,,,,,,,,,,,,,,,,,,,,,,,,,,
55949,223,,0.000106328,,,,,,,,,,,,,,,,,,,,,,,,,,,,,,
55999,223,223,0.000106328,0,0,1,0,0.000628587,7.61416e-05,2.97158,0.000332152,0.0481197,0.0240062,7.22557e-05,0.0219745,0,3.99624,3.99624,0,8.22897,14.2315,1.8313,0.156927,0,4.07413,0,7.10668,15.2542,2.07796,0,0,4.29169,0
56049,224,,0.000105265,,,,,,,,,,,,,,,,,,,,,,,,,,,,,,
56099,224,,0.000105265,,,,,,,,,,,,,,,,,,,,,,,,,,,,,,
56149,224,,0.000105265,,,,,,,,,,,,,,,,,,,,,,,,,,,,,,
56199,224,,0.000105265,,,,,,,,,,,,,,,,,,,,,,,,,,,,,,
56249,224,224,0.000105265,0,0,1,0,0.000604875,8.17379e-05,2.98542,0.000311374,0.0707204,0.023005,8.30207e-05,0.0212682,0,4.0402,4.0402,0,8.21173,14.3849,1.83864,0.155171,0,4.11306,0,7.34662,15.3041,2.09197,0,0,4.33161,0
56299,225,,0.000104212,,,,,,,,,,,,,,,,,,,,,,,,,,,,,,
56349,225,,0.000104212,,,,,,,,,,,,,,,,,,,,,,,,,,,,,,
56399,225,,0.000104212,,,,,,,,,,,,,,,,,,,,,,,,,,,,,,
56449,225,,0.000104212,,,,,,,,,,,,,,,,,,,,,,,,,,,,,,
56499,225,225,0.000104212,0,0,1,0,0.000617706,7.76119e-05,2.99592,0.000319071,0.0519836,0.0240666,7.71852e-05,0.022248,0,4.00412,4.00412,0,8.15048,14.2649,1.84029,0.157208,0,4.12205,0,7.10417,15.2162,2.07717,0,0,4.30587,0
56549,226,,0.00010317,,,,,,,,,,,,,,,,,,,,,,,,,,,,,,
56599,226,,0.00010317,,,,,,,,,,,,,,,,,,,,,,,,,,,,,,
56649,226,,0.00010317,,,,,,,,,,,,,,,,,,,,,,,,,,,,,,
56699,226,,0.00010317,,,,,,,,,,,,,,,,,,,,,,,,,,,,,,
56749,226,226,0.00010317,0,0,1,0,0.000625156,6.84832e-05,3.08361,0.000319965,0.0423352,0.0234593,6.69911e-05,0.02166,0,3.97777,3.97777,0,8.14501,14.3328,1.82078,0.158782,0,4.07078,0,7.24021,15.1811,2.10267,0,0,4.24843,0
56799,227,,0.000102138,,,,,,,,,,,,,,,,,,,,,,,,,,,,,,
56849,227,,0.000102138,,,,,,,,,,,,,,,,,,,,,,,,,,,,,,
56899,227,,0.000102138,,,,,,,,,,,,,,,,,,,,,,,,,,,,,,
56949,227,,0.000102138,,,,,,,,,,,,,,,,,,,,,,,,,,,,,,
56999,227,227,0.000102138,0,0,1,0,0.000623633,6.92278e-05,3.02544,0.00032594,0.0384624,0.0240229,6.98988e-05,0.0224112,0,3.94064,3.94064,0,8.24281,14.3581,1.839,0.15711,0,4.12803,0,7.0922,15.1482,2.07865,0,0,4.26973,0
57049,228,,0.000101117,,,,,,,,,,,,,,,,,,,,,,,,,,,,,,
57099,228,,0.000101117,,,,,,,,,,,,,,,,,,,,,,,,,,,,,,
57149,228,,0.000101117,,,,,,,,,,,,,,,,,,,,,,,,,,,,,,
57199,228,,0.000101117,,,,,,,,,,,,,,,,,,,,,,,,,,,,,,
57249,228,228,0.000101117,0,0,1,0,0.000622319,6.87647e-05,3.20686,0.000326528,0.0376815,0.0244158,7.17275e-05,0.0216407,0,3.93689,3.93689,0,8.19424,14.5066,1.83672,0.158671,0,4.1928,0,7.06642,15.168,2.06383,0,0,4.26729,0
57299,229,,0.000100106,,,,,,,,,,,,,,,,,,,,,,,,,,,,,,
57349,229,,0.000100106,,,,,,,,,,,,,,,,,,,,,,,,,,,,,,
57399,229,,0.000100106,,,,,,,,,,,,,,,,,,,,,,,,,,,,,,
57449,229,,0.000100106,,,,,,,,,,,,,,,,,,,,,,,,,,,,,,
57499,229,229,0.000100106,0,0,1,0,0.000621589,6.97502e-05,3.1539,0.000340825,0.0380966,0.0249461,6.79377e-05,0.0221851,0,3.95026,3.95026,0,8.23201,14.3775,1.85145,0.160398,0,4.08625,0,7.13616,15.1376,2.07565,0,0,4.24761,0
57549,230,,9.91048e-05,,,,,,,,,,,,,,,,,,,,,,,,,,,,,,
57599,230,,9.91048e-05,,,,,,,,,,,,,,,,,,,,,,,,,,,,,,
57649,230,,9.91048e-05,,,,,,,,,,,,,,,,,,,,,,,,,,,,,,
57699,230,,9.91048e-05,,,,,,,,,,,,,,,,,,,,,,,,,,,,,,
57749,230,230,9.91048e-05,0,0,1,0,0.000625072,6.89939e-05,3.20704,0.000335778,0.0384457,0.0239247,7.27225e-05,0.021535,0,3.91784,3.91784,0,8.33666,14.3262,1.84314,0.157243,0,4.09172,0,7.13194,14.9869,2.07429,0,0,4.18149,0
57799,231,,9.81138e-05,,,,,,,,,,,,,,,,,,,,,,,,,,,,,,
57849,231,,9.81138e-05,,,,,,,,,,,,,,,,,,,,,,,,,,,,,,
57899,231,,9.81138e-05,,,,,,,,,,,,,,,,,,,,,,,,,,,,,,
57949,231,,9.81138e-05,,,,,,,,,,,,,,,,,,,,,,,,,,,,,,
57999,231,231,9.81138e-05,0,0,1,0,0.000640212,7.53033e-05,3.25801,0.000364874,0.0528176,0.0261979,8.03467e-05,0.0240745,0,3.91592,3.91592,0,8.30309,14.3501,1.83768,0.155179,0,4.11366,0,7.23036,14.9605,2.09715,0,0,4.23561,0
58049,232,,9.71326e-05,,,,,,,,,,,,,,,,,,,,,,,,,,,,,,
58099,232,,9.71326e-05,,,,,,,,,,,,,,,,,,,,,,,,,,,,,,
58149,232,,9.71326e-05,,,,,,,,,,,,,,,,,,,,,,,,,,,,,,
58199,232,,9.71326e-05,,,,,,,,,,,,,,,,,,,,,,,,,,,,,,
58249,232,232,9.71326e-05,0,0,1,0,0.0006137,8.039e-05,3.36426,0.000342654,0.0607905,0.024065,9.61153e-05,0.0219607,0,3.93212,3.93212,0,8.23372,14.1436,1.84022,0.153908,0,4.04299,0,7.16422,14.8913,2.09066,0,0,4.19496,0
58299,233,,9.61613e-05,,,,,,,,,,,,,,,,,,,,,,,,,,,,,,
58349,233,,9.61613e-05,,,,,,,,,,,,,,,,,,,,,,,,,,,,,,
58399,233,,9.61613e-05,,,,,,,,,,,,,,,,,,,,,,,,,,,,,,
58449,233,,9.61613e-05,,,,,,,,,,,,,,,,,,,,,,,,,,,,,,
58499,233,233,9.61613e-05,0,0,1,0,0.00059984,8.70225e-05,3.32473,0.000336227,0.087702,0.0235945,9.93318e-05,0.0211621,0,3.91859,3.91859,0,8.21085,14.6598,1.85517,0.152978,0,4.20164,0,7.1772,15.0688,2.0952,0,0,4.27244,0
58549,234,,9.51997e-05,,,,,,,,,,,,,,,,,,,,,,,,,,,,,,
58599,234,,9.51997e-05,,,,,,,,,,,,,,,,,,,,,,,,,,,,,,
58649,234,,9.51997e-05,,,,,,,,,,,,,,,,,,,,,,,,,,,,,,
58699,234,,9.51997e-05,,,,,,,,,,,,,,,,,,,,,,,,,,,,,,
58749,234,234,9.51997e-05,0,0,1,0,0.000615577,7.36124e-05,3.26916,0.000335025,0.0646476,0.0243366,8.50483e-05,0.0220115,0,3.85485,3.85485,0,8.09994,14.224,1.83802,0.153564,0,4.06448,0,7.01027,14.8459,2.07981,0,0,4.15612,0
58799,235,,9.42477e-05,,,,,,,,,,,,,,,,,,,,,,,,,,,,,,
58849,235,,9.42477e-05,,,,,,,,,,,,,,,,,,,,,,,,,,,,,,
58899,235,,9.42477e-05,,,,,,,,,,,,,,,,,,,,,,,,,,,,,,
58949,235,,9.42477e-05,,,,,,,,,,,,,,,,,,,,,,,,,,,,,,
58999,235,235,9.42477e-05,0,0,1,0,0.000613529,7.01465e-05,3.3118,0.000332363,0.0625134,0.0243768,8.29918e-05,0.0225201,0,3.88521,3.88521,0,7.97059,14.2675,1.81728,0.157537,0,4.14661,0,6.82019,15.0732,2.07858,0,0,4.38994,0
59049,236,,9.33052e-05,,,,,,,,,,,,,,,,,,,,,,,,,,,,,,
59099,236,,9.33052e-05,,,,,,,,,,,,,,,,,,,,,,,,,,,,,,
59149,236,,9.33052e-05,,,,,,,,,,,,,,,,,,,,,,,,,,,,,,
59199,236,,9.33052e-05,,,,,,,,,,,,,,,,,,,,,,,,,,,,,,
59249,236,236,9.33052e-05,0,0,1,0,0.00062178,6.42321e-05,3.34883,0.00034234,0.0457736,0.0252277,7.55417e-05,0.0229143,0,3.88725,3.88725,0,8.13377,14.4275,1.86027,0.157996,0,4.17461,0,7.04709,15.2221,2.08741,0,0,4.44685,0
59299,237,,9.23722e-05,,,,,,,,,,,,,,,,,,,,,,,,,,,,,,
59349,237,,9.23722e-05,,,,,,,,,,,,,,,,,,,,,,,,,,,,,,
59399,237,,9.23722e-05,,,,,,,,,,,,,,,,,,,,,,,,,,,,,,
59449,237,,9.23722e-05,,,,,,,,,,,,,,,,,,,,,,,,,,,,,,
59499,237,237,9.23722e-05,0,0,1,0,0.000620489,6.15942e-05,3.45901,0.000341156,0.0498578,0.0242785,7.69143e-05,0.0220115,0,3.88868,3.88868,0,8.20156,14.2336,1.85511,0.161446,0,4.06189,0,7.19022,14.9872,2.08944,0,0,4.20739,0
59549,238,,9.14484e-05,,,,,,,,,,,,,,,,,,,,,,,,,,,,,,
59599,238,,9.14484e-05,,,,,,,,,,,,,,,,,,,,,,,,,,,,,,
59649,238,,9.14484e-05,,,,,,,,,,,,,,,,,,,,,,,,,,,,,,
59699,238,,9.14484e-05,,,,,,,,,,,,,,,,,,,,,,,,,,,,,,
59749,238,238,9.14484e-05,0,0,1,0,0.000613749,5.98204e-05,3.37663,0.000340178,0.0458913,0.0242988,7.12686e-05,0.0220584,0,3.80951,3.80951,0,8.3055,14.1678,1.87705,0.166951,0,4.05563,0,7.1622,14.9139,2.07857,0,0,4.11326,0
59799,239,,9.0534e-05,,,,,,,,,,,,,,,,,,,,,,,,,,,,,,
59849,239,,9.0534e-05,,,,,,,,,,,,,,,,,,,,,,,,,,,,,,
59899,239,,9.0534e-05,,,,,,,,,,,,,,,,,,,,,,,,,,,,,,
59949,239,,9.0534e-05,,,,,,,,,,,,,,,,,,,,,,,,,,,,,,
59999,239,239,9.0534e-05,0,0,1,0,0.000622153,5.71446e-05,3.49125,0.000353223,0.0346468,0.0249046,6.55309e-05,0.0222614,0,3.83109,3.83109,0,8.01717,14.1505,1.85126,0.166675,0,4.12024,0,7.00571,14.9642,2.06506,0,0,4.16705,0
60049,240,,8.96286e-05,,,,,,,,,,,,,,,,,,,,,,,,,,,,,,
60099,240,,8.96286e-05,,,,,,,,,,,,,,,,,,,,,,,,,,,,,,
60149,240,,8.96286e-05,,,,,,,,,,,,,,,,,,,,,,,,,,,,,,
60199,240,,8.96286e-05,,,,,,,,,,,,,,,,,,,,,,,,,,,,,,
60249,240,240,8.96286e-05,0,0,1,0,0.000628504,6.74104e-05,3.34963,0.000352089,0.0463105,0.0255709,7.33562e-05,0.023206,0,3.8253,3.8253,0,8.0291,14.2056,1.83747,0.15856,0,4.14221,0,6.96712,14.8767,2.07625,0,0,4.09792,0
60299,241,,8.87323e-05,,,,,,,,,,,,,,,,,,,,,,,,,,,,,,
60349,241,,8.87323e-05,,,,,,,,,,,,,,,,,,,,,,,,,,,,,,
60399,241,,8.87323e-05,,,,,,,,,,,,,,,,,,,,,,,,,,,,,,
60449,241,,8.87323e-05,,,,,,,,,,,,,,,,,,,,,,,,,,,,,,
60499,241,241,8.87323e-05,0,0,1,0,0.000631138,6.81008e-05,3.45794,0.000346565,0.0479783,0.0248992,7.72326e-05,0.0222951,0,3.7682,3.7682,0,8.1975,14.3098,1.86018,0.159725,0,4.09277,0,6.98781,14.9356,2.07785,0,0,4.14619,0
60549,242,,8.7845e-05,,,,,,,,,,,,,,,,,,,,,,,,,,,,,,
60599,242,,8.7845e-05,,,,,,,,,,,,,,,,,,,,,,,,,,,,,,
60649,242,,8.7845e-05,,,,,,,,,,,,,,,,,,,,,,,,,,,,,,
60699,242,,8.7845e-05,,,,,,,,,,,,,,,,,,,,,,,,,,,,,,
60749,242,242,8.7845e-05,0,0,1,0,0.000636194,7.46904e-05,3.40719,0.000350499,0.0605194,0.025458,8.14766e-05,0.0230064,0,3.77491,3.77491,0,8.03251,14.2008,1.83464,0.160146,0,4.07683,0,6.90272,14.8922,2.06566,0,0,4.16113,0
60799,243,,8.69666e-05,,,,,,,,,,,,,,,,,,,,,,,,,,,,,,
60849,243,,8.69666e-05,,,,,,,,,,,,,,,,,,,,,,,,,,,,,,
60899,243,,8.69666e-05,,,,,,,,,,,,,,,,,,,,,,,,,,,,,,
60949,243,,8.69666e-05,,,,,,,,,,,,,,,,,,,,,,,,,,,,,,
60999,243,243,8.69666e-05,0,0,1,0,0.000626252,7.50536e-05,3.52914,0.000346027,0.0668599,0.0249087,8.32252e-05,0.0222711,0,3.78855,3.78855,0,8.1592,14.3061,1.8799,0.163153,0,4.11566,0,7.06418,15.0232,2.08723,0,0,4.15085,0
61049,244,,8.60969e-05,,,,,,,,,,,,,,,,,,,,,,,,,,,,,,
61099,244,,8.60969e-05,,,,,,,,,,,,,,,,,,,,,,,,,,,,,,
61149,244,,8.60969e-05,,,,,,,,,,,,,,,,,,,,,,,,,,,,,,
61199,244,,8.60969e-05,,,,,,,,,,,,,,,,,,,,,,,,,,,,,,
61249,244,244,8.60969e-05,0,0,1,0,0.000646975,6.50177e-05,3.59812,0.000368186,0.0446078,0.0264946,7.63553e-05,0.0239568,0,3.82614,3.82614,0,8.17441,14.3329,1.87924,0.169364,0,4.13099,0,6.97476,14.9843,2.04338,0,0,4.14945,0
61299,245,,8.52359e-05,,,,,,,,,,,,,,,,,,,,,,,,,,,,,,
61349,245,,8.52359e-05,,,,,,,,,,,,,,,,,,,,,,,,,,,,,,
61399,245,,8.52359e-05,,,,,,,,,,,,,,,,,,,,,,,,,,,,,,
61449,245,,8.52359e-05,,,,,,,,,,,,,,,,,,,,,,,,,,,,,,
61499,245,245,8.52359e-05,0,0,1,0,0.000655467,5.60119e-05,3.56431,0.000367354,0.0291812,0.0266458,6.31426e-05,0.0239096,0,3.76067,3.76067,0,8.30815,14.253,1.8887,0.173826,0,4.06836,0,7.10119,14.907,2.05234,0,0,4.15505,0
61549,246,,8.43836e-05,,,,,,,,,,,,,,,,,,,,,,,,,,,,,,
61599,246,,8.43836e-05,,,,,,,,,,,,,,,,,,,,,,,,,,,,,,
61649,246,,8.43836e-05,,,,,,,,,,,,,,,,,,,,,,,,,,,,,,
61699,246,,8.43836e-05,,,,,,,,,,,,,,,,,,,,,,,,,,,,,,
61749,246,246,8.43836e-05,0,0,1,0,0.000652942,5.59708e-05,3.32157,0.000372368,0.0278404,0.0267127,6.53525e-05,0.0242654,0,3.73501,3.73501,0,8.16793,14.2325,1.87049,0.172988,0,4.01189,0,7.10873,14.8764,2.04876,0,0,4.09859,0
61799,247,,8.35397e-05,,,,,,,,,,,,,,,,,,,,,,,,,,,,,,
61849,247,,8.35397e-05,,,,,,,,,,,,,,,,,,,,,,,,,,,,,,
61899,247,,8.35397e-05,,,,,,,,,,,,,,,,,,,,,,,,,,,,,,
61949,247,,8.35397e-05,,,,,,,,,,,,,,,,,,,,,,,,,,,,,,
61999,247,247,8.35397e-05,0,0,1,0,0.000650627,5.64712e-05,3.50074,0.000364461,0.0295458,0.0266456,6.14696e-05,0.0245436,0,3.75024,3.75024,0,8.27324,14.2687,1.87031,0.172796,0,4.05007,0,7.08436,14.8223,2.04435,0,0,4.05986,0
62049,248,,8.27043e-05,,,,,,,,,,,,,,,,,,,,,,,,,,,,,,
62099,248,,8.27043e-05,,,,,,,,,,,,,,,,,,,,,,,,,,,,,,
62149,248,,8.27043e-05,,,,,,,,,,,,,,,,,,,,,,,,,,,,,,
62199,248,,8.27043e-05,,,,,,,,,,,,,,,,,,,,,,,,,,,,,,
62249,248,248,8.27043e-05,0,0,1,0,0.000652124,5.56492e-05,3.45728,0.000355972,0.0313092,0.026393,6.14906e-05,0.0232319,0,3.7301,3.7301,0,7.99486,14.248,1.84655,0.173997,0,4.18678,0,6.86925,14.803,2.03082,0,0,4.07062,0
62299,249,,8.18773e-05,,,,,,,,,,,,,,,,,,,,,,,,,,,,,,
62349,249,,8.18773e-05,,,,,,,,,,,,,,,,,,,,,,,,,,,,,,
62399,249,,8.18773e-05,,,,,,,,,,,,,,,,,,,,,,,,,,,,,,
62449,249,,8.18773e-05,,,,,,,,,,,,,,,,,,,,,,,,,,,,,,
62499,249,249,8.18773e-05,0,0,1,0,0.000644227,5.48389e-05,3.48391,0.000359095,0.0271755,0.0259601,6.04379e-05,0.0231098,0,3.71798,3.71798,0,7.9445,14.2945,1.85186,0.174671,0,4.19943,0,6.84622,14.895,2.02739,0,0,4.21788,0
62549,250,,8.10585e-05,,,,,,,,,,,,,,,,,,,,,,,,,,,,,,
62599,250,,8.10585e-05,,,,,,,,,,,,,,,,,,,,,,,,,,,,,,
62649,250,,8.10585e-05,,,,,,,,,,,,,,,,,,,,,,,,,,,,,,
62699,250,,8.10585e-05,,,,,,,,,,,,,,,,,,,,,,,,,,,,,,
62749,250,250,8.10585e-05,0,0,1,0,0.000636143,5.74242e-05,3.51817,0.000364592,0.0294945,0.0256747,6.00202e-05,0.0223636,0,3.70304,3.70304,0,8.11335,14.3118,1.85087,0.171743,0,4.0915,0,7.08424,14.832,2.04497,0,0,4.17103,0
62799,251,,8.02479e-05,,,,,,,,,,,,,,,,,,,,,,,,,,,,,,
62849,251,,8.02479e-05,,,,,,,,,,,,,,,,,,,,,,,,,,,,,,
62899,251,,8.02479e-05,,,,,,,,,,,,,,,,,,,,,,,,,,,,,,
62949,251,,8.02479e-05,,,,,,,,,,,,,,,,,,,,,,,,,,,,,,
62999,251,251,8.02479e-05,0,0,1,0,0.000644544,5.60964e-05,3.66181,0.000363528,0.0266811,0.0262315,6.21695e-05,0.0227908,0,3.70586,3.70586,0,8.01017,14.3048,1.85408,0.17638,0,4.1392,0,7.01934,14.7623,2.02449,0,0,4.04173,0
63049,252,,7.94455e-05,,,,,,,,,,,,,,,,,,,,,,,,,,,,,,
63099,252,,7.94455e-05,,,,,,,,,,,,,,,,,,,,,,,,,,,,,,
63149,252,,7.94455e-05,,,,,,,,,,,,,,,,,,,,,,,,,,,,,,
63199,252,,7.94455e-05,,,,,,,,,,,,,,,,,,,,,,,,,,,,,,
63249,252,252,7.94455e-05,0,0,1,0,0.000637313,5.46696e-05,3.68144,0.000356706,0.0245519,0.0254565,5.65092e-05,0.0227333,0,3.70409,3.70409,0,8.06395,14.1889,1.84783,0.174517,0,4.0996,0,6.98335,14.8039,2.02599,0,0,4.11194,0
63299,253,,7.8651e-05,,,,,,,,,,,,,,,,,,,,,,,,,,,,,,
63349,253,,7.8651e-05,,,,,,,,,,,,,,,,,,,,,,,,,,,,,,
63399,253,,7.8651e-05,,,,,,,,,,,,,,,,,,,,,,,,,,,,,,
63449,253,,7.8651e-05,,,,,,,,,,,,,,,,,,,,,,,,,,,,,,
63499,253,253,7.8651e-05,0,0,1,0,0.000629495,5.14222e-05,3.65149,0.000351915,0.0270805,0.0250641,5.72486e-05,0.0214461,0,3.68596,3.68596,0,7.99309,14.2987,1.84014,0.182181,0,4.16743,0,6.91408,14.7242,2.01078,0,0,4.04173,0
63549,254,,7.78645e-05,,,,,,,,,,,,,,,,,,,,,,,,,,,,,,
63599,254,,7.78645e-05,,,,,,,,,,,,,,,,,,,,,,,,,,,,,,
63649,254,,7.78645e-05,,,,,,,,,,,,,,,,,,,,,,,,,,,,,,
63699,254,,7.78645e-05,,,,,,,,,,,,,,,,,,,,,,,,,,,,,,
63749,254,254,7.78645e-05,0,0,1,0,0.000639314,4.94837e-05,3.48108,0.000354999,0.0214329,0.0263492,5.61906e-05,0.0233585,0,3.68449,3.68449,0,8.00115,14.2466,1.84503,0.186185,0,4.1684,0,6.90169,14.8231,2.01799,0,0,4.151,0
63799,255,,7.70858e-05,,,,,,,,,,,,,,,,,,,,,,,,,,,,,,
63849,255,,7.70858e-05,,,,,,,,,,,,,,,,,,,,,,,,,,,,,,
63899,255,,7.70858e-05,,,,,,,,,,,,,,,,,,,,,,,,,,,,,,
63949,255,,7.70858e-05,,,,,,,,,,,,,,,,,,,,,,,,,,,,,,
63999,255,255,7.70858e-05,0,0,1,0,0.000634275,4.99295e-05,3.62977,0.000356412,0.0225641,0.0252618,5.74861e-05,0.0223165,0,3.66779,3.66779,0,8.10303,14.3909,1.84813,0.185534,0,4.12813,0,6.91412,14.7819,2.00913,0,0,4.14703,0
64049,256,,7.6315e-05,,,,,,,,,,,,,,,,,,,,,,,,,,,,,,
64099,256,,7.6315e-05,,,,,,,,,,,,,,,,,,,,,,,,,,,,,,
64149,256,,7.6315e-05,,,,,,,,,,,,,,,,,,,,,,,,,,,,,,
64199,256,,7.6315e-05,,,,,,,,,,,,,,,,,,,,,,,,,,,,,,
64249,256,256,7.6315e-05,0,0,1,0,0.0006529,5.14901e-05,3.7465,0.000375068,0.0240147,0.0269936,6.0581e-05,0.0239544,0,3.69277,3.69277,0,7.91212,14.1414,1.82498,0.178503,0,4.09759,0,6.89524,14.7384,2.02189,0,0,4.06432,0
64299,257,,7.55518e-05,,,,,,,,,,,,,,,,,,,,,,,,,,,,,,
64349,257,,7.55518e-05,,,,,,,,,,,,,,,,,,,,,,,,,,,,,,
64399,257,,7.55518e-05,,,,,,,,,,,,,,,,,,,,,,,,,,,,,,
64449,257,,7.55518e-05,,,,,,,,,,,,,,,,,,,,,,,,,,,,,,
64499,257,257,7.55518e-05,0,0,1,0,0.000642908,5.31039e-05,3.72808,0.000366112,0.0277481,0.0254471,6.11413e-05,0.0223014,0,3.66339,3.66339,0,8.1271,14.1624,1.85569,0.17911,0,4.03309,0,6.91038,14.6988,2.01999,0,0,4.0575,0
64549,258,,7.47963e-05,,,,,,,,,,,,,,,,,,,,,,,,,,,,,,
64599,258,,7.47963e-05,,,,,,,,,,,,,,,,,,,,,,,,,,,,,,
64649,258,,7.47963e-05,,,,,,,,,,,,,,,,,,,,,,,,,,,,,,
64699,258,,7.47963e-05,,,,,,,,,,,,,,,,,,,,,,,,,,,,,,
64749,258,258,7.47963e-05,0,0,1,0,0.000642702,5.08403e-05,3.60611,0.000361631,0.0237895,0.0258733,6.55889e-05,0.0230505,0,3.65684,3.65684,0,8.06921,14.1881,1.84538,0.180006,0,4.06154,0,6.91694,14.6039,2.02155,0,0,4.0098,0
64799,259,,7.40484e-05,,,,,,,,,,,,,,,,,,,,,,,,,,,,,,
64849,259,,7.40484e-05,,,,,,,,,,,,,,,,,,,,,,,,,,,,,,
64899,259,,7.40484e-05,,,,,,,,,,,,,,,,,,,,,,,,,,,,,,
64949,259,,7.40484e-05,,,,,,,,,,,,,,,,,,,,,,,,,,,,,,
64999,259,259,7.40484e-05,0,0,1,0,0.000654698,5.3866e-05,3.64632,0.000367512,0.0265575,0.0264493,6.2352e-05,0.0233081,0,3.66342,3.66342,0,8.12419,14.2323,1.83892,0.173376,0,4.06186,0,6.9498,14.6615,2.02018,0,0,4.03298,0
65049,260,,7.33079e-05,,,,,,,,,,,,,,,,,,,,,,,,,,,,,,
65099,260,,7.33079e-05,,,,,,,,,,,,,,,,,,,,,,,,,,,,,,
65149,260,,7.33079e-05,,,,,,,,,,,,,,,,,,,,,,,,,,,,,,
65199,260,,7.33079e-05,,,,,,,,,,,,,,,,,,,,,,,,,,,,,,
65249,260,260,7.33079e-05,0,0,1,0,0.000641584,5.33905e-05,3.72755,0.000367777,0.0254726,0.0257333,6.53715e-05,0.0225326,0,3.64527,3.64527,0,8.08339,14.2872,1.84143,0.17336,0,4.10904,0,6.92045,14.7027,2.01739,0,0,4.08109,0
65299,261,,7.25748e-05,,,,,,,,,,,,,,,,,,,,,,,,,,,,,,
65349,261,,7.25748e-05,,,,,,,,,,,,,,,,,,,,,,,,,,,,,,
65399,261,,7.25748e-05,,,,,,,,,,,,,,,,,,,,,,,,,,,,,,
65449,261,,7.25748e-05,,,,,,,,,,,,,,,,,,,,,,,,,,,,,,
65499,261,261,7.25748e-05,0,0,1,0,0.000638693,5.28743e-05,3.72109,0.000361565,0.0250768,0.0256964,6.46693e-05,0.0222067,0,3.65417,3.65417,0,7.89195,14.167,1.8328,0.176571,0,4.11713,0,6.78117,14.6674,1.99013,0,0,4.04472,0
65549,262,,7.1849e-05,,,,,,,,,,,,,,,,,,,,,,,,,,,,,,
65599,262,,7.1849e-05,,,,,,,,,,,,,,,,,,,,,,,,,,,,,,
65649,262,,7.1849e-05,,,,,,,,,,,,,,,,,,,,,,,,,,,,,,
65699,262,,7.1849e-05,,,,,,,,,,,,,,,,,,,,,,,,,,,,,,
65749,262,262,7.1849e-05,0,0,1,0,0.000640138,5.16195e-05,3.78323,0.000368862,0.0260356,0.0262299,6.3672e-05,0.0226173,0,3.6566,3.6566,0,7.9642,14.244,1.83663,0.176975,0,4.10439,0,6.91633,14.667,2.00464,0,0,4.04135,0
65799,263,,7.11306e-05,,,,,,,,,,,,,,,,,,,,,,,,,,,,,,
65849,263,,7.11306e-05,,,,,,,,,,,,,,,,,,,,,,,,,,,,,,
65899,263,,7.11306e-05,,,,,,,,,,,,,,,,,,,,,,,,,,,,,,
65949,263,,7.11306e-05,,,,,,,,,,,,,,,,,,,,,,,,,,,,,,
65999,263,263,7.11306e-05,0,0,1,0,0.000657702,5.26528e-05,3.68094,0.000382527,0.0256397,0.0269348,6.18493e-05,0.0237609,0,3.62792,3.62792,0,7.83255,14.4301,1.82958,0.175939,0,4.38824,0,6.71078,14.5718,1.99872,0,0,4.1581,0
66049,264,,7.04192e-05,,,,,,,,,,,,,,,,,,,,,,,,,,,,,,
66099,264,,7.04192e-05,,,,,,,,,,,,,,,,,,,,,,,,,,,,,,
66149,264,,7.04192e-05,,,,,,,,,,,,,,,,,,,,,,,,,,,,,,
66199,264,,7.04192e-05,,,,,,,,,,,,,,,,,,,,,,,,,,,,,,
66249,264,264,7.04192e-05,0,0,1,0,0.000657569,5.23393e-05,3.85538,0.000368644,0.0256405,0.0268904,6.20798e-05,0.0235965,0,3.61449,3.61449,0,8.04728,14.2758,1.85252,0.178222,0,4.12005,0,6.95857,14.7917,2.02234,0,0,4.17736,0
66299,265,,6.97151e-05,,,,,,,,,,,,,,,,,,,,,,,,,,,,,,
66349,265,,6.97151e-05,,,,,,,,,,,,,,,,,,,,,,,,,,,,,,
66399,265,,6.97151e-05,,,,,,,,,,,,,,,,,,,,,,,,,,,,,,
66449,265,,6.97151e-05,,,,,,,,,,,,,,,,,,,,,,,,,,,,,,
66499,265,265,6.97151e-05,0,0,1,0,0.000636216,5.15473e-05,3.71432,0.000353891,0.0241426,0.0255282,6.04469e-05,0.0229428,0,3.61346,3.61346,0,7.80005,14.3385,1.82641,0.17679,0,4.25048,0,6.82966,14.6463,1.99922,0,0,4.0479,0
66549,266,,6.90179e-05,,,,,,,,,,,,,,,,,,,,,,,,,,,,,,
66599,266,,6.90179e-05,,,,,,,,,,,,,,,,,,,,,,,,,,,,,,
66649,266,,6.90179e-05,,,,,,,,,,,,,,,,,,,,,,,,,,,,,,
66699,266,,6.90179e-05,,,,,,,,,,,,,,,,,,,,,,,,,,,,,,
66749,266,266,6.90179e-05,0,0,1,0,0.000632373,5.15487e-05,3.95466,0.000356488,0.0248562,0.0247762,6.24422e-05,0.0218116,0,3.61656,3.61656,0,7.88527,14.3079,1.83196,0.178328,0,4.17716,0,6.81096,14.6425,1.99563,0,0,4.01951,0
66799,267,,6.83277e-05,,,,,,,,,,,,,,,,,,,,,,,,,,,,,,
66849,267,,6.83277e-05,,,,,,,,,,,,,,,,,,,,,,,,,,,,,,
66899,267,,6.83277e-05,,,,,,,,,,,,,,,,,,,,,,,,,,,,,,
66949,267,,6.83277e-05,,,,,,,,,,,,,,,,,,,,,,,,,,,,,,
66999,267,267,6.83277e-05,0,0,1,0,0.000661913,4.97048e-05,3.70714,0.000386065,0.022866,0.0273899,6.45715e-05,0.0240487,0,3.59832,3.59832,0,7.91395,14.0616,1.83296,0.179627,0,4.06472,0,6.8985,14.6025,2.00026,0,0,4.03059,0
67049,268,,6.76444e-05,,,,,,,,,,,,,,,,,,,,,,,,,,,,,,
67099,268,,6.76444e-05,,,,,,,,,,,,,,,,,,,,,,,,,,,,,,
67149,268,,6.76444e-05,,,,,,,,,,,,,,,,,,,,,,,,,,,,,,
67199,268,,6.76444e-05,,,,,,,,,,,,,,,,,,,,,,,,,,,,,,
67249,268,268,6.76444e-05,0,0,1,0,0.000649055,4.9553e-05,3.82506,0.000364152,0.0240089,0.0258804,6.44744e-05,0.0227828,0,3.596,3.596,0,7.99596,14.1842,1.83674,0.184915,0,4.1228,0,6.86045,14.6104,1.99579,0,0,4.01504,0
67299,269,,6.6968e-05,,,,,,,,,,,,,,,,,,,,,,,,,,,,,,
67349,269,,6.6968e-05,,,,,,,,,,,,,,,,,,,,,,,,,,,,,,
67399,269,,6.6968e-05,,,,,,,,,,,,,,,,,,,,,,,,,,,,,,
67449,269,,6.6968e-05,,,,,,,,,,,,,,,,,,,,,,,,,,,,,,
67499,269,269,6.6968e-05,0,0,1,0,0.000643975,4.92666e-05,3.88169,0.000366819,0.0234552,0.0259939,6.29739e-05,0.0231302,0,3.59017,3.59017,0,7.93961,14.1469,1.8304,0.179278,0,4.07293,0,6.84176,14.7161,2.00696,0,0,4.08368,0
67549,270,,6.62983e-05,,,,,,,,,,,,,,,,,,,,,,,,,,,,,,
67599,270,,6.62983e-05,,,,,,,,,,,,,,,,,,,,,,,,,,,,,,
67649,270,,6.62983e-05,,,,,,,,,,,,,,,,,,,,,,,,,,,,,,
67699,270,,6.62983e-05,,,,,,,,,,,,,,,,,,,,,,,,,,,,,,
67749,270,270,6.62983e-05,0,0,1,0,0.000649499,4.97947e-05,3.87655,0.00037651,0.0235234,0.0263756,6.35663e-05,0.0227156,0,3.58265,3.58265,0,8.00937,14.356,1.84874,0.18625,0,4.12311,0,6.88511,14.8476,2.02112,0,0,4.16847,0
67799,271,,6.56353e-05,,,,,,,,,,,,,,,,,,,,,,,,,,,,,,
67849,271,,6.56353e-05,,,,,,,,,,,,,,,,,,,,,,,,,,,,,,
67899,271,,6.56353e-05,,,,,,,,,,,,,,,,,,,,,,,,,,,,,,
67949,271,,6.56353e-05,,,,,,,,,,,,,,,,,,,,,,,,,,,,,,
67999,271,271,6.56353e-05,0,0,1,0,0.000653829,4.88527e-05,3.76584,0.000375167,0.0221793,0.0263112,6.04794e-05,0.0234463,0,3.56213,3.56213,0,7.89273,14.1245,1.81585,0.183342,0,4.10725,0,6.74707,14.566,1.99278,0,0,3.96571,0
68049,272,,6.4979e-05,,,,,,,,,,,,,,,,,,,,,,,,,,,,,,
68099,272,,6.4979e-05,,,,,,,,,,,,,,,,,,,,,,,,,,,,,,
68149,272,,6.4979e-05,,,,,,,,,,,,,,,,,,,,,,,,,,,,,,
68199,272,,6.4979e-05,,,,,,,,,,,,,,,,,,,,,,,,,,,,,,
68249,272,272,6.4979e-05,0,0,1,0,0.000649871,4.99316e-05,3.75201,0.0003771,0.0244132,0.0265321,5.99728e-05,0.023126,0,3.57681,3.57681,0,7.94514,14.1094,1.83247,0.17971,0,4.06202,0,6.85803,14.5638,2.00532,0,0,4.00203,0
68299,273,,6.43292e-05,,,,,,,,,,,,,,,,,,,,,,,,,,,,,,
68349,273,,6.43292e-05,,,,,,,,,,,,,,,,,,,,,,,,,,,,,,
68399,273,,6.43292e-05,,,,,,,,,,,,,,,,,,,,,,,,,,,,,,
68449,273,,6.43292e-05,,,,,,,,,,,,,,,,,,,,,,,,,,,,,,
68499,273,273,6.43292e-05,0,0,1,0,0.000654097,4.81209e-05,3.83722,0.000379943,0.0271197,0.0267983,6.03863e-05,0.0236291,0,3.59244,3.59244,0,7.95074,14.1244,1.83532,0.182839,0,4.07533,0,6.87212,14.602,2.00502,0,0,4.0089,0
68549,274,,6.36859e-05,,,,,,,,,,,,,,,,,,,,,,,,,,,,,,
68599,274,,6.36859e-05,,,,,,,,,,,,,,,,,,,,,,,,,,,,,,
68649,274,,6.36859e-05,,,,,,,,,,,,,,,,,,,,,,,,,,,,,,
68699,274,,6.36859e-05,,,,,,,,,,,,,,,,,,,,,,,,,,,,,,
68749,274,274,6.36859e-05,0,0,1,0,0.000653431,4.75181e-05,3.82181,0.000374578,0.026309,0.02637,6.20522e-05,0.0230845,0,3.5344,3.5344,0,8.03687,14.2051,1.8401,0.18426,0,4.05191,0,6.86898,14.587,1.99685,0,0,4.01061,0
68799,275,,6.3049e-05,,,,,,,,,,,,,,,,,,,,,,,,,,,,,,
68849,275,,6.3049e-05,,,,,,,,,,,,,,,,,,,,,,,,,,,,,,
68899,275,,6.3049e-05,,,,,,,,,,,,,,,,,,,,,,,,,,,,,,
68949,275,,6.3049e-05,,,,,,,,,,,,,,,,,,,,,,,,,,,,,,
68999,275,275,6.3049e-05,0,0,1,0,0.000652076,4.73941e-05,3.86539,0.000382024,0.0238459,0.0262224,5.85215e-05,0.0226685,0,3.55674,3.55674,0,8.01639,14.1669,1.84489,0.185943,0,4.05191,0,6.87639,14.5973,2.00486,0,0,3.9884,0
69049,276,,6.24186e-05,,,,,,,,,,,,,,,,,,,,,,,,,,,,,,
69099,276,,6.24186e-05,,,,,,,,,,,,,,,,,,,,,,,,,,,,,,
69149,276,,6.24186e-05,,,,,,,,,,,,,,,,,,,,,,,,,,,,,,
69199,276,,6.24186e-05,,,,,,,,,,,,,,,,,,,,,,,,,,,,,,
69249,276,276,6.24186e-05,0,0,1,0,0.000651984,4.64083e-05,3.82946,0.000376533,0.0220754,0.0261797,6.14031e-05,0.022984,0,3.54497,3.54497,0,8.06571,14.2063,1.85019,0.18703,0,4.10505,0,6.7789,14.598,1.98971,0,0,3.99035,0
69299,277,,6.17944e-05,,,,,,,,,,,,,,,,,,,,,,,,,,,,,,
69349,277,,6.17944e-05,,,,,,,,,,,,,,,,,,,,,,,,,,,,,,
69399,277,,6.17944e-05,,,,,,,,,,,,,,,,,,,,,,,,,,,,,,
69449,277,,6.17944e-05,,,,,,,,,,,,,,,,,,,,,,,,,,,,,,
69499,277,277,6.17944e-05,0,0,1,0,0.000671127,4.70392e-05,3.86327,0.00040749,0.0260571,0.0280902,6.03217e-05,0.0242968,0,3.56569,3.56569,0,7.84944,14.2139,1.80694,0.181557,0,4.15732,0,6.80618,14.6362,1.98532,0,0,4.04799,0
69549,278,,6.11764e-05,,,,,,,,,,,,,,,,,,,,,,,,,,,,,,
69599,278,,6.11764e-05,,,,,,,,,,,,,,,,,,,,,,,,,,,,,,
69649,278,,6.11764e-05,,,,,,,,,,,,,,,,,,,,,,,,,,,,,,
69699,278,,6.11764e-05,,,,,,,,,,,,,,,,,,,,,,,,,,,,,,
69749,278,278,6.11764e-05,0,0,1,0,0.000651698,4.838e-05,3.83625,0.000373099,0.0249375,0.0266067,6.37004e-05,0.0237671,0,3.53766,3.53766,0,7.86752,14.3371,1.83185,0.183805,0,4.19153,0,6.779,14.5599,1.97882,0,0,3.9789,0
69799,279,,6.05647e-05,,,,,,,,,,,,,,,,,,,,,,,,,,,,,,
69849,279,,6.05647e-05,,,,,,,,,,,,,,,,,,,,,,,,,,,,,,
69899,279,,6.05647e-05,,,,,,,,,,,,,,,,,,,,,,,,,,,,,,
69949,279,,6.05647e-05,,,,,,,,,,,,,,,,,,,,,,,,,,,,,,
69999,279,279,6.05647e-05,0,0,1,0,0.000653308,4.93692e-05,3.95217,0.00037656,0.0222396,0.0264539,6.12157e-05,0.0226431,0,3.556,3.556,0,8.01202,14.2622,1.83606,0.183383,0,4.10952,0,6.86585,14.7032,2.00094,0,0,4.12354,0
70049,280,,5.9959e-05,,,,,,,,,,,,,,,,,,,,,,,,,,,,,,
70099,280,,5.9959e-05,,,,,,,,,,,,,,,,,,,,,,,,,,,,,,
70149,280,,5.9959e-05,,,,,,,,,,,,,,,,,,,,,,,,,,,,,,
70199,280,,5.9959e-05,,,,,,,,,,,,,,,,,,,,,,,,,,,,,,
70249,280,280,5.9959e-05,0,0,1,0,0.000662993,4.81594e-05,3.74009,0.000391394,0.0251351,0.0273355,6.12724e-05,0.0235437,0,3.51724,3.51724,0,7.89221,14.1171,1.82262,0.185205,0,4.07645,0,6.69849,14.6156,1.98124,0,0,4.04574,0
70299,281,,5.93594e-05,,,,,,,,,,,,,,,,,,,,,,,,,,,,,,
70349,281,,5.93594e-05,,,,,,,,,,,,,,,,,,,,,,,,,,,,,,
70399,281,,5.93594e-05,,,,,,,,,,,,,,,,,,,,,,,,,,,,,,
70449,281,,5.93594e-05,,,,,,,,,,,,,,,,,,,,,,,,,,,,,,
70499,281,281,5.93594e-05,0,0,1,0,0.000658543,4.75365e-05,3.90383,0.000377368,0.0239578,0.0270285,5.93732e-05,0.0232657,0,3.52625,3.52625,0,8.02115,14.2811,1.84677,0.184725,0,4.1101,0,6.89909,14.5726,1.99401,0,0,3.98882,0
70549,282,,5.87658e-05,,,,,,,,,,,,,,,,,,,,,,,,,,,,,,
70599,282,,5.87658e-05,,,,,,,,,,,,,,,,,,,,,,,,,,,,,,
70649,282,,5.87658e-05,,,,,,,,,,,,,,,,,,,,,,,,,,,,,,
70699,282,,5.87658e-05,,,,,,,,,,,,,,,,,,,,,,,,,,,,,,
70749,282,282,5.87658e-05,0,0,1,0,0.000658905,4.78495e-05,3.77538,0.000381222,0.0254427,0.026724,5.98999e-05,0.0232119,0,3.52061,3.52061,0,8.02094,14.3708,1.85296,0.187379,0,4.17359,0,6.73925,14.4987,1.97854,0,0,3.96651,0
70799,283,,5.81782e-05,,,,,,,,,,,,,,,,,,,,,,,,,,,,,,
70849,283,,5.81782e-05,,,,,,,,,,,,,,,,,,,,,,,,,,,,,,
70899,283,,5.81782e-05,,,,,,,,,,,,,,,,,,,,,,,,,,,,,,
70949,283,,5.81782e-05,,,,,,,,,,,,,,,,,,,,,,,,,,,,,,
70999,283,283,5.81782e-05,0,0,1,0,0.000650543,4.6825e-05,3.9676,0.000383485,0.0220536,0.02605,5.95853e-05,0.0227724,0,3.54164,3.54164,0,7.98448,14.2629,1.8296,0.185768,0,4.09685,0,6.81857,14.4861,1.98581,0,0,3.95242,0
71049,284,,5.75964e-05,,,,,,,,,,,,,,,,,,,,,,,,,,,,,,
71099,284,,5.75964e-05,,,,,,,,,,,,,,,,,,,,,,,,,,,,,,
71149,284,,5.75964e-05,,,,,,,,,,,,,,,,,,,,,,,,,,,,,,
71199,284,,5.75964e-05,,,,,,,,,,,,,,,,,,,,,,,,,,,,,,
71249,284,284,5.75964e-05,0,0,1,0,0.000659754,4.85631e-05,3.84205,0.000386216,0.0214949,0.0262557,5.9719e-05,0.0223574,0,3.49836,3.49836,0,7.81663,14.296,1.83327,0.183388,0,4.18881,0,6.72176,14.4923,1.98078,0,0,3.96941,0
71299,285,,5.70204e-05,,,,,,,,,,,,,,,,,,,,,,,,,,,,,,
71349,285,,5.70204e-05,,,,,,,,,,,,,,,,,,,,,,,,,,,,,,
71399,285,,5.70204e-05,,,,,,,,,,,,,,,,,,,,,,,,,,,,,,
71449,285,,5.70204e-05,,,,,,,,,,,,,,,,,,,,,,,,,,,,,,
71499,285,285,5.70204e-05,0,0,1,0,0.000659753,4.88082e-05,3.79818,0.000389906,0.0250083,0.0269831,6.32869e-05,0.0233068,0,3.50948,3.50948,0,7.80739,14.2655,1.8318,0.183672,0,4.16773,0,6.68251,14.4497,1.97491,0,0,3.95469,0
71549,286,,5.64502e-05,,,,,,,,,,,,,,,,,,,,,,,,,,,,,,
71599,286,,5.64502e-05,,,,,,,,,,,,,,,,,,,,,,,,,,,,,,
71649,286,,5.64502e-05,,,,,,,,,,,,,,,,,,,,,,,,,,,,,,
71699,286,,5.64502e-05,,,,,,,,,,,,,,,,,,,,,,,,,,,,,,
71749,286,286,5.64502e-05,0,0,1,0,0.000655017,4.75693e-05,3.9076,0.000393045,0.0250174,0.0264788,6.06262e-05,0.0227384,0,3.48369,3.48369,0,7.8745,14.0949,1.83213,0.184845,0,4.117,0,6.69875,14.4457,1.96087,0,0,3.95232,0
71799,287,,5.58857e-05,,,,,,,,,,,,,,,,,,,,,,,,,,,,,,
71849,287,,5.58857e-05,,,,,,,,,,,,,,,,,,,,,,,,,,,,,,
71899,287,,5.58857e-05,,,,,,,,,,,,,,,,,,,,,,,,,,,,,,
71949,287,,5.58857e-05,,,,,,,,,,,,,,,,,,,,,,,,,,,,,,
71999,287,287,5.58857e-05,0,0,1,0,0.000665103,4.81246e-05,3.86425,0.000392239,0.0243129,0.0273379,6.0873e-05,0.0236191,0,3.49259,3.49259,0,7.867,14.2105,1.83572,0.184484,0,4.14881,0,6.65861,14.4754,1.9612,0,0,3.96282,0
72049,288,,5.53269e-05,,,,,,,,,,,,,,,,,,,,,,,,,,,,,,
72099,288,,5.53269e-05,,,,,,,,,,,,,,,,,,,,,,,,,,,,,,
72149,288,,5.53269e-05,,,,,,,,,,,,,,,,,,,,,,,,,,,,,,
72199,288,,5.53269e-05,,,,,,,,,,,,,,,,,,,,,,,,,,,,,,
72249,288,288,5.53269e-05,0,0,1,0,0.000658893,4.78855e-05,3.7495,0.000382649,0.0227325,0.0265665,5.92792e-05,0.0231234,0,3.48383,3.48383,0,7.9135,14.1081,1.82464,0.183673,0,4.08549,0,6.77564,14.4607,1.97144,0,0,3.9705,0
72299,289,,5.47736e-05,,,,,,,,,,,,,,,,,,,,,,,,,,,,,,
72349,289,,5.47736e-05,,,,,,,,,,,,,,,,,,,,,,,,,,,,,,
72399,289,,5.47736e-05,,,,,,,,,,,,,,,,,,,,,,,,,,,,,,
72449,289,,5.47736e-05,,,,,,,,,,,,,,,,,,,,,,,,,,,,,,
72499,289,289,5.47736e-05,0,0,1,0,0.000666431,4.78644e-05,3.88205,0.000395261,0.0206908,0.0273706,5.957e-05,0.0232508,0,3.47181,3.47181,0,7.95068,14.1386,1.84436,0.183659,0,4.08399,0,6.77488,14.4598,1.96601,0,0,3.98227,0
72549,290,,5.42259e-05,,,,,,,,,,,,,,,,,,,,,,,,,,,,,,
72599,290,,5.42259e-05,,,,,,,,,,,,,,,,,,,,,,,,,,,,,,
72649,290,,5.42259e-05,,,,,,,,,,,,,,,,,,,,,,,,,,,,,,
72699,290,,5.42259e-05,,,,,,,,,,,,,,,,,,,,,,,,,,,,,,
72749,290,290,5.42259e-05,0,0,1,0,0.000659368,4.77368e-05,3.97002,0.000388912,0.0227557,0.0270563,6.03308e-05,0.0232458,0,3.49455,3.49455,0,7.88538,14.1604,1.82741,0.185517,0,4.10879,0,6.65729,14.4191,1.96181,0,0,3.92748,0
72799,291,,5.36836e-05,,,,,,,,,,,,,,,,,,,,,,,,,,,,,,
72849,291,,5.36836e-05,,,,,,,,,,,,,,,,,,,,,,,,,,,,,,
72899,291,,5.36836e-05,,,,,,,,,,,,,,,,,,,,,,,,,,,,,,
72949,291,,5.36836e-05,,,,,,,,,,,,,,,,,,,,,,,,,,,,,,
72999,291,291,5.36836e-05,0,0,1,0,0.000662456,4.98534e-05,3.76148,0.000387525,0.0233794,0.0261226,5.98124e-05,0.0227761,0,3.45935,3.45935,0,7.80495,14.1157,1.81076,0.176875,0,4.11027,0,6.67577,14.4148,1.95895,0,0,3.96146,0
73049,292,,5.31468e-05,,,,,,,,,,,,,,,,,,,,,,,,,,,,,,
73099,292,,5.31468e-05,,,,,,,,,,,,,,,,,,,,,,,,,,,,,,
73149,292,,5.31468e-05,,,,,,,,,,,,,,,,,,,,,,,,,,,,,,
73199,292,,5.31468e-05,,,,,,,,,,,,,,,,,,,,,,,,,,,,,,
73249,292,292,5.31468e-05,0,0,1,0,0.000668648,5.14924e-05,3.80611,0.000389535,0.0255314,0.0269362,6.50846e-05,0.0233223,0,3.47592,3.47592,0,7.94682,14.2585,1.84437,0.177295,0,4.08937,0,6.7888,14.5971,1.9796,0,0,4.05775,0
73299,293,,5.26153e-05,,,,,,,,,,,,,,,,,,,,,,,,,,,,,,
73349,293,,5.26153e-05,,,,,,,,,,,,,,,,,,,,,,,,,,,,,,
73399,293,,5.26153e-05,,,,,,,,,,,,,,,,,,,,,,,,,,,,,,
73449,293,,5.26153e-05,,,,,,,,,,,,,,,,,,,,,,,,,,,,,,
73499,293,293,5.26153e-05,0,0,1,0,0.000664352,5.01059e-05,3.86639,0.000395567,0.0229135,0.0271455,6.12592e-05,0.0230375,0,3.48568,3.48568,0,7.91679,14.0861,1.8343,0.181481,0,4.07098,0,6.74733,14.3813,1.96419,0,0,3.92886,0
73549,294,,5.20891e-05,,,,,,,,,,,,,,,,,,,,,,,,,,,,,,
73599,294,,5.20891e-05,,,,,,,,,,,,,,,,,,,,,,,,,,,,,,
73649,294,,5.20891e-05,,,,,,,,,,,,,,,,,,,,,,,,,,,,,,
73699,294,,5.20891e-05,,,,,,,,,,,,,,,,,,,,,,,,,,,,,,
73749,294,294,5.20891e-05,0,0,1,0,0.000661158,4.97729e-05,3.73598,0.000383714,0.0232485,0.0266678,6.27397e-05,0.0232133,0,3.46162,3.46162,0,7.85976,14.0891,1.81684,0.179977,0,4.12205,0,6.62532,14.433,1.96625,0,0,3.94841,0
73799,295,,5.15683e-05,,,,,,,,,,,,,,,,,,,,,,,,,,,,,,
73849,295,,5.15683e-05,,,,,,,,,,,,,,,,,,,,,,,,,,,,,,
73899,295,,5.15683e-05,,,,,,,,,,,,,,,,,,,,,,,,,,,,,,
73949,295,,5.15683e-05,,,,,,,,,,,,,,,,,,,,,,,,,,,,,,
73999,295,295,5.15683e-05,0,0,1,0,0.000663867,5.02474e-05,3.83157,0.000392598,0.0247249,0.0275022,6.20053e-05,0.0236866,0,3.47993,3.47993,0,7.85951,14.0181,1.82276,0.178459,0,4.09862,0,6.72753,14.4213,1.96688,0,0,3.94679,0
74049,296,,5.10526e-05,,,,,,,,,,,,,,,,,,,,,,,,,,,,,,
74099,296,,5.10526e-05,,,,,,,,,,,,,,,,,,,,,,,,,,,,,,
74149,296,,5.10526e-05,,,,,,,,,,,,,,,,,,,,,,,,,,,,,,
74199,296,,5.10526e-05,,,,,,,,,,,,,,,,,,,,,,,,,,,,,,
74249,296,296,5.10526e-05,0,0,1,0,0.000664464,5.03431e-05,3.90488,0.000399326,0.027205,0.0274536,6.3164e-05,0.0234228,0,3.45367,3.45367,0,7.74196,14.0318,1.81049,0.174648,0,4.15029,0,6.61447,14.3905,1.96339,0,0,3.95753,0
74299,297,,5.0542e-05,,,,,,,,,,,,,,,,,,,,,,,,,,,,,,
74349,297,,5.0542e-05,,,,,,,,,,,,,,,,,,,,,,,,,,,,,,
74399,297,,5.0542e-05,,,,,,,,,,,,,,,,,,,,,,,,,,,,,,
74449,297,,5.0542e-05,,,,,,,,,,,,,,,,,,,,,,,,,,,,,,
74499,297,297,5.0542e-05,0,0,1,0,0.000657702,5.07128e-05,3.8479,0.000385087,0.0269129,0.0263021,6.34845e-05,0.0223079,0,3.4635,3.4635,0,7.97866,14.1988,1.83614,0.178902,0,4.08404,0,6.83928,14.4222,1.96839,0,0,3.97848,0
74549,298,,5.00366e-05,,,,,,,,,,,,,,,,,,,,,,,,,,,,,,
74599,298,,5.00366e-05,,,,,,,,,,,,,,,,,,,,,,,,,,,,,,
74649,298,,5.00366e-05,,,,,,,,,,,,,,,,,,,,,,,,,,,,,,
74699,298,,5.00366e-05,,,,,,,,,,,,,,,,,,,,,,,,,,,,,,
74749,298,298,5.00366e-05,0,0,1,0,0.000658917,4.94609e-05,3.81067,0.000389102,0.0242791,0.0262355,6.28389e-05,0.0225797,0,3.4373,3.4373,0,7.90505,14.0614,1.82152,0.177877,0,4.08383,0,6.64407,14.4092,1.97368,0,0,3.93526,0
74799,299,,4.95363e-05,,,,,,,,,,,,,,,,,,,,,,,,,,,,,,
74849,299,,4.95363e-05,,,,,,,,,,,,,,,,,,,,,,,,,,,,,,
74899,299,,4.95363e-05,,,,,,,,,,,,,,,,,,,,,,,,,,,,,,
74949,299,,4.95363e-05,,,,,,,,,,,,,,,,,,,,,,,,,,,,,,
74999,299,299,4.95363e-05,0,0,1,0,0.000647888,5.01686e-05,4.03296,0.000377754,0.0283796,0.0264734,6.78686e-05,0.0227589,0,3.48207,3.48207,0,7.82997,14.0187,1.81954,0.16995,0,4.07881,0,6.70145,14.3634,1.97316,0,0,4.00409,0
75049,300,,4.90409e-05,,,,,,,,,,,,,,,,,,,,,,,,,,,,,,
75099,300,,4.90409e-05,,,,,,,,,,,,,,,,,,,,,,,,,,,,,,
75149,300,,4.90409e-05,,,,,,,,,,,,,,,,,,,,,,,,,,,,,,
75199,300,,4.90409e-05,,,,,,,,,,,,,,,,,,,,,,,,,,,,,,
75249,300,300,4.90409e-05,0,0,1,0,0.000659801,5.4509e-05,3.82996,0.000399659,0.0299891,0.0263676,6.65729e-05,0.023048,0,3.44563,3.44563,0,7.81021,14.2535,1.81444,0.169001,0,4.19673,0,6.62566,14.2572,1.96188,0,0,3.95335,0
75299,301,,4.85505e-05,,,,,,,,,,,,,,,,,,,,,,,,,,,,,,
75349,301,,4.85505e-05,,,,,,,,,,,,,,,,,,,,,,,,,,,,,,
75399,301,,4.85505e-05,,,,,,,,,,,,,,,,,,,,,,,,,,,,,,
75449,301,,4.85505e-05,,,,,,,,,,,,,,,,,,,,,,,,,,,,,,
75499,301,301,4.85505e-05,0,0,1,0,0.000663503,5.16893e-05,3.8174,0.000399986,0.0289936,0.0265269,6.19202e-05,0.0222033,0,3.43169,3.43169,0,7.85743,13.987,1.82151,0.175649,0,4.03156,0,6.64259,14.3044,1.97111,0,0,3.92265,0
75549,302,,4.8065e-05,,,,,,,,,,,,,,,,,,,,,,,,,,,,,,
75599,302,,4.8065e-05,,,,,,,,,,,,,,,,,,,,,,,,,,,,,,
75649,302,,4.8065e-05,,,,,,,,,,,,,,,,,,,,,,,,,,,,,,
75699,302,,4.8065e-05,,,,,,,,,,,,,,,,,,,,,,,,,,,,,,
75749,302,302,4.8065e-05,0,0,1,0,0.000659161,5.12308e-05,3.96742,0.000405676,0.0284872,0.0271311,7.04162e-05,0.0231017,0,3.44831,3.44831,0,7.90174,14.0744,1.82933,0.173994,0,4.12992,0,6.74665,14.4732,1.98554,0,0,4.06917,0
75799,303,,4.75843e-05,,,,,,,,,,,,,,,,,,,,,,,,,,,,,,
75849,303,,4.75843e-05,,,,,,,,,,,,,,,,,,,,,,,,,,,,,,
75899,303,,4.75843e-05,,,,,,,,,,,,,,,,,,,,,,,,,,,,,,
75949,303,,4.75843e-05,,,,,,,,,,,,,,,,,,,,,,,,,,,,,,
75999,303,303,4.75843e-05,0,0,1,0,0.000659315,5.07845e-05,3.92725,0.000397286,0.0283794,0.0265079,6.88654e-05,0.0222861,0,3.43997,3.43997,0,7.93234,14.1221,1.84611,0.176851,0,4.12399,0,6.69551,14.3019,1.96646,0,0,3.94338,0
76049,304,,4.71085e-05,,,,,,,,,,,,,,,,,,,,,,,,,,,,,,
76099,304,,4.71085e-05,,,,,,,,,,,,,,,,,,,,,,,,,,,,,,
76149,304,,4.71085e-05,,,,,,,,,,,,,,,,,,,,,,,,,,,,,,
76199,304,,4.71085e-05,,,,,,,,,,,,,,,,,,,,,,,,,,,,,,
76249,304,304,4.71085e-05,0,0,1,0,0.000662818,5.10371e-05,3.73056,0.000396705,0.0293791,0.0266597,6.96731e-05,0.023013,0,3.42298,3.42298,0,7.9498,14.1267,1.84437,0.174446,0,4.05297,0,6.76397,14.3764,1.96762,0,0,3.98513,0
76299,305,,4.66374e-05,,,,,,,,,,,,,,,,,,,,,,,,,,,,,,
76349,305,,4.66374e-05,,,,,,,,,,,,,,,,,,,,,,,,,,,,,,
76399,305,,4.66374e-05,,,,,,,,,,,,,,,,,,,,,,,,,,,,,,
76449,305,,4.66374e-05,,,,,,,,,,,,,,,,,,,,,,,,,,,,,,
76499,305,305,4.66374e-05,0,0,1,0,0.000661076,5.16691e-05,3.9101,0.000399284,0.0290236,0.0268074,6.71381e-05,0.0225562,0,3.4241,3.4241,0,7.99818,14.1015,1.83312,0.173579,0,4.05865,0,6.77208,14.3069,1.97405,0,0,3.92654,0
76549,306,,4.6171e-05,,,,,,,,,,,,,,,,,,,,,,,,,,,,,,
76599,306,,4.6171e-05,,,,,,,,,,,,,,,,,,,,,,,,,,,,,,
76649,306,,4.6171e-05,,,,,,,,,,,,,,,,,,,,,,,,,,,,,,
76699,306,,4.6171e-05,,,,,,,,,,,,,,,,,,,,,,,,,,,,,,
76749,306,306,4.6171e-05,0,0,1,0,0.000661133,5.10835e-05,3.92772,0.000398424,0.02835,0.0267829,7.18436e-05,0.0225172,0,3.42553,3.42553,0,7.86171,14.0334,1.82326,0.173485,0,4.1159,0,6.67097,14.3138,1.97163,0,0,3.92362,0
76799,307,,4.57093e-05,,,,,,,,,,,,,,,,,,,,,,,,,,,,,,
76849,307,,4.57093e-05,,,,,,,,,,,,,,,,,,,,,,,,,,,,,,
76899,307,,4.57093e-05,,,,,,,,,,,,,,,,,,,,,,,,,,,,,,
76949,307,,4.57093e-05,,,,,,,,,,,,,,,,,,,,,,,,,,,,,,
76999,307,307,4.57093e-05,0,0,1,0,0.000655413,5.48665e-05,3.70458,0.000394902,0.0310063,0.0258201,7.438e-05,0.0220362,0,3.40341,3.40341,0,8.00162,14.0381,1.83323,0.167559,0,4.07296,0,6.64696,14.2636,1.97519,0,0,3.93205,0
77049,308,,4.52522e-05,,,,,,,,,,,,,,,,,,,,,,,,,,,,,,
77099,308,,4.52522e-05,,,,,,,,,,,,,,,,,,,,,,,,,,,,,,
77149,308,,4.52522e-05,,,,,,,,,,,,,,,,,,,,,,,,,,,,,,
77199,308,,4.52522e-05,,,,,,,,,,,,,,,,,,,,,,,,,,,,,,
77249,308,308,4.52522e-05,0,0,1,0,0.000666924,5.59322e-05,3.87869,0.000402115,0.0307009,0.0275591,7.31161e-05,0.0234461,0,3.42663,3.42663,0,7.87618,14.129,1.82541,0.169727,0,4.14908,0,6.67721,14.2935,1.95975,0,0,3.91095,0
77299,309,,4.47997e-05,,,,,,,,,,,,,,,,,,,,,,,,,,,,,,
77349,309,,4.47997e-05,,,,,,,,,,,,,,,,,,,,,,,,,,,,,,
77399,309,,4.47997e-05,,,,,,,,,,,,,,,,,,,,,,,,,,,,,,
77449,309,,4.47997e-05,,,,,,,,,,,,,,,,,,,,,,,,,,,,,,
77499,309,309,4.47997e-05,0,0,1,0,0.000671349,5.87245e-05,3.81358,0.00039828,0.0405171,0.0273193,7.83632e-05,0.0238043,0,3.41964,3.41964,0,7.78603,14.0182,1.81064,0.167498,0,4.1285,0,6.62765,14.2761,1.96939,0,0,3.93863,0
77549,310,,4.43517e-05,,,,,,,,,,,,,,,,,,,,,,,,,,,,,,
77599,310,,4.43517e-05,,,,,,,,,,,,,,,,,,,,,,,,,,,,,,
77649,310,,4.43517e-05,,,,,,,,,,,,,,,,,,,,,,,,,,,,,,
77699,310,,4.43517e-05,,,,,,,,,,,,,,,,,,,,,,,,,,,,,,
77749,310,310,4.43517e-05,0,0,1,0,0.000670367,5.59651e-05,3.8311,0.000410308,0.0360135,0.0274252,7.29903e-05,0.0228585,0,3.40525,3.40525,0,7.9264,13.9672,1.82444,0.167658,0,4.0586,0,6.73072,14.2734,1.97945,0,0,3.93418,0
77799,311,,4.39082e-05,,,,,,,,,,,,,,,,,,,,,,,,,,,,,,
77849,311,,4.39082e-05,,,,,,,,,,,,,,,,,,,,,,,,,,,,,,
77899,311,,4.39082e-05,,,,,,,,,,,,,,,,,,,,,,,,,,,,,,
77949,311,,4.39082e-05,,,,,,,,,,,,,,,,,,,,,,,,,,,,,,
77999,311,311,4.39082e-05,0,0,1,0,0.000666145,5.78099e-05,3.75281,0.000401643,0.0375437,0.0270723,7.2685e-05,0.0229642,0,3.42067,3.42067,0,7.8836,14.0284,1.82129,0.16998,0,4.14181,0,6.6444,14.2531,1.96971,0,0,3.91207,0
78049,312,,4.34691e-05,,,,,,,,,,,,,,,,,,,,,,,,,,,,,,
78099,312,,4.34691e-05,,,,,,,,,,,,,,,,,,,,,,,,,,,,,,
78149,312,,4.34691e-05,,,,,,,,,,,,,,,,,,,,,,,,,,,,,,
78199,312,,4.34691e-05,,,,,,,,,,,,,,,,,,,,,,,,,,,,,,
78249,312,312,4.34691e-05,0,0,1,0,0.000667264,5.55998e-05,3.89909,0.000403335,0.0341424,0.0267852,7.10748e-05,0.0231905,0,3.40638,3.40638,0,7.85323,14.1844,1.82781,0.167331,0,4.16953,0,6.72703,14.3384,1.97705,0,0,3.97216,0
78299,313,,4.30344e-05,,,,,,,,,,,,,,,,,,,,,,,,,,,,,,
78349,313,,4.30344e-05,,,,,,,,,,,,,,,,,,,,,,,,,,,,,,
78399,313,,4.30344e-05,,,,,,,,,,,,,,,,,,,,,,,,,,,,,,
78449,313,,4.30344e-05,,,,,,,,,,,,,,,,,,,,,,,,,,,,,,
78499,313,313,4.30344e-05,0,0,1,0,0.000663529,5.81197e-05,3.92025,0.000391541,0.0373961,0.0272016,8.18804e-05,0.0236683,0,3.4033,3.4033,0,7.88333,14.1441,1.83134,0.166111,0,4.08643,0,6.76098,14.2189,1.96308,0,0,3.95198,0
78549,314,,4.26041e-05,,,,,,,,,,,,,,,,,,,,,,,,,,,,,,
78599,314,,4.26041e-05,,,,,,,,,,,,,,,,,,,,,,,,,,,,,,
78649,314,,4.26041e-05,,,,,,,,,,,,,,,,,,,,,,,,,,,,,,
78699,314,,4.26041e-05,,,,,,,,,,,,,,,,,,,,,,,,,,,,,,
78749,314,314,4.26041e-05,0,0,1,0,0.000671505,6.06414e-05,3.80848,0.000410004,0.0397248,0.0273486,8.33148e-05,0.0231239,0,3.38816,3.38816,0,7.89456,14.0299,1.82026,0.165383,0,4.14519,0,6.62951,14.1861,1.95943,0,0,3.90922,0
78799,315,,4.2178e-05,,,,,,,,,,,,,,,,,,,,,,,,,,,,,,
78849,315,,4.2178e-05,,,,,,,,,,,,,,,,,,,,,,,,,,,,,,
78899,315,,4.2178e-05,,,,,,,,,,,,,,,,,,,,,,,,,,,,,,
78949,315,,4.2178e-05,,,,,,,,,,,,,,,,,,,,,,,,,,,,,,
78999,315,315,4.2178e-05,0,0,1,0,0.000665472,6.14448e-05,3.86234,0.000398177,0.0404702,0.0265851,8.02391e-05,0.0221927,0,3.38785,3.38785,0,7.82175,13.9721,1.81512,0.165855,0,4.08511,0,6.65897,14.2087,1.96377,0,0,3.90598,0
79049,316,,4.17563e-05,,,,,,,,,,,,,,,,,,,,,,,,,,,,,,
79099,316,,4.17563e-05,,,,,,,,,,,,,,,,,,,,,,,,,,,,,,
79149,316,,4.17563e-05,,,,,,,,,,,,,,,,,,,,,,,,,,,,,,
79199,316,,4.17563e-05,,,,,,,,,,,,,,,,,,,,,,,,,,,,,,
79249,316,316,4.17563e-05,0,0,1,0,0.000664233,5.79814e-05,3.79835,0.00039401,0.0381059,0.0266199,7.36304e-05,0.0223422,0,3.38288,3.38288,0,7.84158,14.0547,1.81961,0.167572,0,4.08532,0,6.7196,14.2741,1.96539,0,0,3.95992,0
79299,317,,4.13387e-05,,,,,,,,,,,,,,,,,,,,,,,,,,,,,,
79349,317,,4.13387e-05,,,,,,,,,,,,,,,,,,,,,,,,,,,,,,
79399,317,,4.13387e-05,,,,,,,,,,,,,,,,,,,,,,,,,,,,,,
79449,317,,4.13387e-05,,,,,,,,,,,,,,,,,,,,,,,,,,,,,,
79499,317,317,4.13387e-05,0,0,1,0,0.000668979,5.87582e-05,3.82334,0.000408147,0.0386898,0.0268891,7.80226e-05,0.022544,0,3.38268,3.38268,0,7.81133,14.0623,1.82691,0.167282,0,4.10697,0,6.68147,14.1814,1.96298,0,0,3.90142,0
79549,318,,4.09253e-05,,,,,,,,,,,,,,,,,,,,,,,,,,,,,,
79599,318,,4.09253e-05,,,,,,,,,,,,,,,,,,,,,,,,,,,,,,
79649,318,,4.09253e-05,,,,,,,,,,,,,,,,,,,,,,,,,,,,,,
79699,318,,4.09253e-05,,,,,,,,,,,,,,,,,,,,,,,,,,,,,,
79749,318,318,4.09253e-05,0,0,1,0,0.000665758,5.83279e-05,3.92827,0.000403739,0.0385672,0.0270908,7.84353e-05,0.0226883,0,3.38981,3.38981,0,7.89433,13.9962,1.82452,0.168536,0,4.08973,0,6.6513,14.1769,1.95799,0,0,3.89682,0
79799,319,,4.0516e-05,,,,,,,,,,,,,,,,,,,,,,,,,,,,,,
79849,319,,4.0516e-05,,,,,,,,,,,,,,,,,,,,,,,,,,,,,,
79899,319,,4.0516e-05,,,,,,,,,,,,,,,,,,,,,,,,,,,,,,
79949,319,,4.0516e-05,,,,,,,,,,,,,,,,,,,,,,,,,,,,,,
79999,319,319,4.0516e-05,0,0,1,0,0.000675519,5.5677e-05,3.77891,0.000414894,0.0356773,0.0274569,7.55306e-05,0.0226172,0,3.38005,3.38005,0,7.90401,13.9639,1.82357,0.170867,0,4.07993,0,6.63628,14.1914,1.96318,0,0,3.90894,0
80049,320,,4.01109e-05,,,,,,,,,,,,,,,,,,,,,,,,,,,,,,
80099,320,,4.01109e-05,,,,,,,,,,,,,,,,,,,,,,,,,,,,,,
80149,320,,4.01109e-05,,,,,,,,,,,,,,,,,,,,,,,,,,,,,,
80199,320,,4.01109e-05,,,,,,,,,,,,,,,,,,,,,,,,,,,,,,
80249,320,320,4.01109e-05,0,0,1,0,0.000668986,5.60593e-05,3.91024,0.000409171,0.0354086,0.0271958,7.64293e-05,0.0232468,0,3.39103,3.39103,0,7.79041,14.1181,1.81853,0.172385,0,4.16665,0,6.6536,14.2209,1.9596,0,0,3.89749,0
80299,321,,3.97098e-05,,,,,,,,,,,,,,,,,,,,,,,,,,,,,,
80349,321,,3.97098e-05,,,,,,,,,,,,,,,,,,,,,,,,,,,,,,
80399,321,,3.97098e-05,,,,,,,,,,,,,,,,,,,,,,,,,,,,,,
80449,321,,3.97098e-05,,,,,,,,,,,,,,,,,,,,,,,,,,,,,,
80499,321,321,3.97098e-05,0,0,1,0,0.000675544,5.59356e-05,3.83389,0.00040917,0.0328811,0.0274743,7.28829e-05,0.0223983,0,3.37539,3.37539,0,7.8397,14.0292,1.81485,0.170743,0,4.08989,0,6.66926,14.1666,1.96474,0,0,3.89416,0
80549,322,,3.93127e-05,,,,,,,,,,,,,,,,,,,,,,,,,,,,,,
80599,322,,3.93127e-05,,,,,,,,,,,,,,,,,,,,,,,,,,,,,,
80649,322,,3.93127e-05,,,,,,,,,,,,,,,,,,,,,,,,,,,,,,
80699,322,,3.93127e-05,,,,,,,,,,,,,,,,,,,,,,,,,,,,,,
80749,322,322,3.93127e-05,0,0,1,0,0.000672079,5.33992e-05,3.70397,0.000405563,0.0358862,0.0272456,7.24459e-05,0.0227562,0,3.3718,3.3718,0,7.88491,14.0881,1.82963,0.175632,0,4.10302,0,6.714,14.2579,1.96117,0,0,3.95093,0
80799,323,,3.89196e-05,,,,,,,,,,,,,,,,,,,,,,,,,,,,,,
80849,323,,3.89196e-05,,,,,,,,,,,,,,,,,,,,,,,,,,,,,,
80899,323,,3.89196e-05,,,,,,,,,,,,,,,,,,,,,,,,,,,,,,
80949,323,,3.89196e-05,,,,,,,,,,,,,,,,,,,,,,,,,,,,,,
80999,323,323,3.89196e-05,0,0,1,0,0.00066007,5.08783e-05,3.95146,0.00039063,0.0284581,0.0260788,6.92205e-05,0.0215873,0,3.3821,3.3821,0,7.96332,14.0109,1.8364,0.175616,0,4.03693,0,6.73159,14.2128,1.9677,0,0,3.90274,0
81049,324,,3.85304e-05,,,,,,,,,,,,,,,,,,,,,,,,,,,,,,
81099,324,,3.85304e-05,,,,,,,,,,,,,,,,,,,,,,,,,,,,,,
81149,324,,3.85304e-05,,,,,,,,,,,,,,,,,,,,,,,,,,,,,,
81199,324,,3.85304e-05,,,,,,,,,,,,,,,,,,,,,,,,,,,,,,
81249,324,324,3.85304e-05,0,0,1,0,0.000677392,5.00911e-05,3.75928,0.000414727,0.0308799,0.0269456,6.94582e-05,0.0227035,0,3.36056,3.36056,0,7.89655,14.0874,1.83538,0.177585,0,4.14434,0,6.62886,14.1773,1.95006,0,0,3.88969,0
81299,325,,3.81451e-05,,,,,,,,,,,,,,,,,,,,,,,,,,,,,,
81349,325,,3.81451e-05,,,,,,,,,,,,,,,,,,,,,,,,,,,,,,
81399,325,,3.81451e-05,,,,,,,,,,,,,,,,,,,,,,,,,,,,,,
81449,325,,3.81451e-05,,,,,,,,,,,,,,,,,,,,,,,,,,,,,,
81499,325,325,3.81451e-05,0,0,1,0,0.000678091,5.10209e-05,3.79262,0.000411567,0.0304069,0.0270805,6.77588e-05,0.023181,0,3.3632,3.3632,0,7.89888,14.0164,1.83106,0.176611,0,4.0776,0,6.68622,14.1486,1.95341,0,0,3.90036,0
81549,326,,3.77636e-05,,,,,,,,,,,,,,,,,,,,,,,,,,,,,,
81599,326,,3.77636e-05,,,,,,,,,,,,,,,,,,,,,,,,,,,,,,
81649,326,,3.77636e-05,,,,,,,,,,,,,,,,,,,,,,,,,,,,,,
81699,326,,3.77636e-05,,,,,,,,,,,,,,,,,,,,,,,,,,,,,,
81749,326,326,3.77636e-05,0,0,1,0,0.000672976,5.06471e-05,3.78381,0.000410904,0.029878,0.0270259,6.89687e-05,0.0225204,0,3.35701,3.35701,0,7.9021,14.0477,1.84516,0.181798,0,4.0432,0,6.74966,14.2103,1.95581,0,0,3.89179,0
81799,327,,3.7386e-05,,,,,,,,,,,,,,,,,,,,,,,,,,,,,,
81849,327,,3.7386e-05,,,,,,,,,,,,,,,,,,,,,,,,,,,,,,
81899,327,,3.7386e-05,,,,,,,,,,,,,,,,,,,,,,,,,,,,,,
81949,327,,3.7386e-05,,,,,,,,,,,,,,,,,,,,,,,,,,,,,,
81999,327,327,3.7386e-05,0,0,1,0,0.000677139,4.91205e-05,3.78706,0.000409742,0.027707,0.0273357,6.48204e-05,0.0233659,0,3.36592,3.36592,0,7.96916,14.082,1.8461,0.184203,0,4.07818,0,6.72674,14.2357,1.95881,0,0,3.89997,0
82049,328,,3.70121e-05,,,,,,,,,,,,,,,,,,,,,,,,,,,,,,
82099,328,,3.70121e-05,,,,,,,,,,,,,,,,,,,,,,,,,,,,,,
82149,328,,3.70121e-05,,,,,,,,,,,,,,,,,,,,,,,,,,,,,,
82199,328,,3.70121e-05,,,,,,,,,,,,,,,,,,,,,,,,,,,,,,
82249,328,328,3.70121e-05,0,0,1,0,0.000682316,4.97432e-05,3.64512,0.000414292,0.0259898,0.0275102,6.82751e-05,0.0238372,0,3.3622,3.3622,0,7.90195,13.9949,1.82354,0.181328,0,4.04127,0,6.67349,14.1553,1.96245,0,0,3.89731,0
82299,329,,3.6642e-05,,,,,,,,,,,,,,,,,,,,,,,,,,,,,,
82349,329,,3.6642e-05,,,,,,,,,,,,,,,,,,,,,,,,,,,,,,
82399,329,,3.6642e-05,,,,,,,,,,,,,,,,,,,,,,,,,,,,,,
82449,329,,3.6642e-05,,,,,,,,,,,,,,,,,,,,,,,,,,,,,,
82499,329,329,3.6642e-05,0,0,1,0,0.000682109,4.99227e-05,3.77781,0.000416091,0.0283899,0.0281655,6.55429e-05,0.0234398,0,3.37461,3.37461,0,7.86572,14.1267,1.82863,0.1821,0,4.12338,0,6.67144,14.1963,1.95044,0,0,3.89435,0
82549,330,,3.62756e-05,,,,,,,,,,,,,,,,,,,,,,,,,,,,,,
82599,330,,3.62756e-05,,,,,,,,,,,,,,,,,,,,,,,,,,,,,,
82649,330,,3.62756e-05,,,,,,,,,,,,,,,,,,,,,,,,,,,,,,
82699,330,,3.62756e-05,,,,,,,,,,,,,,,,,,,,,,,,,,,,,,
82749,330,330,3.62756e-05,0,0,1,0,0.000669111,4.91736e-05,3.73438,0.000403193,0.028272,0.0266077,6.73126e-05,0.0222335,0,3.35175,3.35175,0,7.88031,14.0659,1.83506,0.183346,0,4.11555,0,6.67427,14.1789,1.95485,0,0,3.8959,0
82799,331,,3.59128e-05,,,,,,,,,,,,,,,,,,,,,,,,,,,,,,
82849,331,,3.59128e-05,,,,,,,,,,,,,,,,,,,,,,,,,,,,,,
82899,331,,3.59128e-05,,,,,,,,,,,,,,,,,,,,,,,,,,,,,,
82949,331,,3.59128e-05,,,,,,,,,,,,,,,,,,,,,,,,,,,,,,
82999,331,331,3.59128e-05,0,0,1,0,0.0006724,5.03816e-05,3.83175,0.000406563,0.0256245,0.026722,6.66553e-05,0.0221514,0,3.36089,3.36089,0,7.86029,14.0471,1.83014,0.18415,0,4.05501,0,6.72041,14.2469,1.9586,0,0,3.94062,0
83049,332,,3.55537e-05,,,,,,,,,,,,,,,,,,,,,,,,,,,,,,
83099,332,,3.55537e-05,,,,,,,,,,,,,,,,,,,,,,,,,,,,,,
83149,332,,3.55537e-05,,,,,,,,,,,,,,,,,,,,,,,,,,,,,,
83199,332,,3.55537e-05,,,,,,,,,,,,,,,,,,,,,,,,,,,,,,
83249,332,332,3.55537e-05,0,0,1,0,0.000680422,5.1145e-05,3.71496,0.000410752,0.0242335,0.0273266,6.602e-05,0.0234013,0,3.35241,3.35241,0,7.84715,14.0561,1.83351,0.183043,0,4.10263,0,6.66451,14.1659,1.95406,0,0,3.89945,0
83299,333,,3.51981e-05,,,,,,,,,,,,,,,,,,,,,,,,,,,,,,
83349,333,,3.51981e-05,,,,,,,,,,,,,,,,,,,,,,,,,,,,,,
83399,333,,3.51981e-05,,,,,,,,,,,,,,,,,,,,,,,,,,,,,,
83449,333,,3.51981e-05,,,,,,,,,,,,,,,,,,,,,,,,,,,,,,
83499,333,333,3.51981e-05,0,0,1,0,0.000673419,5.05685e-05,3.87358,0.00040901,0.0260141,0.0269463,6.87387e-05,0.022801,0,3.35846,3.35846,0,7.7735,13.983,1.81123,0.180953,0,4.11568,0,6.55841,14.0827,1.94133,0,0,3.89434,0
83549,334,,3.48462e-05,,,,,,,,,,,,,,,,,,,,,,,,,,,,,,
83599,334,,3.48462e-05,,,,,,,,,,,,,,,,,,,,,,,,,,,,,,
83649,334,,3.48462e-05,,,,,,,,,,,,,,,,,,,,,,,,,,,,,,
83699,334,,3.48462e-05,,,,,,,,,,,,,,,,,,,,,,,,,,,,,,
83749,334,334,3.48462e-05,0,0,1,0,0.000689516,5.10826e-05,3.51191,0.000425512,0.0255606,0.0277527,6.56786e-05,0.0231474,0,3.34194,3.34194,0,7.8033,14.0253,1.81788,0.183589,0,4.07991,0,6.65907,14.2061,1.95003,0,0,3.91926,0
83799,335,,3.44977e-05,,,,,,,,,,,,,,,,,,,,,,,,,,,,,,
83849,335,,3.44977e-05,,,,,,,,,,,,,,,,,,,,,,,,,,,,,,
83899,335,,3.44977e-05,,,,,,,,,,,,,,,,,,,,,,,,,,,,,,
83949,335,,3.44977e-05,,,,,,,,,,,,,,,,,,,,,,,,,,,,,,
83999,335,335,3.44977e-05,0,0,1,0,0.000665268,5.06693e-05,3.90162,0.000407101,0.0280265,0.0264212,6.47214e-05,0.0215167,0,3.35452,3.35452,0,7.81467,14.01,1.8203,0.184233,0,4.15319,0,6.62426,14.1456,1.94461,0,0,3.9005,0
84049,336,,3.41527e-05,,,,,,,,,,,,,,,,,,,,,,,,,,,,,,
84099,336,,3.41527e-05,,,,,,,,,,,,,,,,,,,,,,,,,,,,,,
84149,336,,3.41527e-05,,,,,,,,,,,,,,,,,,,,,,,,,,,,,,
84199,336,,3.41527e-05,,,,,,,,,,,,,,,,,,,,,,,,,,,,,,
84249,336,336,3.41527e-05,0,0,1,0,0.000674172,5.03908e-05,3.80295,0.000414517,0.0265169,0.0266219,6.514e-05,0.0221263,0,3.33786,3.33786,0,7.83474,14.1342,1.81704,0.182719,0,4.15523,0,6.58864,14.1568,1.94154,0,0,3.8722,0
84299,337,,3.38112e-05,,,,,,,,,,,,,,,,,,,,,,,,,,,,,,
84349,337,,3.38112e-05,,,,,,,,,,,,,,,,,,,,,,,,,,,,,,
84399,337,,3.38112e-05,,,,,,,,,,,,,,,,,,,,,,,,,,,,,,
84449,337,,3.38112e-05,,,,,,,,,,,,,,,,,,,,,,,,,,,,,,
84499,337,337,3.38112e-05,0,0,1,0,0.000682928,5.16615e-05,3.76914,0.000417834,0.0258724,0.0277092,6.61153e-05,0.0231215,0,3.34813,3.34813,0,7.91664,13.9596,1.8243,0.180837,0,4.04516,0,6.69787,14.098,1.94645,0,0,3.8871,0
84549,338,,3.34731e-05,,,,,,,,,,,,,,,,,,,,,,,,,,,,,,
84599,338,,3.34731e-05,,,,,,,,,,,,,,,,,,,,,,,,,,,,,,
84649,338,,3.34731e-05,,,,,,,,,,,,,,,,,,,,,,,,,,,,,,
84699,338,,3.34731e-05,,,,,,,,,,,,,,,,,,,,,,,,,,,,,,
84749,338,338,3.34731e-05,0,0,1,0,0.000675765,5.14987e-05,3.68154,0.000403635,0.026514,0.0263615,6.66625e-05,0.0223406,0,3.33351,3.33351,0,7.79793,14.0936,1.81703,0.181149,0,4.11422,0,6.67169,14.1642,1.95363,0,0,3.8959,0
84799,339,,3.31384e-05,,,,,,,,,,,,,,,,,,,,,,,,,,,,,,
84849,339,,3.31384e-05,,,,,,,,,,,,,,,,,,,,,,,,,,,,,,
84899,339,,3.31384e-05,,,,,,,,,,,,,,,,,,,,,,,,,,,,,,
84949,339,,3.31384e-05,,,,,,,,,,,,,,,,,,,,,,,,,,,,,,
84999,339,339,3.31384e-05,0,0,1,0,0.000677871,5.15501e-05,3.73411,0.000421285,0.0272329,0.027285,6.70607e-05,0.0222535,0,3.32168,3.32168,0,7.84809,13.9879,1.82159,0.179303,0,4.08141,0,6.68446,14.1165,1.95005,0,0,3.90133,0
85049,340,,3.2807e-05,,,,,,,,,,,,,,,,,,,,,,,,,,,,,,
85099,340,,3.2807e-05,,,,,,,,,,,,,,,,,,,,,,,,,,,,,,
85149,340,,3.2807e-05,,,,,,,,,,,,,,,,,,,,,,,,,,,,,,
85199,340,,3.2807e-05,,,,,,,,,,,,,,,,,,,,,,,,,,,,,,
85249,340,340,3.2807e-05,0,0,1,0,0.000670953,5.09729e-05,3.88351,0.000406984,0.0263766,0.0266478,7.27355e-05,0.0222764,0,3.33868,3.33868,0,7.84387,13.9902,1.81487,0.180195,0,4.08349,0,6.69244,14.2011,1.94945,0,0,3.90486,0
85299,341,,3.24789e-05,,,,,,,,,,,,,,,,,,,,,,,,,,,,,,
85349,341,,3.24789e-05,,,,,,,,,,,,,,,,,,,,,,,,,,,,,,
85399,341,,3.24789e-05,,,,,,,,,,,,,,,,,,,,,,,,,,,,,,
85449,341,,3.24789e-05,,,,,,,,,,,,,,,,,,,,,,,,,,,,,,
85499,341,341,3.24789e-05,0,0,1,0,0.000674567,5.06656e-05,3.73374,0.000412884,0.0267545,0.0267481,6.98578e-05,0.0222003,0,3.32755,3.32755,0,7.74808,14.0262,1.81301,0.181765,0,4.09665,0,6.60583,14.1021,1.93605,0,0,3.8726,0
85549,342,,3.21541e-05,,,,,,,,,,,,,,,,,,,,,,,,,,,,,,
85599,342,,3.21541e-05,,,,,,,,,,,,,,,,,,,,,,,,,,,,,,
85649,342,,3.21541e-05,,,,,,,,,,,,,,,,,,,,,,,,,,,,,,
85699,342,,3.21541e-05,,,,,,,,,,,,,,,,,,,,,,,,,,,,,,
85749,342,342,3.21541e-05,0,0,1,0,0.000669196,4.94803e-05,3.83299,0.000408244,0.0269135,0.0257511,6.85673e-05,0.0211642,0,3.33376,3.33376,0,7.90877,14.1032,1.82614,0.181661,0,4.10057,0,6.66231,14.1453,1.94845,0,0,3.89863,0
85799,343,,3.18326e-05,,,,,,,,,,,,,,,,,,,,,,,,,,,,,,
85849,343,,3.18326e-05,,,,,,,,,,,,,,,,,,,,,,,,,,,,,,
85899,343,,3.18326e-05,,,,,,,,,,,,,,,,,,,,,,,,,,,,,,
85949,343,,3.18326e-05,,,,,,,,,,,,,,,,,,,,,,,,,,,,,,
85999,343,343,3.18326e-05,0,0,1,0,0.000682641,4.99169e-05,3.69967,0.000421471,0.0269414,0.0271444,7.07411e-05,0.0224632,0,3.31622,3.31622,0,7.86003,13.9789,1.82212,0.180748,0,4.05218,0,6.64486,14.1236,1.94489,0,0,3.88544,0
86049,344,,3.15142e-05,,,,,,,,,,,,,,,,,,,,,,,,,,,,,,
86099,344,,3.15142e-05,,,,,,,,,,,,,,,,,,,,,,,,,,,,,,
86149,344,,3.15142e-05,,,,,,,,,,,,,,,,,,,,,,,,,,,,,,
86199,344,,3.15142e-05,,,,,,,,,,,,,,,,,,,,,,,,,,,,,,
86249,344,344,3.15142e-05,0,0,1,0,0.00066803,5.12271e-05,3.76278,0.000410871,0.0286653,0.026096,6.92949e-05,0.0215012,0,3.32226,3.32226,0,7.84728,14.0309,1.81726,0.18008,0,4.0498,0,6.69457,14.0842,1.94057,0,0,3.89557,0
86299,345,,3.11991e-05,,,,,,,,,,,,,,,,,,,,,,,,,,,,,,
86349,345,,3.11991e-05,,,,,,,,,,,,,,,,,,,,,,,,,,,,,,
86399,345,,3.11991e-05,,,,,,,,,,,,,,,,,,,,,,,,,,,,,,
86449,345,,3.11991e-05,,,,,,,,,,,,,,,,,,,,,,,,,,,,,,
86499,345,345,3.11991e-05,0,0,1,0,0.000679036,5.03348e-05,3.71171,0.000418932,0.0265243,0.0273168,7.10872e-05,0.0227782,0,3.32689,3.32689,0,7.77318,13.9583,1.81395,0.181222,0,4.09737,0,6.60771,14.1394,1.93346,0,0,3.86826,0
86549,346,,3.08871e-05,,,,,,,,,,,,,,,,,,,,,,,,,,,,,,
86599,346,,3.08871e-05,,,,,,,,,,,,,,,,,,,,,,,,,,,,,,
86649,346,,3.08871e-05,,,,,,,,,,,,,,,,,,,,,,,,,,,,,,
86699,346,,3.08871e-05,,,,,,,,,,,,,,,,,,,,,,,,,,,,,,
86749,346,346,3.08871e-05,0,0,1,0,0.000687214,5.06829e-05,3.60966,0.000423278,0.0287181,0.0275324,6.86986e-05,0.0230816,0,3.32431,3.32431,0,7.81988,13.9307,1.81448,0.177398,0,4.05941,0,6.66398,14.0967,1.94093,0,0,3.87848,0
86799,347,,3.05782e-05,,,,,,,,,,,,,,,,,,,,,,,,,,,,,,
86849,347,,3.05782e-05,,,,,,,,,,,,,,,,,,,,,,,,,,,,,,
86899,347,,3.05782e-05,,,,,,,,,,,,,,,,,,,,,,,,,,,,,,
86949,347,,3.05782e-05,,,,,,,,,,,,,,,,,,,,,,,,,,,,,,
86999,347,347,3.05782e-05,0,0,1,0,0.000681188,5.03295e-05,3.60952,0.000420059,0.0310231,0.0271927,7.06484e-05,0.0223917,0,3.30901,3.30901,0,7.6828,13.9922,1.80527,0.177757,0,4.23388,0,6.52903,14.1192,1.92576,0,0,3.89578,0
87049,348,,3.02725e-05,,,,,,,,,,,,,,,,,,,,,,,,,,,,,,
87099,348,,3.02725e-05,,,,,,,,,,,,,,,,,,,,,,,,,,,,,,
87149,348,,3.02725e-05,,,,,,,,,,,,,,,,,,,,,,,,,,,,,,
87199,348,,3.02725e-05,,,,,,,,,,,,,,,,,,,,,,,,,,,,,,
87249,348,348,3.02725e-05,0,0,1,0,0.00067807,5.05801e-05,3.62938,0.000424692,0.0322224,0.0272399,7.23538e-05,0.0226723,0,3.31377,3.31377,0,7.8176,13.9386,1.81081,0.175711,0,4.05619,0,6.68179,14.1262,1.94774,0,0,3.88204,0
87299,349,,2.99697e-05,,,,,,,,,,,,,,,,,,,,,,,,,,,,,,
87349,349,,2.99697e-05,,,,,,,,,,,,,,,,,,,,,,,,,,,,,,
87399,349,,2.99697e-05,,,,,,,,,,,,,,,,,,,,,,,,,,,,,,
87449,349,,2.99697e-05,,,,,,,,,,,,,,,,,,,,,,,,,,,,,,
87499,349,349,2.99697e-05,0,0,1,0,0.000680768,5.46477e-05,3.71775,0.000411921,0.0350771,0.0269071,7.17308e-05,0.0224602,0,3.31861,3.31861,0,7.74719,13.9837,1.81253,0.170549,0,4.161,0,6.57948,14.091,1.94132,0,0,3.89279,0
87549,350,,2.967e-05,,,,,,,,,,,,,,,,,,,,,,,,,,,,,,
87599,350,,2.967e-05,,,,,,,,,,,,,,,,,,,,,,,,,,,,,,
87649,350,,2.967e-05,,,,,,,,,,,,,,,,,,,,,,,,,,,,,,
87699,350,,2.967e-05,,,,,,,,,,,,,,,,,,,,,,,,,,,,,,
87749,350,350,2.967e-05,0,0,1,0,0.000682408,5.66172e-05,3.7356,0.000417739,0.0337276,0.0266612,7.3961e-05,0.0223847,0,3.31149,3.31149,0,7.80953,13.9712,1.81643,0.172573,0,4.08934,0,6.61599,14.0798,1.9406,0,0,3.87872,0
87799,351,,2.93733e-05,,,,,,,,,,,,,,,,,,,,,,,,,,,,,,
87849,351,,2.93733e-05,,,,,,,,,,,,,,,,,,,,,,,,,,,,,,
87899,351,,2.93733e-05,,,,,,,,,,,,,,,,,,,,,,,,,,,,,,
87949,351,,2.93733e-05,,,,,,,,,,,,,,,,,,,,,,,,,,,,,,
87999,351,351,2.93733e-05,0,0,1,0,0.000682078,5.33339e-05,3.66485,0.000416335,0.0342909,0.0271079,7.38433e-05,0.0223586,0,3.30934,3.30934,0,7.7578,13.9438,1.81096,0.172834,0,4.09344,0,6.54927,14.0631,1.93873,0,0,3.87305,0
88049,352,,2.90796e-05,,,,,,,,,,,,,,,,,,,,,,,,,,,,,,
88099,352,,2.90796e-05,,,,,,,,,,,,,,,,,,,,,,,,,,,,,,
88149,352,,2.90796e-05,,,,,,,,,,,,,,,,,,,,,,,,,,,,,,
88199,352,,2.90796e-05,,,,,,,,,,,,,,,,,,,,,,,,,,,,,,
88249,352,352,2.90796e-05,0,0,1,0,0.000681982,5.33781e-05,3.63249,0.000419294,0.0345274,0.027598,6.90776e-05,0.0231534,0,3.30067,3.30067,0,7.85167,13.8969,1.81526,0.17258,0,4.06437,0,6.58735,14.0121,1.9324,0,0,3.87505,0
88299,353,,2.87888e-05,,,,,,,,,,,,,,,,,,,,,,,,,,,,,,
88349,353,,2.87888e-05,,,,,,,,,,,,,,,,,,,,,,,,,,,,,,
88399,353,,2.87888e-05,,,,,,,,,,,,,,,,,,,,,,,,,,,,,,
88449,353,,2.87888e-05,,,,,,,,,,,,,,,,,,,,,,,,,,,,,,
88499,353,353,2.87888e-05,0,0,1,0,0.000681712,5.29762e-05,3.63441,0.000421385,0.0300708,0.0267276,7.01e-05,0.0223822,0,3.29721,3.29721,0,7.80246,13.9672,1.81775,0.17485,0,4.10331,0,6.59173,14.0685,1.93549,0,0,3.87302,0
88549,354,,2.85009e-05,,,,,,,,,,,,,,,,,,,,,,,,,,,,,,
88599,354,,2.85009e-05,,,,,,,,,,,,,,,,,,,,,,,,,,,,,,
88649,354,,2.85009e-05,,,,,,,,,,,,,,,,,,,,,,,,,,,,,,
88699,354,,2.85009e-05,,,,,,,,,,,,,,,,,,,,,,,,,,,,,,
88749,354,354,2.85009e-05,0,0,1,0,0.000677106,5.14588e-05,3.76711,0.000423622,0.0372245,0.0270421,6.94577e-05,0.0218576,0,3.3045,3.3045,0,7.77308,13.9801,1.81979,0.175998,0,4.10409,0,6.57536,14.0466,1.92749,0,0,3.85239,0
88799,355,,2.82159e-05,,,,,,,,,,,,,,,,,,,,,,,,,,,,,,
88849,355,,2.82159e-05,,,,,,,,,,,,,,,,,,,,,,,,,,,,,,
88899,355,,2.82159e-05,,,,,,,,,,,,,,,,,,,,,,,,,,,,,,
88949,355,,2.82159e-05,,,,,,,,,,,,,,,,,,,,,,,,,,,,,,
88999,355,355,2.82159e-05,0,0,1,0,0.000696926,5.03011e-05,3.56032,0.000440982,0.0341612,0.028947,7.05564e-05,0.0239781,0,3.31787,3.31787,0,7.86526,13.9384,1.81972,0.174951,0,4.08042,0,6.62349,14.0368,1.9296,0,0,3.8665,0
89049,356,,2.79338e-05,,,,,,,,,,,,,,,,,,,,,,,,,,,,,,
89099,356,,2.79338e-05,,,,,,,,,,,,,,,,,,,,,,,,,,,,,,
89149,356,,2.79338e-05,,,,,,,,,,,,,,,,,,,,,,,,,,,,,,
89199,356,,2.79338e-05,,,,,,,,,,,,,,,,,,,,,,,,,,,,,,
89249,356,356,2.79338e-05,0,0,1,0,0.000673337,5.03991e-05,3.70732,0.000417094,0.034808,0.0266459,7.11921e-05,0.0220679,0,3.30935,3.30935,0,7.83871,13.8949,1.80858,0.175844,0,4.0787,0,6.54342,14.0345,1.92142,0,0,3.88314,0
89299,357,,2.76544e-05,,,,,,,,,,,,,,,,,,,,,,,,,,,,,,
89349,357,,2.76544e-05,,,,,,,,,,,,,,,,,,,,,,,,,,,,,,
89399,357,,2.76544e-05,,,,,,,,,,,,,,,,,,,,,,,,,,,,,,
89449,357,,2.76544e-05,,,,,,,,,,,,,,,,,,,,,,,,,,,,,,
89499,357,357,2.76544e-05,0,0,1,0,0.000678938,5.14555e-05,3.62866,0.000420174,0.0317933,0.0265919,7.03153e-05,0.0221337,0,3.2916,3.2916,0,7.73153,14.0043,1.81715,0.174992,0,4.16639,0,6.55298,14.0637,1.92376,0,0,3.86203,0
89549,358,,2.73779e-05,,,,,,,,,,,,,,,,,,,,,,,,,,,,,,
89599,358,,2.73779e-05,,,,,,,,,,,,,,,,,,,,,,,,,,,,,,
89649,358,,2.73779e-05,,,,,,,,,,,,,,,,,,,,,,,,,,,,,,
89699,358,,2.73779e-05,,,,,,,,,,,,,,,,,,,,,,,,,,,,,,
89749,358,358,2.73779e-05,0,0,1,0,0.000685094,5.36306e-05,3.66316,0.000420986,0.0369503,0.0273497,7.40912e-05,0.0229248,0,3.3004,3.3004,0,7.88419,13.9369,1.81326,0.173203,0,4.04375,0,6.70642,14.0681,1.94323,0,0,3.88318,0
89799,359,,2.71041e-05,,,,,,,,,,,,,,,,,,,,,,,,,,,,,,
89849,359,,2.71041e-05,,,,,,,,,,,,,,,,,,,,,,,,,,,,,,
89899,359,,2.71041e-05,,,,,,,,,,,,,,,,,,,,,,,,,,,,,,
89949,359,,2.71041e-05,,,,,,,,,,,,,,,,,,,,,,,,,,,,,,
89999,359,359,2.71041e-05,0,0,1,0,0.000672472,5.36897e-05,3.81839,0.000414162,0.0358915,0.0267495,7.21852e-05,0.021859,0,3.30091,3.30091,0,7.74657,13.9179,1.80285,0.172187,0,4.12509,0,6.56466,14.0434,1.93109,0,0,3.87577,0
90049,360,,2.68331e-05,,,,,,,,,,,,,,,,,,,,,,,,,,,,,,
90099,360,,2.68331e-05,,,,,,,,,,,,,,,,,,,,,,,,,,,,,,
90149,360,,2.68331e-05,,,,,,,,,,,,,,,,,,,,,,,,,,,,,,
90199,360,,2.68331e-05,,,,,,,,,,,,,,,,,,,,,,,,,,,,,,
90249,360,360,2.68331e-05,0,0,1,0,0.000674371,5.14546e-05,3.74163,0.000417811,0.034076,0.0265276,7.37724e-05,0.0218468,0,3.29999,3.29999,0,7.86822,13.9479,1.8126,0.17501,0,4.0876,0,6.6403,14.0903,1.93539,0,0,3.8818,0
90299,361,,2.65647e-05,,,,,,,,,,,,,,,,,,,,,,,,,,,,,,
90349,361,,2.65647e-05,,,,,,,,,,,,,,,,,,,,,,,,,,,,,,
90399,361,,2.65647e-05,,,,,,,,,,,,,,,,,,,,,,,,,,,,,,
90449,361,,2.65647e-05,,,,,,,,,,,,,,,,,,,,,,,,,,,,,,
90499,361,361,2.65647e-05,0,0,1,0,0.000680268,5.14903e-05,3.7264,0.000416189,0.0311066,0.0268034,6.95443e-05,0.0220103,0,3.29431,3.29431,0,7.81445,13.9513,1.8059,0.17341,0,4.15867,0,6.55665,14.031,1.93375,0,0,3.88521,0
90549,362,,2.62991e-05,,,,,,,,,,,,,,,,,,,,,,,,,,,,,,
90599,362,,2.62991e-05,,,,,,,,,,,,,,,,,,,,,,,,,,,,,,
90649,362,,2.62991e-05,,,,,,,,,,,,,,,,,,,,,,,,,,,,,,
90699,362,,2.62991e-05,,,,,,,,,,,,,,,,,,,,,,,,,,,,,,
90749,362,362,2.62991e-05,0,0,1,0,0.000687927,5.35739e-05,3.55817,0.000424801,0.0346552,0.0273171,7.30617e-05,0.0224713,0,3.29625,3.29625,0,7.82437,13.9721,1.80305,0.173021,0,4.13762,0,6.55569,14.0337,1.92608,0,0,3.87362,0
90799,363,,2.60361e-05,,,,,,,,,,,,,,,,,,,,,,,,,,,,,,
90849,363,,2.60361e-05,,,,,,,,,,,,,,,,,,,,,,,,,,,,,,
90899,363,,2.60361e-05,,,,,,,,,,,,,,,,,,,,,,,,,,,,,,
90949,363,,2.60361e-05,,,,,,,,,,,,,,,,,,,,,,,,,,,,,,
90999,363,363,2.60361e-05,0,0,1,0,0.000675447,5.29008e-05,3.743,0.000417041,0.0389544,0.0266071,7.34477e-05,0.0220318,0,3.29034,3.29034,0,7.85712,14.0125,1.82123,0.174725,0,4.11175,0,6.6098,14.0216,1.93135,0,0,3.86661,0
91049,364,,2.57757e-05,,,,,,,,,,,,,,,,,,,,,,,,,,,,,,
91099,364,,2.57757e-05,,,,,,,,,,,,,,,,,,,,,,,,,,,,,,
91149,364,,2.57757e-05,,,,,,,,,,,,,,,,,,,,,,,,,,,,,,
91199,364,,2.57757e-05,,,,,,,,,,,,,,,,,,,,,,,,,,,,,,
91249,364,364,2.57757e-05,0,0,1,0,0.000680579,5.37711e-05,3.56151,0.000420918,0.0344799,0.0269571,7.58192e-05,0.0219993,0,3.29366,3.29366,0,7.84828,13.9528,1.81096,0.172122,0,4.13123,0,6.60047,13.9896,1.93642,0,0,3.87713,0
91299,365,,2.5518e-05,,,,,,,,,,,,,,,,,,,,,,,,,,,,,,
91349,365,,2.5518e-05,,,,,,,,,,,,,,,,,,,,,,,,,,,,,,
91399,365,,2.5518e-05,,,,,,,,,,,,,,,,,,,,,,,,,,,,,,
91449,365,,2.5518e-05,,,,,,,,,,,,,,,,,,,,,,,,,,,,,,
91499,365,365,2.5518e-05,0,0,1,0,0.00067862,5.5241e-05,3.5039,0.000419935,0.0420358,0.0268528,7.55119e-05,0.0226577,0,3.28264,3.28264,0,7.78816,13.926,1.80645,0.169593,0,4.06593,0,6.57505,13.9793,1.92344,0,0,3.88446,0
91549,366,,2.52628e-05,,,,,,,,,,,,,,,,,,,,,,,,,,,,,,
91599,366,,2.52628e-05,,,,,,,,,,,,,,,,,,,,,,,,,,,,,,
91649,366,,2.52628e-05,,,,,,,,,,,,,,,,,,,,,,,,,,,,,,
91699,366,,2.52628e-05,,,,,,,,,,,,,,,,,,,,,,,,,,,,,,
91749,366,366,2.52628e-05,0,0,1,0,0.000681466,5.63969e-05,3.47708,0.000429098,0.0425383,0.0274557,8.08608e-05,0.0227453,0,3.28203,3.28203,0,7.78658,13.8853,1.80755,0.169014,0,4.09152,0,6.61424,13.9625,1.92518,0,0,3.8725,0
91799,367,,2.50102e-05,,,,,,,,,,,,,,,,,,,,,,,,,,,,,,
91849,367,,2.50102e-05,,,,,,,,,,,,,,,,,,,,,,,,,,,,,,
91899,367,,2.50102e-05,,,,,,,,,,,,,,,,,,,,,,,,,,,,,,
91949,367,,2.50102e-05,,,,,,,,,,,,,,,,,,,,,,,,,,,,,,
91999,367,367,2.50102e-05,0,0,1,0,0.000679905,5.42049e-05,3.68207,0.000430608,0.041743,0.0265629,7.54195e-05,0.0217495,0,3.28126,3.28126,0,7.8739,13.9473,1.82249,0.171483,0,4.06778,0,6.6353,13.9908,1.92708,0,0,3.86494,0
92049,368,,2.47601e-05,,,,,,,,,,,,,,,,,,,,,,,,,,,,,,
92099,368,,2.47601e-05,,,,,,,,,,,,,,,,,,,,,,,,,,,,,,
92149,368,,2.47601e-05,,,,,,,,,,,,,,,,,,,,,,,,,,,,,,
92199,368,,2.47601e-05,,,,,,,,,,,,,,,,,,,,,,,,,,,,,,
92249,368,368,2.47601e-05,0,0,1,0,0.000684779,5.45227e-05,3.60775,0.000429699,0.0416718,0.0269443,8.1374e-05,0.0220066,0,3.27756,3.27756,0,7.87167,13.9442,1.82626,0.170278,0,4.0588,0,6.67313,13.9952,1.93236,0,0,3.86693,0
92299,369,,2.45125e-05,,,,,,,,,,,,,,,,,,,,,,,,,,,,,,
92349,369,,2.45125e-05,,,,,,,,,,,,,,,,,,,,,,,,,,,,,,
92399,369,,2.45125e-05,,,,,,,,,,,,,,,,,,,,,,,,,,,,,,
92449,369,,2.45125e-05,,,,,,,,,,,,,,,,,,,,,,,,,,,,,,
92499,369,369,2.45125e-05,0,0,1,0,0.000682382,5.63426e-05,3.57197,0.000422873,0.0428552,0.0269475,8.42136e-05,0.0225349,0,3.27782,3.27782,0,7.88417,13.9268,1.81392,0.168615,0,4.0545,0,6.63489,13.997,1.93114,0,0,3.87922,0
92549,370,,2.42673e-05,,,,,,,,,,,,,,,,,,,,,,,,,,,,,,
92599,370,,2.42673e-05,,,,,,,,,,,,,,,,,,,,,,,,,,,,,,
92649,370,,2.42673e-05,,,,,,,,,,,,,,,,,,,,,,,,,,,,,,
92699,370,,2.42673e-05,,,,,,,,,,,,,,,,,,,,,,,,,,,,,,
92749,370,370,2.42673e-05,0,0,1,0,0.000675532,5.67793e-05,3.57108,0.000424587,0.0396621,0.0264893,8.28667e-05,0.0214376,0,3.26716,3.26716,0,7.7835,13.8929,1.80478,0.167419,0,4.07872,0,6.63432,13.9723,1.92253,0,0,3.86339,0
92799,371,,2.40247e-05,,,,,,,,,,,,,,,,,,,,,,,,,,,,,,
92849,371,,2.40247e-05,,,,,,,,,,,,,,,,,,,,,,,,,,,,,,
92899,371,,2.40247e-05,,,,,,,,,,,,,,,,,,,,,,,,,,,,,,
92949,371,,2.40247e-05,,,,,,,,,,,,,,,,,,,,,,,,,,,,,,
92999,371,371,2.40247e-05,0,0,1,0,0.000676744,5.81748e-05,3.5364,0.00042034,0.041946,0.0264556,8.50215e-05,0.0213673,0,3.2752,3.2752,0,7.75161,13.8992,1.80493,0.16604,0,4.12769,0,6.58912,13.9451,1.92119,0,0,3.85529,0
93049,372,,2.37844e-05,,,,,,,,,,,,,,,,,,,,,,,,,,,,,,
93099,372,,2.37844e-05,,,,,,,,,,,,,,,,,,,,,,,,,,,,,,
93149,372,,2.37844e-05,,,,,,,,,,,,,,,,,,,,,,,,,,,,,,
93199,372,,2.37844e-05,,,,,,,,,,,,,,,,,,,,,,,,,,,,,,
93249,372,372,2.37844e-05,0,0,1,0,0.000690206,5.86801e-05,3.52768,0.000428202,0.0469254,0.0273615,9.01962e-05,0.0227084,0,3.2851,3.2851,0,7.71739,13.984,1.81765,0.16728,0,4.17665,0,6.54242,13.9455,1.9189,0,0,3.86391,0
93299,373,,2.35466e-05,,,,,,,,,,,,,,,,,,,,,,,,,,,,,,
93349,373,,2.35466e-05,,,,,,,,,,,,,,,,,,,,,,,,,,,,,,
93399,373,,2.35466e-05,,,,,,,,,,,,,,,,,,,,,,,,,,,,,,
93449,373,,2.35466e-05,,,,,,,,,,,,,,,,,,,,,,,,,,,,,,
93499,373,373,2.35466e-05,0,0,1,0,0.000685782,5.73798e-05,3.5292,0.000431814,0.0455815,0.0274893,8.49218e-05,0.0223304,0,3.27983,3.27983,0,7.77892,13.9128,1.80989,0.169431,0,4.08034,0,6.64765,14.0193,1.92887,0,0,3.86633,0
93549,374,,2.33111e-05,,,,,,,,,,,,,,,,,,,,,,,,,,,,,,
93599,374,,2.33111e-05,,,,,,,,,,,,,,,,,,,,,,,,,,,,,,
93649,374,,2.33111e-05,,,,,,,,,,,,,,,,,,,,,,,,,,,,,,
93699,374,,2.33111e-05,,,,,,,,,,,,,,,,,,,,,,,,,,,,,,
93749,374,374,2.33111e-05,0,0,1,0,0.000692742,5.55728e-05,3.57637,0.000437276,0.0394996,0.0276018,8.34607e-05,0.022833,0,3.27138,3.27138,0,7.73331,13.8807,1.804,0.16784,0,4.10776,0,6.54197,13.9423,1.92048,0,0,3.8673,0
93799,375,,2.3078e-05,,,,,,,,,,,,,,,,,,,,,,,,,,,,,,
93849,375,,2.3078e-05,,,,,,,,,,,,,,,,,,,,,,,,,,,,,,
93899,375,,2.3078e-05,,,,,,,,,,,,,,,,,,,,,,,,,,,,,,
93949,375,,2.3078e-05,,,,,,,,,,,,,,,,,,,,,,,,,,,,,,
93999,375,375,2.3078e-05,0,0,1,0,0.000681947,5.7195e-05,3.53796,0.00041736,0.0443257,0.0267955,8.35517e-05,0.0221656,0,3.27291,3.27291,0,7.80559,13.9171,1.81026,0.167583,0,4.04396,0,6.65007,13.9556,1.92799,0,0,3.87457,0
94049,376,,2.28472e-05,,,,,,,,,,,,,,,,,,,,,,,,,,,,,,
94099,376,,2.28472e-05,,,,,,,,,,,,,,,,,,,,,,,,,,,,,,
94149,376,,2.28472e-05,,,,,,,,,,,,,,,,,,,,,,,,,,,,,,
94199,376,,2.28472e-05,,,,,,,,,,,,,,,,,,,,,,,,,,,,,,
94249,376,376,2.28472e-05,0,0,1,0,0.000688123,5.5069e-05,3.49509,0.000424893,0.0413855,0.0268813,8.52375e-05,0.0220519,0,3.26921,3.26921,0,7.78547,13.9167,1.80864,0.171093,0,4.12878,0,6.56948,13.9943,1.92484,0,0,3.85295,0
94299,377,,2.26187e-05,,,,,,,,,,,,,,,,,,,,,,,,,,,,,,
94349,377,,2.26187e-05,,,,,,,,,,,,,,,,,,,,,,,,,,,,,,
94399,377,,2.26187e-05,,,,,,,,,,,,,,,,,,,,,,,,,,,,,,
94449,377,,2.26187e-05,,,,,,,,,,,,,,,,,,,,,,,,,,,,,,
94499,377,377,2.26187e-05,0,0,1,0,0.000686473,5.31491e-05,3.55658,0.000427,0.0376703,0.0275438,7.47723e-05,0.0222394,0,3.27753,3.27753,0,7.7641,13.9368,1.81045,0.172547,0,4.10366,0,6.60701,14.0074,1.92042,0,0,3.8486,0
94549,378,,2.23926e-05,,,,,,,,,,,,,,,,,,,,,,,,,,,,,,
94599,378,,2.23926e-05,,,,,,,,,,,,,,,,,,,,,,,,,,,,,,
94649,378,,2.23926e-05,,,,,,,,,,,,,,,,,,,,,,,,,,,,,,
94699,378,,2.23926e-05,,,,,,,,,,,,,,,,,,,,,,,,,,,,,,
94749,378,378,2.23926e-05,0,0,1,0,0.000689938,5.29269e-05,3.57416,0.000431862,0.0354192,0.0276035,7.36632e-05,0.0225268,0,3.26296,3.26296,0,7.69448,13.9336,1.80294,0.172697,0,4.18245,0,6.52106,13.9946,1.90698,0,0,3.8566,0
94799,379,,2.21686e-05,,,,,,,,,,,,,,,,,,,,,,,,,,,,,,
94849,379,,2.21686e-05,,,,,,,,,,,,,,,,,,,,,,,,,,,,,,
94899,379,,2.21686e-05,,,,,,,,,,,,,,,,,,,,,,,,,,,,,,
94949,379,,2.21686e-05,,,,,,,,,,,,,,,,,,,,,,,,,,,,,,
94999,379,379,2.21686e-05,0,0,1,0,0.000674301,5.2344e-05,3.64619,0.000419067,0.038415,0.0259793,7.33698e-05,0.020773,0,3.26306,3.26306,0,7.81312,13.934,1.81123,0.172496,0,4.10363,0,6.55712,13.9861,1.91937,0,0,3.84913,0
95049,380,,2.19469e-05,,,,,,,,,,,,,,,,,,,,,,,,,,,,,,
95099,380,,2.19469e-05,,,,,,,,,,,,,,,,,,,,,,,,,,,,,,
95149,380,,2.19469e-05,,,,,,,,,,,,,,,,,,,,,,,,,,,,,,
95199,380,,2.19469e-05,,,,,,,,,,,,,,,,,,,,,,,,,,,,,,
95249,380,380,2.19469e-05,0,0,1,0,0.000690603,5.21443e-05,3.49848,0.00042818,0.0356524,0.0270586,7.05546e-05,0.0218507,0,3.26064,3.26064,0,7.87529,13.9601,1.81501,0.172157,0,4.10536,0,6.6551,13.9902,1.92798,0,0,3.85989,0
95299,381,,2.17275e-05,,,,,,,,,,,,,,,,,,,,,,,,,,,,,,
95349,381,,2.17275e-05,,,,,,,,,,,,,,,,,,,,,,,,,,,,,,
95399,381,,2.17275e-05,,,,,,,,,,,,,,,,,,,,,,,,,,,,,,
95449,381,,2.17275e-05,,,,,,,,,,,,,,,,,,,,,,,,,,,,,,
95499,381,381,2.17275e-05,0,0,1,0,0.000693106,5.29967e-05,3.56789,0.000434888,0.0395758,0.027947,7.46965e-05,0.0228769,0,3.2699,3.2699,0,7.74608,13.9469,1.81036,0.170779,0,4.10439,0,6.62785,13.9904,1.92327,0,0,3.87562,0
95549,382,,2.15102e-05,,,,,,,,,,,,,,,,,,,,,,,,,,,,,,
95599,382,,2.15102e-05,,,,,,,,,,,,,,,,,,,,,,,,,,,,,,
95649,382,,2.15102e-05,,,,,,,,,,,,,,,,,,,,,,,,,,,,,,
95699,382,,2.15102e-05,,,,,,,,,,,,,,,,,,,,,,,,,,,,,,
95749,382,382,2.15102e-05,0,0,1,0,0.000686319,5.4986e-05,3.57887,0.000426347,0.038721,0.026559,7.97246e-05,0.0216718,0,3.24825,3.24825,0,7.79478,13.8588,1.79929,0.169839,0,4.10276,0,6.58535,13.9885,1.92635,0,0,3.86458,0
95799,383,,2.12951e-05,,,,,,,,,,,,,,,,,,,,,,,,,,,,,,
95849,383,,2.12951e-05,,,,,,,,,,,,,,,,,,,,,,,,,,,,,,
95899,383,,2.12951e-05,,,,,,,,,,,,,,,,,,,,,,,,,,,,,,
95949,383,,2.12951e-05,,,,,,,,,,,,,,,,,,,,,,,,,,,,,,
95999,383,383,2.12951e-05,0,0,1,0,0.000681785,5.53866e-05,3.58925,0.000422772,0.0374303,0.027016,8.04996e-05,0.0221644,0,3.25631,3.25631,0,7.75807,13.8827,1.80224,0.169062,0,4.09319,0,6.62681,13.9808,1.92156,0,0,3.86213,0
96049,384,,2.10821e-05,,,,,,,,,,,,,,,,,,,,,,,,,,,,,,
96099,384,,2.10821e-05,,,,,,,,,,,,,,,,,,,,,,,,,,,,,,
96149,384,,2.10821e-05,,,,,,,,,,,,,,,,,,,,,,,,,,,,,,
96199,384,,2.10821e-05,,,,,,,,,,,,,,,,,,,,,,,,,,,,,,
96249,384,384,2.10821e-05,0,0,1,0,0.000687369,5.46258e-05,3.50422,0.000423606,0.0375008,0.0268263,8.26821e-05,0.0217507,0,3.25131,3.25131,0,7.77077,13.8644,1.80367,0.16941,0,4.0741,0,6.5886,13.9601,1.92387,0,0,3.85099,0
96299,385,,2.08713e-05,,,,,,,,,,,,,,,,,,,,,,,,,,,,,,
96349,385,,2.08713e-05,,,,,,,,,,,,,,,,,,,,,,,,,,,,,,
96399,385,,2.08713e-05,,,,,,,,,,,,,,,,,,,,,,,,,,,,,,
96449,385,,2.08713e-05,,,,,,,,,,,,,,,,,,,,,,,,,,,,,,
96499,385,385,2.08713e-05,0,0,1,0,0.000683551,5.58107e-05,3.71225,0.000420521,0.04127,0.0263734,8.09115e-05,0.0217697,0,3.26035,3.26035,0,7.74116,13.8904,1.80458,0.169162,0,4.14437,0,6.56575,13.9656,1.92014,0,0,3.86037,0
96549,386,,2.06626e-05,,,,,,,,,,,,,,,,,,,,,,,,,,,,,,
96599,386,,2.06626e-05,,,,,,,,,,,,,,,,,,,,,,,,,,,,,,
96649,386,,2.06626e-05,,,,,,,,,,,,,,,,,,,,,,,,,,,,,,
96699,386,,2.06626e-05,,,,,,,,,,,,,,,,,,,,,,,,,,,,,,
96749,386,386,2.06626e-05,0,0,1,0,0.000687753,5.52096e-05,3.63229,0.000433875,0.0412401,0.0272474,8.35788e-05,0.0219575,0,3.26118,3.26118,0,7.79422,13.887,1.80624,0.169206,0,4.10437,0,6.55051,13.9819,1.91607,0,0,3.85006,0
96799,387,,2.0456e-05,,,,,,,,,,,,,,,,,,,,,,,,,,,,,,
96849,387,,2.0456e-05,,,,,,,,,,,,,,,,,,,,,,,,,,,,,,
96899,387,,2.0456e-05,,,,,,,,,,,,,,,,,,,,,,,,,,,,,,
96949,387,,2.0456e-05,,,,,,,,,,,,,,,,,,,,,,,,,,,,,,
96999,387,387,2.0456e-05,0,0,1,0,0.000685575,5.42764e-05,3.49596,0.000426365,0.037291,0.0269042,7.95469e-05,0.0222096,0,3.25206,3.25206,0,7.80107,13.9306,1.81139,0.170128,0,4.08844,0,6.59182,13.9792,1.92856,0,0,3.85417,0
97049,388,,2.02514e-05,,,,,,,,,,,,,,,,,,,,,,,,,,,,,,
97099,388,,2.02514e-05,,,,,,,,,,,,,,,,,,,,,,,,,,,,,,
97149,388,,2.02514e-05,,,,,,,,,,,,,,,,,,,,,,,,,,,,,,
97199,388,,2.02514e-05,,,,,,,,,,,,,,,,,,,,,,,,,,,,,,
97249,388,388,2.02514e-05,0,0,1,0,0.000689963,5.32757e-05,3.57389,0.000436065,0.0390681,0.0268641,8.40876e-05,0.0219274,0,3.25048,3.25048,0,7.80395,13.8657,1.80545,0.170925,0,4.06551,0,6.5524,13.9443,1.91378,0,0,3.83989,0
97299,389,,2.00489e-05,,,,,,,,,,,,,,,,,,,,,,,,,,,,,,
97349,389,,2.00489e-05,,,,,,,,,,,,,,,,,,,,,,,,,,,,,,
97399,389,,2.00489e-05,,,,,,,,,,,,,,,,,,,,,,,,,,,,,,
97449,389,,2.00489e-05,,,,,,,,,,,,,,,,,,,,,,,,,,,,,,
97499,389,389,2.00489e-05,0,0,1,0,0.000695733,5.28263e-05,3.46991,0.000438527,0.0371317,0.0277143,7.51483e-05,0.0226716,0,3.25283,3.25283,0,7.78369,13.9099,1.80899,0.170614,0,4.09246,0,6.58398,13.9541,1.92117,0,0,3.8571,0
97549,390,,1.98484e-05,,,,,,,,,,,,,,,,,,,,,,,,,,,,,,
97599,390,,1.98484e-05,,,,,,,,,,,,,,,,,,,,,,,,,,,,,,
97649,390,,1.98484e-05,,,,,,,,,,,,,,,,,,,,,,,,,,,,,,
97699,390,,1.98484e-05,,,,,,,,,,,,,,,,,,,,,,,,,,,,,,
97749,390,390,1.98484e-05,0,0,1,0,0.000688166,5.3783e-05,3.51155,0.000437252,0.0392343,0.0274384,8.19473e-05,0.0225409,0,3.25007,3.25007,0,7.79169,13.9163,1.81321,0.16908,0,4.13074,0,6.5529,13.9354,1.91431,0,0,3.84488,0
97799,391,,1.96499e-05,,,,,,,,,,,,,,,,,,,,,,,,,,,,,,
97849,391,,1.96499e-05,,,,,,,,,,,,,,,,,,,,,,,,,,,,,,
97899,391,,1.96499e-05,,,,,,,,,,,,,,,,,,,,,,,,,,,,,,
97949,391,,1.96499e-05,,,,,,,,,,,,,,,,,,,,,,,,,,,,,,
97999,391,391,1.96499e-05,0,0,1,0,0.000684339,5.5051e-05,3.61606,0.0004318,0.0402184,0.0271803,8.39063e-05,0.0216978,0,3.25774,3.25774,0,7.82615,13.8847,1.80565,0.168903,0,4.10014,0,6.57833,13.9333,1.92337,0,0,3.84304,0
98049,392,,1.94534e-05,,,,,,,,,,,,,,,,,,,,,,,,,,,,,,
98099,392,,1.94534e-05,,,,,,,,,,,,,,,,,,,,,,,,,,,,,,
98149,392,,1.94534e-05,,,,,,,,,,,,,,,,,,,,,,,,,,,,,,
98199,392,,1.94534e-05,,,,,,,,,,,,,,,,,,,,,,,,,,,,,,
98249,392,392,1.94534e-05,0,0,1,0,0.000688053,5.46163e-05,3.52257,0.00043104,0.0370801,0.0264707,8.16651e-05,0.0212404,0,3.24814,3.24814,0,7.84455,13.9155,1.81543,0.170446,0,4.07462,0,6.64699,13.9907,1.92263,0,0,3.88402,0
98299,393,,1.92589e-05,,,,,,,,,,,,,,,,,,,,,,,,,,,,,,
98349,393,,1.92589e-05,,,,,,,,,,,,,,,,,,,,,,,,,,,,,,
98399,393,,1.92589e-05,,,,,,,,,,,,,,,,,,,,,,,,,,,,,,
98449,393,,1.92589e-05,,,,,,,,,,,,,,,,,,,,,,,,,,,,,,
98499,393,393,1.92589e-05,0,0,1,0,0.000688326,5.53159e-05,3.49385,0.000436257,0.0416742,0.0273237,8.33721e-05,0.0216135,0,3.24329,3.24329,0,7.80263,13.8858,1.80093,0.167983,0,4.10242,0,6.60218,13.9225,1.92182,0,0,3.85032,0
98549,394,,1.90663e-05,,,,,,,,,,,,,,,,,,,,,,,,,,,,,,
98599,394,,1.90663e-05,,,,,,,,,,,,,,,,,,,,,,,,,,,,,,
98649,394,,1.90663e-05,,,,,,,,,,,,,,,,,,,,,,,,,,,,,,
98699,394,,1.90663e-05,,,,,,,,,,,,,,,,,,,,,,,,,,,,,,
98749,394,394,1.90663e-05,0,0,1,0,0.000683523,5.66935e-05,3.35864,0.00042835,0.0411855,0.02684,8.44503e-05,0.0217325,0,3.24137,3.24137,0,7.83774,13.8528,1.80144,0.166789,0,4.06881,0,6.57923,13.8776,1.91421,0,0,3.84177,0
98799,395,,1.88756e-05,,,,,,,,,,,,,,,,,,,,,,,,,,,,,,
98849,395,,1.88756e-05,,,,,,,,,,,,,,,,,,,,,,,,,,,,,,
98899,395,,1.88756e-05,,,,,,,,,,,,,,,,,,,,,,,,,,,,,,
98949,395,,1.88756e-05,,,,,,,,,,,,,,,,,,,,,,,,,,,,,,
98999,395,395,1.88756e-05,0,0,1,0,0.000689331,5.82773e-05,3.51801,0.000434389,0.0468065,0.0274273,8.63936e-05,0.0222718,0,3.2466,3.2466,0,7.74248,13.9491,1.81153,0.167558,0,4.13717,0,6.61064,13.9594,1.91818,0,0,3.85587,0
99049,396,,1.86869e-05,,,,,,,,,,,,,,,,,,,,,,,,,,,,,,
99099,396,,1.86869e-05,,,,,,,,,,,,,,,,,,,,,,,,,,,,,,
99149,396,,1.86869e-05,,,,,,,,,,,,,,,,,,,,,,,,,,,,,,
99199,396,,1.86869e-05,,,,,,,,,,,,,,,,,,,,,,,,,,,,,,
99249,396,396,1.86869e-05,0,0,1,0,0.000695009,5.60073e-05,3.47256,0.000441239,0.0414356,0.0280544,8.59348e-05,0.0229689,0,3.24917,3.24917,0,7.79455,13.9382,1.81253,0.170541,0,4.13517,0,6.55277,13.9367,1.91196,0,0,3.84766,0
99299,397,,1.85e-05,,,,,,,,,,,,,,,,,,,,,,,,,,,,,,
99349,397,,1.85e-05,,,,,,,,,,,,,,,,,,,,,,,,,,,,,,
99399,397,,1.85e-05,,,,,,,,,,,,,,,,,,,,,,,,,,,,,,
99449,397,,1.85e-05,,,,,,,,,,,,,,,,,,,,,,,,,,,,,,
99499,397,397,1.85e-05,0,0,1,0,0.00069543,5.32307e-05,3.43144,0.000440755,0.0358988,0.0280327,7.87803e-05,0.0225349,0,3.252,3.252,0,7.78979,13.9403,1.80924,0.171014,0,4.11277,0,6.54931,13.9681,1.9101,0,0,3.85895,0
99549,398,,1.8315e-05,,,,,,,,,,,,,,,,,,,,,,,,,,,,,,
99599,398,,1.8315e-05,,,,,,,,,,,,,,,,,,,,,,,,,,,,,,
99649,398,,1.8315e-05,,,,,,,,,,,,,,,,,,,,,,,,,,,,,,
99699,398,,1.8315e-05,,,,,,,,,,,,,,,,,,,,,,,,,,,,,,
99749,398,398,1.8315e-05,0,0,1,0,0.00068893,5.31137e-05,3.40612,0.000435003,0.0369189,0.0270659,7.92301e-05,0.0222495,0,3.24824,3.24824,0,7.84461,13.9097,1.81545,0.171441,0,4.06265,0,6.59395,13.9353,1.91558,0,0,3.87487,0
99799,399,,1.81319e-05,,,,,,,,,,,,,,,,,,,,,,,,,,,,,,
99849,399,,1.81319e-05,,,,,,,,,,,,,,,,,,,,,,,,,,,,,,
99899,399,,1.81319e-05,,,,,,,,,,,,,,,,,,,,,,,,,,,,,,
99949,399,,1.81319e-05,,,,,,,,,,,,,,,,,,,,,,,,,,,,,,
99999,399,399,1.81319e-05,0,0,1,0,0.000685324,5.27196e-05,3.50882,0.000430007,0.0404239,0.0270658,7.68097e-05,0.0215061,0,3.24446,3.24446,0,7.86045,13.9166,1.81413,0.17245,0,4.07295,0,6.60116,13.9583,1.91374,0,0,3.86165,0
