CMA-ES full   L1_STFT,DDSP  l1_stft_tgtnorm,CMA-ES 1rst   l1_stft,CMA-ES 1rst   mss,CMA-ES 1rst   smoothmss,CMA-ES 1rst   l1_stft_pow,CMA-ES 1rst   l1_stft_c2,CMA-ES 1rst   l1_stft_log
1.149414446e-14,5.298998678e-04,1.267326302e-01,1.743081574e-01,1.235332939e-01,1.108575733e-01,1.200848796e-01,5.801615806e-02
4.353477465e-14,2.849490765e-04,3.246670108e-09,3.046979444e-09,1.294755136e-07,6.869118270e-03,1.591082451e-02,6.711171915e-02
2.040598087e-13,2.259600516e-05,5.964038101e-08,4.412143874e-02,7.630451184e-02,1.910200933e-02,1.730155844e-01,1.726231512e-01
1.521266693e-13,1.118790509e-05,4.987083873e-10,1.820706084e-03,2.226888926e-01,8.074489792e-02,9.393069259e-02,2.450713168e-01
1.485295259e-14,3.549799268e-04,8.163698118e-10,1.127424708e-03,4.494132211e-08,2.051824080e-02,1.394363245e-04,7.246155890e-02
2.524147192e-14,1.642162495e-03,5.606147837e-10,1.625394222e-10,1.034946372e-01,6.660380549e-02,3.606487106e-02,6.211649632e-02
3.115733988e-15,2.871590947e-06,1.829932468e-01,1.586997830e-02,1.533416636e-02,2.662455392e-05,1.262583080e-11,1.351976858e-03
2.182603005e-15,2.011031806e-04,1.431090794e-09,3.213846274e-09,3.312855491e-02,7.932374459e-03,4.666722517e-02,3.775203457e-03
6.434374973e-15,1.576956400e-02,7.384892323e-03,8.720603404e-03,1.203970954e-07,1.297184169e-02,1.424223652e-02,3.356993183e-03
1.010291179e-14,8.469716920e-05,1.232256936e-02,2.141567414e-02,1.045189517e-01,1.495931133e-01,2.063138351e-01,1.757976009e-01
9.933823056e-15,1.229253379e-04,2.378950107e-01,2.301295659e-01,2.255779390e-01,1.571066001e-01,9.952681924e-02,8.544772462e-02
2.566898127e-15,6.400890867e-05,7.366413620e-02,6.731040603e-02,9.734561810e-02,3.447845929e-02,1.375979598e-01,5.649619782e-02
1.094208644e-13,4.948226367e-04,2.920396104e-03,2.564651098e-01,3.703370997e-02,7.250211417e-02,3.285298294e-02,1.387518974e-01
1.408644217e-15,6.135770681e-05,1.289339192e-01,2.377884610e-03,1.017247928e-08,1.418336962e-02,1.553067596e-02,8.286362115e-02
1.661304531e-13,1.031549192e-01,1.875996882e-01,2.964117693e-01,1.292534482e-02,4.681387489e-02,1.492543366e-01,1.069782754e-02
2.311711769e-14,4.382914882e-05,1.189569030e-09,1.909821275e-01,8.431945987e-02,6.738805346e-02,1.521225146e-01,1.510141956e-01
4.586092846e-14,2.749772885e-04,4.504819099e-09,6.992930628e-02,2.394223458e-02,1.370008297e-01,5.796810032e-02,8.745422058e-02
3.554727235e-14,5.182128377e-04,1.067344032e-01,7.697373784e-02,1.406003366e-01,6.564900955e-02,3.608292607e-02,7.590938835e-02
3.616414447e-16,1.548845104e-05,1.603772125e-09,1.899753473e-09,3.167525236e-08,3.456467887e-02,7.238998160e-02,2.795100133e-02
2.473648728e-14,2.213767553e-05,2.591478328e-09,2.832431605e-02,9.088317587e-02,6.692680946e-02,1.263366059e-01,1.112869133e-01
7.984517877e-15,3.179566031e-04,3.598396898e-09,5.436660666e-04,1.613818804e-08,1.406615318e-01,1.684307725e-01,8.878060110e-02
5.810426555e-15,1.900472719e-04,2.266735815e-01,2.326812695e-01,1.665431000e-01,1.657363545e-01,1.833172245e-01,3.446640687e-02
1.706625240e-03,5.794101738e-05,7.544758917e-02,1.199092657e-01,9.286287665e-02,2.000016019e-01,5.605168878e-02,7.134558587e-02
5.018911028e-14,2.442969056e-05,9.800845233e-10,1.254903266e-03,3.471390685e-07,5.873889054e-02,1.670337236e-02,2.004057648e-02
1.997782053e-02,4.869898047e-05,2.026287792e-02,4.660139928e-03,1.093658830e-02,4.175031796e-02,1.762819452e-02,2.706000500e-02
8.427485834e-15,4.512608685e-04,9.151047619e-10,6.590779443e-02,1.474043632e-08,1.172938491e-02,6.229198958e-02,1.102423372e-01
6.046895955e-15,2.809607213e-04,5.503061662e-02,2.473994372e-03,4.540841078e-02,7.814290370e-02,5.600768262e-02,9.732566031e-02
1.303841993e-14,8.461747958e-03,2.010084735e-02,8.501555734e-02,1.569701435e-08,1.577650193e-01,2.145195190e-01,1.936868172e-02
3.810666553e-14,1.473965956e-04,1.976724249e-02,5.210029636e-02,7.770617264e-02,8.576498019e-02,8.076783204e-02,1.150269149e-01
7.008377060e-15,7.792781998e-05,2.538604718e-10,6.180565617e-03,6.675146051e-02,1.996060807e-01,9.643482960e-02,1.286889951e-01
2.648018171e-15,4.473568202e-04,2.612048464e-04,1.471375688e-01,2.077337156e-07,5.100487136e-02,3.336597668e-02,1.248117303e-01
2.530407045e-14,3.415822247e-03,3.208734529e-09,2.077011245e-07,1.652190254e-01,8.346119018e-02,6.528242605e-02,1.671547389e-01
2.766883989e-14,3.810483941e-05,8.499005016e-09,1.265524918e-03,5.392465483e-02,1.669795581e-01,1.475301752e-01,2.595651056e-01
2.216337810e-15,4.214678977e-05,2.858770541e-02,4.144104066e-08,1.290881817e-07,5.135903603e-02,1.076961149e-01,6.920132506e-02
3.172431742e-03,3.380519167e-03,6.296756827e-03,7.510764066e-02,1.163817414e-01,1.007494830e-01,1.086154866e-01,1.088793674e-01
3.913824444e-03,4.259006616e-03,4.768821748e-02,1.566421787e-02,3.059894232e-01,7.861939002e-02,1.435221366e-01,8.987523649e-02
1.994790440e-14,9.756509437e-05,1.366897047e-08,2.015331578e-09,9.053103456e-02,4.366635439e-02,3.448470965e-02,2.405107678e-01
6.260819785e-15,1.723083678e-02,1.891571968e-09,2.516124692e-08,3.694697413e-07,1.045011317e-01,9.478943610e-02,1.567185684e-01
4.990557195e-14,3.172579144e-02,2.649261571e-01,1.943824461e-01,1.784001036e-07,2.734708448e-01,7.064154215e-03,1.720035636e-01
1.518178905e-14,3.075529849e-04,1.141145721e-10,2.566769126e-02,1.388735122e-01,7.377005215e-02,8.892406307e-02,9.265835429e-02
1.757000874e-12,5.244041103e-04,3.176419561e-02,1.350065328e-02,1.658144208e-02,1.828909510e-01,5.842046078e-02,9.701237644e-02
4.986977370e-15,1.188748041e-05,2.869917663e-09,6.183764509e-11,1.030825446e-01,2.368249565e-01,8.425782680e-05,3.031560552e-02
5.371999983e-14,2.030840416e-05,6.180387701e-02,1.662574943e-02,8.299141065e-03,8.751412579e-02,9.112136375e-02,5.894480078e-02
2.974513905e-16,1.029542749e-02,6.741776504e-10,2.137281090e-03,1.491516094e-01,8.090938115e-02,2.073584706e-01,3.556891832e-03
1.264841430e-02,3.483815579e-03,1.245253513e-02,6.341765927e-09,6.184304847e-02,2.130078939e-02,6.230414473e-03,1.028133551e-02
5.284453418e-15,2.872524621e-05,4.137236793e-10,1.509512018e-05,1.435298786e-08,6.863077228e-02,4.050249654e-02,1.313216979e-01
7.197144009e-16,6.646710030e-04,2.438758454e-10,8.121122735e-02,2.074698238e-07,6.977190615e-02,1.064899094e-01,6.345117940e-02
2.607628578e-14,7.590341809e-05,8.791599400e-09,1.478521912e-02,2.520867822e-08,5.525761954e-02,5.800902532e-02,8.216721041e-02
1.644192821e-14,4.749692930e-05,2.932843490e-03,1.541829138e-10,5.911118513e-02,4.232957587e-02,1.198805418e-01,2.094518140e-02
2.764074800e-12,1.808710085e-05,5.806060723e-08,3.129374600e-02,7.854804918e-02,1.030906562e-01,1.042557700e-01,2.145324575e-01
,6.772960259e-02,9.168967918e-03,3.128672624e-09,5.876779579e-09,6.219759679e-02,7.740438339e-02,1.100150585e-01
,1.533284631e-04,3.552044010e-02,1.235566674e-02,9.040287429e-03,6.067373769e-02,3.675669625e-02,4.408599747e-02
,1.323667394e-03,6.557311332e-09,1.316281477e-01,1.461271824e-01,1.169866693e-01,5.397114172e-02,1.112084616e-01
,5.247538415e-05,1.935500212e-07,8.506655626e-07,7.155019294e-02,8.571938352e-02,7.582923219e-02,1.106402711e-01
,1.461046158e-04,2.919565491e-10,7.975601700e-09,2.116180624e-01,1.742782036e-01,9.895930460e-02,7.927554581e-02
,2.699385629e-04,1.111680261e-01,1.337828442e-01,1.110933477e-01,3.391196169e-02,4.559126139e-02,3.546625843e-02
,4.895124567e-04,4.247821876e-10,4.214404900e-04,3.507926357e-02,5.161947242e-03,1.118121714e-02,4.608738774e-02
,7.477835365e-05,9.552819287e-02,1.087146971e-02,1.342321746e-02,1.578067818e-01,8.535313090e-02,5.781374251e-02
,1.956457723e-04,3.011158048e-02,1.078588792e-09,2.566183716e-02,1.988567321e-02,2.038535227e-02,7.202934652e-02
,7.459424150e-05,2.268655322e-09,5.326196742e-03,4.125826748e-03,5.257237026e-02,4.075523639e-02,8.364049673e-02
,2.849209127e-05,1.786894674e-06,1.108774503e-01,2.191066458e-01,1.496042611e-01,1.854404429e-02,1.622028489e-01
,1.622951977e-05,7.469894365e-02,1.298647584e-01,2.686264866e-07,1.523052850e-01,8.266541958e-02,1.789653434e-01
,2.856698323e-04,5.761782695e-10,1.756189915e-08,1.662927039e-01,8.008725511e-02,1.054704505e-01,3.251016889e-02
,1.866170367e-05,7.666678161e-02,1.092867926e-02,1.431951132e-04,2.216945066e-01,2.035788265e-01,1.249003632e-01
,4.622784127e-05,2.685662506e-02,1.831101640e-02,1.218737407e-01,1.163307224e-01,1.240464374e-01,1.043003586e-01
,8.604643740e-03,3.808912943e-09,9.746979580e-08,7.514487492e-08,5.635048408e-02,3.381507300e-02,5.368115862e-02
,1.418188534e-04,1.333982907e-01,1.877522627e-02,1.309985556e-06,4.612489417e-02,6.246193623e-02,1.928232815e-01
,4.619594914e-05,4.076766133e-02,3.523593988e-02,4.362656520e-02,2.244385718e-01,7.808727506e-02,8.278735943e-02
,3.126243428e-04,4.466501727e-09,2.859919974e-02,1.295378587e-01,6.725416040e-02,1.023373408e-01,3.643742669e-02
,2.062556014e-05,1.527393862e-01,3.949683935e-02,2.874874982e-01,3.448686155e-02,1.240961040e-01,4.170704469e-02
,6.282114699e-02,1.107886471e-01,1.244787112e-10,1.012691106e-01,5.474860589e-02,8.420128197e-02,5.750438397e-02
,8.106814998e-06,3.788428697e-09,5.395731908e-10,4.766181725e-08,4.763071702e-02,3.693615589e-02,5.492581379e-02
,8.807589375e-05,3.058109006e-08,3.673725834e-05,1.323617106e-07,2.977644206e-02,2.303293474e-02,6.763123704e-02
,8.874661513e-05,8.192745624e-02,6.033869114e-02,6.348518943e-02,2.752479659e-02,4.567234844e-02,5.040100071e-02
,7.217963539e-03,2.188554095e-05,1.187324542e-01,1.368427919e-01,6.629716305e-02,2.771470245e-01,3.199511409e-02
,2.492908940e-05,6.638947892e-04,1.001799110e-02,4.557389769e-02,1.480737383e-02,2.172763620e-02,2.620756551e-02
,2.892058298e-04,2.054097309e-01,1.233606723e-01,1.816648468e-01,2.146122462e-02,3.192160010e-02,5.428183777e-02
,2.091500761e-02,5.175834749e-01,4.428698441e-01,5.304195172e-01,1.003814871e-01,3.839207030e-01,2.902970059e-01
,4.927288788e-04,1.608925340e-01,1.809569763e-01,1.637557284e-01,1.354318312e-01,2.904816857e-02,1.315782360e-01
,3.813007675e-05,2.950287282e-09,1.581725712e-01,1.817515006e-06,9.569607885e-02,6.987981677e-02,1.551881741e-01
,3.085356264e-02,9.425382013e-02,8.061979262e-03,1.409689362e-08,1.913811152e-02,1.195645022e-10,9.785632820e-03
,3.986175366e-04,6.115252182e-02,2.451124590e-02,1.459035040e-01,1.145016908e-01,2.435100671e-02,1.089203492e-01
,3.393506062e-05,3.858840292e-10,4.367915337e-01,6.550864302e-07,2.500204750e-01,1.272952013e-03,2.576601452e-01
,3.280251816e-03,4.206771427e-09,6.397867918e-10,2.234322734e-03,8.255018183e-02,7.312309223e-02,5.846522488e-03
,2.964779104e-04,1.660206089e-09,1.341183485e-08,3.589356596e-07,4.546805666e-02,5.163041376e-02,4.773286964e-02
,1.837087458e-05,2.775120461e-01,2.356408491e-01,2.633776465e-01,2.109861748e-01,1.502267674e-01,1.762258659e-01
,2.826558858e-04,7.669007054e-10,1.096508983e-11,1.224083241e-03,1.640197996e-02,2.429308134e-09,3.555215710e-02
,1.292354056e-04,5.229968357e-02,5.095261235e-03,1.251320506e-09,1.320650390e-02,3.877499125e-02,3.054348800e-02
,2.524400789e-05,6.573615432e-10,5.888434658e-02,4.469362635e-02,1.244806753e-01,1.225658843e-01,7.519862035e-02
,1.341784498e-05,3.802995160e-02,2.012249007e-02,3.154913486e-07,8.975032980e-02,7.339106508e-02,5.960407688e-02
,6.126308815e-04,2.943216124e-02,2.569548174e-01,2.653716039e-01,1.485805663e-02,2.063458387e-01,2.019776893e-01
,2.990341684e-04,2.426099822e-01,4.066737688e-07,7.084970930e-02,2.205745690e-01,2.197726685e-01,7.582404571e-02
,6.208426894e-04,1.399372322e-01,1.437005016e-01,1.507731670e-01,2.400678971e-02,1.182262765e-02,4.892232524e-02
,6.252674472e-05,1.345437297e-10,1.086278572e-09,3.783789366e-02,3.066357882e-02,2.632401269e-02,2.606060784e-02
,9.652489924e-05,1.196247416e-10,3.165915168e-02,3.289756655e-02,3.635789528e-02,5.023792515e-02,3.576726046e-02
,2.553833691e-05,4.069429209e-10,6.936666729e-02,1.029509957e-08,4.368107525e-02,3.813398443e-02,5.685515863e-02
,1.520408178e-04,2.008699919e-02,2.262512309e-02,3.322918442e-03,4.695143331e-02,5.746469697e-02,7.761561925e-02
,8.931088487e-04,8.641739649e-02,1.133565369e-04,5.096786372e-02,1.665546976e-02,5.184633725e-02,6.878285766e-02
,1.008017107e-04,2.742865098e-01,2.896415733e-03,2.281202384e-01,2.339383159e-02,1.634660492e-01,1.289124963e-01
,3.549001201e-03,1.804243403e-09,1.404396299e-01,1.950866841e-01,1.400812943e-01,7.673076596e-02,1.068740533e-01
,6.087891735e-03,2.952747339e-12,3.417974457e-04,2.265637456e-02,1.267339341e-02,5.682594172e-02,9.749928361e-03
,2.219504908e-04,5.266468270e-10,9.934643387e-02,9.133171335e-02,1.966285129e-01,8.334963910e-02,1.633059612e-01
,6.605662225e-05,5.240461915e-02,5.983640581e-02,2.276227219e-02,1.569902191e-01,1.247991517e-01,1.644732399e-01
,5.428796410e-05,3.519088356e-03,2.906576210e-02,3.025669562e-03,1.245977688e-02,5.737425124e-02,5.512557514e-02
,2.450402961e-05,1.591373362e-09,3.295033628e-02,2.028997617e-01,1.260167793e-02,1.958601492e-01,1.404680121e-02
,2.500826801e-04,8.114309894e-03,2.790517136e-10,5.343752678e-03,1.731894899e-01,1.234126384e-01,1.525859130e-01
,4.372339076e-04,5.818905644e-03,4.128094833e-04,6.236951440e-02,1.762680647e-01,1.855232532e-01,1.386829604e-01
,1.821040908e-04,1.894714940e-02,9.597241829e-09,2.305878462e-08,1.143499178e-01,9.495657137e-02,4.084624897e-02
,6.316652157e-05,5.100791993e-02,4.559215437e-02,3.150682255e-02,2.139777500e-02,9.894088217e-03,1.814164795e-02
,2.256504628e-04,8.646071305e-02,1.823183810e-01,1.811833205e-01,1.266830956e-01,8.609211693e-02,7.811922341e-02
,1.009825600e-04,1.629776899e-01,2.322864822e-02,2.682490771e-01,1.661633898e-01,5.021366248e-02,6.461607864e-02
,5.155807857e-04,7.132765305e-02,1.467870113e-01,6.894632772e-03,3.269661786e-02,2.368524993e-02,5.506565804e-02
,3.247450059e-05,4.657145067e-02,3.739673943e-02,4.834036310e-02,6.917243354e-02,9.018666761e-02,1.402009520e-01
,1.422451129e-02,1.197800626e-09,1.393688416e-04,3.312883238e-07,3.404000576e-02,3.136177670e-02,3.887068895e-02
,7.316089830e-05,1.279124662e-09,1.897253294e-10,1.234503592e-01,7.979378540e-02,7.378097226e-02,1.858792570e-01
,1.659204164e-05,2.599794559e-02,3.374624659e-02,6.404182046e-02,1.885092351e-02,2.807138180e-02,2.665565346e-02
,5.728239598e-05,1.984196216e-10,7.895835007e-03,1.948560505e-02,8.505332006e-02,1.170564174e-01,1.068101515e-01
,1.080674922e-05,1.344805542e-03,3.183794647e-02,1.410092817e-01,1.479696143e-01,1.417634519e-01,6.380618460e-02
,2.096655748e-04,1.345844652e-01,7.588480165e-02,6.854836451e-02,1.877791208e-01,4.844096470e-02,1.909055112e-01
,5.225052674e-06,1.652960657e-10,3.347644094e-02,9.967154518e-02,4.061447353e-02,1.735937781e-02,1.033442546e-02
,1.531365111e-01,2.068025320e-03,2.712020859e-09,1.141602810e-01,6.945917603e-02,1.480023022e-01,7.575230567e-02
,3.676596134e-04,1.294383445e-01,1.396423788e-01,1.441647961e-01,1.424771101e-01,6.238810717e-02,1.203690031e-01
,4.685998281e-04,6.467426837e-10,4.273859669e-02,7.243324792e-02,2.333316900e-02,2.450864424e-02,3.825528501e-02
,2.152660056e-05,2.514152430e-01,2.525289756e-01,2.343977397e-01,1.367922324e-01,1.657706676e-01,1.968063864e-02
,3.667176726e-05,2.963689510e-10,2.575342512e-03,2.520955453e-01,1.847176280e-01,2.657479986e-01,2.440106702e-02
,5.457606726e-05,3.605367018e-10,4.099380248e-02,7.465023530e-02,9.361686943e-02,9.455748696e-02,1.296780010e-01
,1.488962183e-05,6.843807982e-09,3.672865138e-11,7.533549587e-03,4.805975923e-02,1.892646653e-01,2.117323899e-01
,1.217193662e-04,1.046961760e-10,1.063523179e-10,2.441864422e-01,1.951925376e-01,1.408830462e-01,2.085099075e-01
,1.358444650e-04,1.812604742e-09,1.760580138e-01,1.981953815e-01,1.681383195e-01,1.832897194e-02,5.437365022e-02
,4.382706786e-03,7.757575830e-09,1.102001089e-03,7.286249198e-08,7.708703542e-02,2.639598079e-02,1.244493922e-01
,2.564133275e-04,5.852472331e-02,5.891546456e-02,1.825418139e-01,1.340717882e-01,1.657026105e-02,4.972807693e-02
,6.606811960e-05,8.184706065e-10,3.800550958e-02,1.007530963e-01,2.186835577e-01,2.258222209e-01,1.036700100e-01
,2.578373762e-05,5.445107495e-02,8.046267619e-02,5.524778738e-02,1.053850488e-01,4.520419399e-02,1.225983040e-01
,1.037493714e-02,3.436041071e-09,4.302199253e-09,6.796840541e-08,4.947869643e-03,1.604017292e-02,1.444959722e-01
,2.172170094e-04,6.668275028e-09,2.229431692e-02,7.061000212e-02,1.045304506e-01,7.578986539e-02,1.425621037e-01
,1.785836726e-04,4.116539908e-02,2.363509734e-01,2.445181250e-01,4.826916078e-02,6.509029406e-02,4.770468527e-03
,2.608391228e-06,1.469934632e-09,7.085948476e-12,8.068644006e-02,8.555567573e-02,2.487792185e-01,1.985741748e-02
,2.442915449e-02,9.402808139e-02,1.794611457e-03,6.104580398e-02,1.077832267e-01,1.961230515e-01,4.557799873e-02
,3.812991855e-05,5.783961634e-02,6.350691790e-02,5.079029817e-02,1.526603789e-01,1.358513383e-01,9.753574557e-02
,2.580770258e-05,7.977560220e-02,8.665296305e-02,8.154633596e-02,8.298992802e-02,6.183981203e-02,9.584467953e-02
,9.811420987e-06,2.134383522e-07,1.278092320e-01,1.126093972e-01,1.439608882e-01,8.063626128e-02,1.005940024e-01
,1.042796584e-04,1.302670757e-01,2.115466954e-11,5.004938922e-02,2.248176170e-02,3.414373425e-02,2.812619473e-02
,5.704870510e-04,2.165505431e-10,1.120923587e-01,1.193453864e-02,1.203318492e-02,3.650666145e-02,9.769155539e-02
,1.214189410e-04,7.283642941e-02,3.609276293e-02,1.711997821e-07,5.210447896e-02,8.801369345e-02,1.202484860e-01
,1.281341774e-04,7.663712484e-09,1.450253636e-08,1.761637860e-02,4.734058951e-02,1.059567020e-01,5.666832094e-02
,4.093446588e-02,1.083767541e-01,4.439767202e-02,1.758893704e-02,1.772032285e-02,8.353779594e-02,6.292490900e-02
,5.230281228e-05,1.609454188e-03,9.466667017e-02,1.423724032e-01,1.426741525e-01,5.050320799e-03,1.491104669e-01
,4.594256068e-04,2.050366238e-09,1.487081399e-02,1.246038826e-07,9.870817040e-02,1.522231145e-01,1.122941013e-01
,3.988162171e-02,2.700022266e-02,1.351500726e-01,3.454624803e-02,4.355429317e-03,3.998592881e-09,4.430355795e-02
,2.294079141e-05,1.560904897e-10,1.442631555e-02,1.371838639e-01,1.122267546e-01,5.468050163e-02,2.663742085e-02
,1.663223588e-04,7.208914724e-03,2.199799491e-11,3.370834657e-03,3.962667459e-02,2.067771882e-03,3.878901298e-02
,1.747540838e-04,8.949652085e-10,2.917835742e-10,1.146101281e-01,3.189991028e-08,8.526193059e-10,6.005466640e-04
,1.026181275e-03,5.545927062e-10,4.081729689e-02,8.895052349e-03,3.305992128e-09,1.339354093e-10,1.433540843e-01
,1.945150051e-05,9.397862872e-03,2.703418391e-02,1.326237176e-02,5.526979525e-02,7.922116901e-02,5.159917827e-02
,9.610992236e-05,6.883022796e-02,1.470443645e-01,1.444450631e-01,1.342551104e-01,3.615515817e-02,4.441854058e-02
,2.113736802e-04,3.974565986e-10,1.351633825e-02,8.874023175e-03,1.826587448e-10,1.027028054e-09,6.131259284e-04
,3.465544119e-05,1.199392425e-06,8.603070197e-07,1.655338240e-01,1.078695639e-01,1.012720435e-01,9.954890478e-02
,9.915736611e-05,9.300689527e-02,6.186330532e-02,9.202202842e-02,4.214796908e-02,2.837355197e-02,1.252744288e-01
,1.766839831e-04,6.580579452e-11,4.985574319e-11,5.942737102e-02,3.640474779e-03,1.738788331e-02,5.662997378e-02
,1.262305070e-03,1.429882853e-02,1.404224131e-09,6.607048476e-08,1.133753105e-01,9.850148634e-02,8.909350322e-02
,5.759444067e-05,3.154115021e-03,7.003801340e-03,1.551563310e-01,6.160837598e-03,1.787564055e-01,1.655992850e-01
,1.172098633e-04,2.481933255e-01,6.215870919e-02,1.739696450e-01,4.214881012e-02,1.664645008e-01,1.691820481e-01
,2.628647350e-04,1.477470042e-09,1.029701977e-08,3.096322177e-02,1.783791166e-01,1.286896294e-01,1.034431288e-01
,1.816694782e-04,3.199988881e-10,3.263188912e-02,3.019640850e-02,2.685316451e-02,1.951930244e-02,2.205760960e-02
,8.005871361e-06,4.973492839e-02,6.472381235e-02,1.681090224e-01,8.932387813e-02,9.762007524e-02,4.986453849e-02
,1.371548645e-03,1.857749736e-01,1.231374328e-01,1.099500569e-01,5.392246171e-02,1.207575676e-01,5.070714268e-02
,1.194926446e-02,2.156307390e-07,7.081466126e-02,1.553390857e-01,5.997612418e-02,8.445420275e-02,1.073805642e-01
,3.928723464e-04,1.108222759e-01,1.035911247e-02,5.356665335e-03,1.699988952e-04,8.743192479e-02,1.471783382e-02
,1.048819404e-02,8.307689325e-02,5.062390917e-02,1.276040895e-01,4.848541034e-02,1.202456532e-01,3.549090204e-02
,5.020689627e-02,1.047249247e-09,2.148543283e-09,1.280128012e-01,1.444272679e-01,3.292509928e-03,7.908750690e-02
,7.042860368e-05,1.145765949e-01,7.895254778e-02,1.675151136e-01,8.673254674e-02,9.314185780e-02,8.409817165e-02
,1.187977616e-04,9.254924731e-10,2.719039926e-06,2.966139756e-08,1.219621219e-02,1.068908971e-01,9.744414367e-02
,1.066692120e-05,4.662864304e-11,1.276588442e-01,3.578070416e-08,5.525531694e-02,8.396941699e-02,5.848124455e-02
,2.050865257e-05,3.064341333e-09,8.292589775e-04,1.134617264e-01,8.040345290e-02,1.086718998e-01,1.228924850e-01
,9.004210620e-05,4.349347879e-09,4.594548723e-02,1.688095290e-01,1.543394624e-01,1.649169038e-01,1.593693258e-01
,2.231535274e-04,2.875269057e-10,1.115619598e-10,3.971113533e-04,1.309191143e-02,7.025604480e-02,1.318069369e-02
,2.976861057e-05,1.415631169e-09,3.689867069e-04,1.093718983e-07,5.851810635e-02,1.074513545e-01,5.687680103e-02
,1.977386603e-04,7.358430165e-02,4.516705505e-10,3.080463082e-02,1.202271240e-01,1.469867683e-01,8.457662089e-02
,3.584429517e-03,1.223406560e-10,2.717226821e-09,1.547443820e-01,1.401763124e-01,1.320083022e-01,1.075987134e-01
,3.144712098e-04,3.168613995e-02,1.676853391e-02,1.616524524e-01,1.376253864e-01,1.410831305e-01,9.724878681e-02
,1.314697948e-04,5.012879775e-02,3.061990181e-02,1.309417277e-02,4.916017216e-02,1.362334385e-01,9.137228095e-02
,2.971711782e-04,1.046088891e-09,1.719728578e-01,8.785740228e-03,1.371831562e-01,2.137491285e-01,3.906144967e-02
,8.478569839e-05,6.615132202e-10,1.286024049e-03,8.901323216e-08,1.869136912e-01,6.487467160e-02,1.653053959e-01
,3.974348995e-04,1.759995398e-02,4.426388483e-04,3.873570415e-08,8.520673157e-02,7.664850133e-02,3.826271189e-02
,5.920773938e-04,6.042026595e-10,4.329416450e-10,1.559384886e-07,4.343429267e-09,1.763136817e-02,3.189852917e-02
,1.171595542e-02,2.678932567e-01,2.446286973e-01,1.208834192e-01,2.239646958e-01,7.843422872e-10,3.295955306e-02
,8.547904581e-05,6.756665797e-10,4.455881071e-09,1.447574567e-01,1.541176542e-01,8.598529682e-02,1.559819142e-01
,5.003473965e-05,6.793837276e-10,2.447241959e-01,1.536151664e-07,2.792975848e-01,6.677016225e-02,1.535461425e-01
,1.003041083e-04,4.471611172e-10,1.391854651e-10,5.142658244e-02,1.255061079e-04,1.233887412e-02,3.937759383e-02
,9.860842003e-05,1.557688465e-01,1.399590720e-01,4.531642105e-02,2.950448211e-01,2.251044908e-01,3.116104227e-01
,1.642511791e-04,3.487930951e-09,1.072393046e-08,1.397525354e-07,1.049091146e-01,1.198711562e-01,5.316324852e-02
,1.215915559e-04,3.014239666e-09,1.099339852e-02,7.786704094e-02,6.363708079e-02,1.049502952e-01,1.738230239e-01
,1.383846420e-05,2.497736505e-09,1.028392827e-09,2.762922794e-07,1.791230282e-01,7.404873410e-04,1.748505881e-01
,7.788585793e-05,2.514618140e-02,1.430505744e-02,2.328589974e-02,1.069248431e-01,2.400607826e-02,8.349235268e-02
,7.682522809e-04,2.506152782e-10,3.209974774e-09,6.678215819e-08,7.727854831e-02,2.417801297e-02,1.845789358e-01
,4.826562233e-05,1.638306396e-03,3.577991084e-09,1.442156106e-01,2.140581222e-02,2.450356082e-02,4.051609197e-02
,1.537880826e-05,2.042175952e-02,1.369187020e-03,1.005134585e-01,1.775678430e-02,5.394132901e-10,1.767125160e-02
,6.093185354e-02,1.301600678e-08,1.477319586e-09,2.953959909e-02,6.176185059e-02,6.373806370e-02,1.104677072e-01
,2.900734914e-02,1.917067993e-09,3.541429389e-04,1.896409327e-01,4.092560049e-02,1.517981515e-01,2.124052508e-01
,5.131295265e-05,9.421509686e-02,2.685102811e-05,6.344963747e-02,3.121064933e-01,1.012764497e-01,1.964909718e-01
,7.448120847e-04,,,,,,
,4.459460348e-05,,,,,,
,4.241899152e-05,,,,,,
,3.494337140e-05,,,,,,
,6.918715420e-03,,,,,,
,1.044183278e-04,,,,,,
,1.504902095e-04,,,,,,
,4.404495649e-05,,,,,,
,2.812035129e-05,,,,,,
,2.873333429e-05,,,,,,
,2.649759571e-05,,,,,,
,2.973164486e-04,,,,,,
,3.668431683e-05,,,,,,
,1.474869615e-04,,,,,,
,7.620416117e-05,,,,,,
,5.490326002e-04,,,,,,
,3.671892574e-03,,,,,,
,2.379122638e-04,,,,,,
,1.099023175e-04,,,,,,
,1.683953342e-04,,,,,,
,2.918541452e-05,,,,,,
,7.796920549e-05,,,,,,
,6.545200057e-05,,,,,,
,6.153963590e-05,,,,,,
,1.765583109e-04,,,,,,
,1.942342885e-04,,,,,,
,2.605740452e-05,,,,,,
,1.768485972e-05,,,,,,
,2.122921961e-06,,,,,,
,2.134275633e-04,,,,,,
,1.598224243e-04,,,,,,
,6.748191117e-04,,,,,,
,9.019535634e-05,,,,,,
,3.320905531e-04,,,,,,
,1.285488506e-05,,,,,,
,1.042494559e-04,,,,,,
,3.290295298e-04,,,,,,
,2.587382248e-04,,,,,,
,4.229880790e-04,,,,,,
,1.455242756e-04,,,,,,
,1.711903101e-04,,,,,,
,1.500517162e-02,,,,,,
,2.827949784e-04,,,,,,
,1.931480231e-04,,,,,,
,2.299387913e-03,,,,,,
,1.815913752e-05,,,,,,
,1.100299485e-05,,,,,,
,4.461155008e-03,,,,,,
,2.499261908e-04,,,,,,
,1.168116001e-04,,,,,,
,2.395642168e-04,,,,,,
,2.334062100e-04,,,,,,
,7.634174741e-05,,,,,,
,7.072596799e-06,,,,,,
,5.503931402e-05,,,,,,
,1.264754072e-04,,,,,,
,1.168642402e-04,,,,,,
,2.606221304e-02,,,,,,
,9.021642146e-05,,,,,,
,2.267602631e-05,,,,,,
,1.139426555e-03,,,,,,
,4.046422169e-04,,,,,,
,3.724975539e-04,,,,,,
,4.057256269e-05,,,,,,
,4.224873605e-05,,,,,,
,8.839149063e-04,,,,,,
,1.529508559e-03,,,,,,
,1.438878201e-04,,,,,,
,6.156369113e-04,,,,,,
,9.621407543e-03,,,,,,
,6.985071894e-04,,,,,,
,3.988310921e-02,,,,,,
,6.236520132e-05,,,,,,
,5.542093338e-05,,,,,,
,7.480653236e-05,,,,,,
,4.285108148e-04,,,,,,
,3.560116707e-04,,,,,,
,7.634106869e-05,,,,,,
,1.716414548e-05,,,,,,
,2.453536971e-05,,,,,,
,3.474488795e-04,,,,,,
,2.938190009e-04,,,,,,
,1.922421366e-04,,,,,,
,2.089334455e-04,,,,,,
,5.122467229e-02,,,,,,
,1.546574024e-04,,,,,,
,2.312472257e-05,,,,,,
,6.954293047e-05,,,,,,
,1.423027273e-04,,,,,,
,2.065129189e-05,,,,,,
,7.552550097e-05,,,,,,
,2.157733106e-04,,,,,,
,5.242918122e-04,,,,,,
,4.669457737e-05,,,,,,
,5.035416788e-05,,,,,,
,5.221504313e-05,,,,,,
,1.586035910e-04,,,,,,
,1.281631455e-04,,,,,,
,5.114908773e-05,,,,,,
,3.391467410e-04,,,,,,
,9.805467548e-04,,,,,,
,2.694825482e-05,,,,,,
,4.795278689e-04,,,,,,
,8.863096010e-07,,,,,,
,1.516645232e-03,,,,,,
,1.033932372e-03,,,,,,
,4.963118534e-05,,,,,,
,1.015038532e-04,,,,,,
,1.175653569e-05,,,,,,
,1.628787952e-05,,,,,,
,1.542467495e-03,,,,,,
,1.212610463e-04,,,,,,
,1.680659219e-04,,,,,,
,1.415427539e-04,,,,,,
,1.985523048e-03,,,,,,
,1.742935974e-04,,,,,,
,1.436273793e-03,,,,,,
,3.163057532e-04,,,,,,
,4.543180924e-04,,,,,,
,2.514089413e-04,,,,,,
,6.115339344e-02,,,,,,
,1.590795864e-03,,,,,,
,9.249279029e-06,,,,,,
,3.602892462e-04,,,,,,
,1.075009080e-05,,,,,,
,1.760720049e-05,,,,,,
,8.571309997e-05,,,,,,
,1.201219603e-02,,,,,,
,7.810087182e-04,,,,,,
,5.146174542e-06,,,,,,
,3.810523262e-03,,,,,,
,1.659957087e-05,,,,,,
,4.423524457e-05,,,,,,
,4.415446018e-04,,,,,,
,2.494510897e-04,,,,,,
,1.151200461e-05,,,,,,
,6.237544505e-04,,,,,,
,1.226933743e-04,,,,,,
,1.191436608e-03,,,,,,
,2.890689123e-05,,,,,,
,7.491342428e-05,,,,,,
,1.730603548e-04,,,,,,
,2.105765913e-05,,,,,,
,9.367417943e-04,,,,,,
,1.933872682e-04,,,,,,
,8.001814460e-04,,,,,,
,1.557378452e-05,,,,,,
,8.104977613e-04,,,,,,
,1.611016892e-02,,,,,,
,4.600502155e-03,,,,,,
,1.305391913e-02,,,,,,
,8.751706556e-05,,,,,,
,5.281769799e-05,,,,,,
,6.321107404e-05,,,,,,
,1.736569748e-04,,,,,,
,3.809944875e-05,,,,,,
,4.436227409e-05,,,,,,
,2.236416193e-05,,,,,,
,4.645099086e-03,,,,,,
,2.094247658e-05,,,,,,
,1.258271239e-04,,,,,,
,3.656903664e-05,,,,,,
,1.036805650e-04,,,,,,
,9.281437646e-05,,,,,,
,1.045016843e-04,,,,,,
,9.406276458e-05,,,,,,
,2.267308407e-04,,,,,,
,4.733863761e-05,,,,,,
,3.526898401e-04,,,,,,
,3.106721603e-02,,,,,,
,1.611210291e-05,,,,,,
,3.807096773e-04,,,,,,
,1.065599818e-03,,,,,,
,3.572087505e-04,,,,,,
,3.049661410e-04,,,,,,
,1.948649709e-03,,,,,,
,1.766451011e-05,,,,,,
,5.641947480e-04,,,,,,
,2.012238549e-04,,,,,,
,2.578233708e-03,,,,,,
,2.953562892e-05,,,,,,
,2.794581681e-04,,,,,,
,6.199440885e-04,,,,,,
,3.010922539e-03,,,,,,
,4.844239210e-05,,,,,,
,4.604610211e-04,,,,,,
,1.975843481e-02,,,,,,
,1.644976027e-04,,,,,,
,2.535298975e-05,,,,,,
,7.654552416e-05,,,,,,
,6.975646812e-04,,,,,,
,5.393193868e-05,,,,,,
,6.180319707e-05,,,,,,
,1.551252288e-04,,,,,,
,1.271526599e-05,,,,,,
,2.548596102e-04,,,,,,
,5.441991779e-04,,,,,,
,3.969003485e-03,,,,,,
,4.378350316e-02,,,,,,
,1.162198054e-04,,,,,,
,4.416108571e-05,,,,,,
,2.791077333e-06,,,,,,
,3.794942058e-04,,,,,,
,5.759501623e-04,,,,,,
,1.948672557e-05,,,,,,
,2.319240848e-04,,,,,,
,2.983847338e-04,,,,,,
,1.218412507e-05,,,,,,
,7.757400220e-05,,,,,,
,5.150214225e-03,,,,,,
,1.547511408e-04,,,,,,
,7.694380751e-06,,,,,,
,2.719381700e-04,,,,,,
,1.449157229e-04,,,,,,
,1.585498068e-04,,,,,,
,2.178042654e-04,,,,,,
,9.776593065e-05,,,,,,
,1.732654243e-04,,,,,,
,6.100148858e-04,,,,,,
,4.104724658e-04,,,,,,
,2.962748900e-04,,,,,,
,5.041786362e-05,,,,,,
,9.858872694e-02,,,,,,
,6.427308369e-05,,,,,,
,8.317336965e-05,,,,,,
,5.993416378e-05,,,,,,
,1.698216300e-03,,,,,,
,2.238795536e-03,,,,,,
,5.557738267e-05,,,,,,
,2.042571253e-02,,,,,,
,5.746952229e-04,,,,,,
,4.124641469e-04,,,,,,
,1.628219408e-04,,,,,,
,1.103972924e-04,,,,,,
,4.074897706e-06,,,,,,
,5.514153016e-04,,,,,,
,2.556945835e-04,,,,,,
,5.626822591e-05,,,,,,
,6.400657235e-05,,,,,,
,1.276852214e-03,,,,,,
,4.556532549e-02,,,,,,
,8.304659890e-05,,,,,,
,6.705493160e-06,,,,,,
,3.612267475e-04,,,,,,
,5.697054502e-04,,,,,,
,1.134392940e-05,,,,,,
,2.505650448e-04,,,,,,
,8.864748383e-06,,,,,,
,4.384615579e-05,,,,,,
,8.379034784e-05,,,,,,
,4.275016509e-04,,,,,,
,8.327523212e-05,,,,,,
,2.064789216e-04,,,,,,
,1.187319532e-05,,,,,,
,1.479373067e-04,,,,,,
,3.029048472e-03,,,,,,
,1.371457617e-03,,,,,,
,6.888658772e-05,,,,,,
,2.181593257e-05,,,,,,
,3.915931832e-02,,,,,,
,2.424881164e-05,,,,,,
,4.692624816e-03,,,,,,
,1.439253065e-05,,,,,,
,9.684913955e-05,,,,,,
,3.711356098e-04,,,,,,
,1.866990467e-05,,,,,,
,1.749635578e-04,,,,,,
,3.901062660e-05,,,,,,
,1.140505886e-05,,,,,,
,1.522129563e-04,,,,,,
,5.380202845e-06,,,,,,
,1.848919110e-04,,,,,,
,3.655207708e-04,,,,,,
,4.877652167e-04,,,,,,
,6.208023440e-06,,,,,,
,1.070659904e-03,,,,,,
,3.623910877e-05,,,,,,
,2.813623953e-04,,,,,,
,6.504728542e-02,,,,,,
,2.774790740e-04,,,,,,
,9.464610892e-05,,,,,,
,1.210256833e-04,,,,,,
,2.670314869e-05,,,,,,
,1.926408292e-05,,,,,,
,1.061730670e-02,,,,,,
,1.078744928e-04,,,,,,
,3.396349775e-04,,,,,,
,1.288531338e-02,,,,,,
,9.913273393e-05,,,,,,
,1.570519700e-05,,,,,,
,3.505278247e-04,,,,,,
,5.159667067e-03,,,,,,
,9.826287883e-05,,,,,,
,7.342862309e-05,,,,,,
,6.957776963e-05,,,,,,
,1.042147838e-03,,,,,,
,1.648924357e-04,,,,,,
,3.872950900e-02,,,,,,
,7.914200332e-05,,,,,,
,8.122636468e-06,,,,,,
,1.489715173e-05,,,,,,
,3.299076848e-03,,,,,,
,2.791159869e-04,,,,,,
,1.048644845e-02,,,,,,
,3.340562986e-04,,,,,,
,3.636133122e-05,,,,,,
,6.580320595e-05,,,,,,
,2.442856168e-04,,,,,,
,2.405547413e-05,,,,,,
,1.384862860e-04,,,,,,
,1.426192472e-03,,,,,,
,1.096583384e-03,,,,,,
,7.433968561e-05,,,,,,
,6.444627751e-06,,,,,,
,6.235552494e-06,,,,,,
,2.297738521e-04,,,,,,
,8.200005086e-04,,,,,,
,8.282142898e-04,,,,,,
,4.394801932e-05,,,,,,
,1.090820812e-03,,,,,,
,1.186301930e-04,,,,,,
,5.136909769e-05,,,,,,
,4.155627773e-04,,,,,,
,5.879353666e-04,,,,,,
,1.395397642e-04,,,,,,
,6.982915233e-03,,,,,,
,2.315845704e-03,,,,,,
,1.010129084e-05,,,,,,
,2.264910490e-03,,,,,,
,1.153961552e-03,,,,,,
,2.571599729e-04,,,,,,
,2.251293771e-04,,,,,,
,1.306644103e-03,,,,,,
,1.880655207e-05,,,,,,
,2.092249025e-05,,,,,,
,1.215144043e-05,,,,,,
,1.114595800e-03,,,,,,
,1.238154767e-02,,,,,,
,2.107824379e-06,,,,,,
,1.277024192e-04,,,,,,
,3.419068831e-04,,,,,,
,1.756390817e-04,,,,,,
,5.188893903e-05,,,,,,
,1.786182904e-05,,,,,,
,2.448750289e-04,,,,,,
,8.114605761e-04,,,,,,
,4.259471677e-05,,,,,,
,3.421750830e-05,,,,,,
,4.446850921e-05,,,,,,
,7.296666823e-05,,,,,,
,4.179848586e-05,,,,,,
,5.424375407e-06,,,,,,
,4.665896923e-05,,,,,,
,5.397232999e-04,,,,,,
,1.500673161e-04,,,,,,
,3.872032212e-04,,,,,,
,2.103972270e-02,,,,,,
,1.455760141e-05,,,,,,
,2.102521628e-05,,,,,,
,3.180693240e-05,,,,,,
,1.230649826e-04,,,,,,
,7.612481969e-05,,,,,,
,8.745731259e-05,,,,,,
,1.027263591e-04,,,,,,
,1.579792368e-04,,,,,,
,3.943899838e-05,,,,,,
,1.572520421e-03,,,,,,
,1.147248123e-04,,,,,,
,4.993342749e-02,,,,,,
,3.671455972e-04,,,,,,
,1.763014925e-05,,,,,,
,2.277940684e-03,,,,,,
,6.684401800e-04,,,,,,
,3.941918655e-05,,,,,,
,3.861696133e-05,,,,,,
,6.298294963e-06,,,,,,
,2.464605287e-02,,,,,,
,1.901815444e-05,,,,,,
,3.003054070e-04,,,,,,
,6.708574743e-05,,,,,,
,1.860696713e-05,,,,,,
,3.146163094e-05,,,,,,
,1.301790864e-04,,,,,,
,7.281550466e-05,,,,,,
,2.477081423e-05,,,,,,
,2.814132707e-04,,,,,,
,2.358453276e-05,,,,,,
,2.642604554e-04,,,,,,
,9.298897705e-05,,,,,,
,1.402190807e-03,,,,,,
,8.393900894e-06,,,,,,
,1.836304562e-02,,,,,,
,4.483370563e-05,,,,,,
,4.022308429e-05,,,,,,
,8.339502042e-06,,,,,,
,3.142146845e-04,,,,,,
,1.848172083e-04,,,,,,
,3.500238331e-04,,,,,,
,7.498171476e-05,,,,,,
,3.806118890e-04,,,,,,
,8.379779024e-05,,,,,,
,4.447382303e-05,,,,,,
,1.710838081e-03,,,,,,
,1.238441226e-04,,,,,,
,2.760953828e-03,,,,,,
,1.765029150e-05,,,,,,
,5.040991951e-05,,,,,,
,9.757509015e-04,,,,,,
,1.381163148e-04,,,,,,
,1.051690242e-02,,,,,,
,3.950231201e-04,,,,,,
,4.549165674e-03,,,,,,
,3.646512032e-04,,,,,,
,1.393865063e-05,,,,,,
,1.322142465e-04,,,,,,
,2.833110033e-04,,,,,,
,4.032633293e-04,,,,,,
,1.094351816e-03,,,,,,
,1.028762260e-05,,,,,,
,3.599637286e-05,,,,,,
,2.519930616e-04,,,,,,
,1.668744358e-03,,,,,,
,3.770433389e-05,,,,,,
,9.093903097e-04,,,,,,
,1.002543614e-03,,,,,,
,2.905039752e-02,,,,,,
,4.357744440e-04,,,,,,
,9.945522887e-04,,,,,,
,6.584095771e-03,,,,,,
,1.003398068e-05,,,,,,
,2.815726184e-04,,,,,,
,2.190714464e-05,,,,,,
,2.601376128e-05,,,,,,
,1.281728786e-05,,,,,,
,3.210007936e-05,,,,,,
,1.527371080e-04,,,,,,
,1.368513261e-04,,,,,,
,1.480355634e-05,,,,,,
,6.125936625e-05,,,,,,
,2.503451191e-04,,,,,,
,3.337899074e-05,,,,,,
,4.163425016e-04,,,,,,
,1.350575818e-04,,,,,,
,6.289430283e-05,,,,,,
,1.833724856e-05,,,,,,
,2.521329024e-04,,,,,,
,2.993621277e-05,,,,,,
,1.395485661e-04,,,,,,
,1.423303048e-04,,,,,,
,6.646871172e-05,,,,,,
,4.275969565e-03,,,,,,
,6.528819914e-05,,,,,,
,3.258685032e-05,,,,,,
,7.901567906e-06,,,,,,
,3.268727488e-05,,,,,,
,3.302471748e-05,,,,,,
,1.258823311e-04,,,,,,
,1.194504879e-05,,,,,,
,3.743695929e-04,,,,,,
,3.373812384e-04,,,,,,
,1.144671393e-04,,,,,,
,1.642140282e-04,,,,,,
,6.864975236e-03,,,,,,
,4.078076253e-04,,,,,,
,3.149348976e-05,,,,,,
,1.164060090e-02,,,,,,
,1.859781829e-04,,,,,,
,1.676835547e-04,,,,,,
,9.173580364e-04,,,,,,
,4.832385419e-04,,,,,,
,1.650732072e-04,,,,,,
,1.045269852e-03,,,,,,
,2.745864867e-05,,,,,,
,4.260533021e-05,,,,,,
,2.322453870e-04,,,,,,
,4.802704510e-04,,,,,,
,1.472642176e-04,,,,,,
,1.254529815e-04,,,,,,
,5.805697035e-05,,,,,,
,1.452685779e-04,,,,,,
,7.644134156e-05,,,,,,
,3.209218141e-04,,,,,,
,4.915301564e-04,,,,,,
,1.980527597e-04,,,,,,
,1.130651227e-04,,,,,,
,1.287029515e-04,,,,,,
,3.216534970e-04,,,,,,
,2.174888109e-03,,,,,,
,3.858333072e-05,,,,,,
,8.685325212e-05,,,,,,
,1.073812635e-04,,,,,,
,2.549160525e-03,,,,,,
,1.182459085e-03,,,,,,
,2.159427482e-04,,,,,,
,9.704194633e-05,,,,,,
,4.907625238e-05,,,,,,
,3.134541449e-04,,,,,,
,5.855948731e-05,,,,,,
,6.459213429e-04,,,,,,
,1.036965946e-03,,,,,,
,8.882430767e-04,,,,,,
,4.523447416e-05,,,,,,
,1.257141864e-02,,,,,,
,6.256941191e-05,,,,,,
,1.762456529e-04,,,,,,
,3.045857003e-04,,,,,,
,4.137462702e-05,,,,,,
,1.090618063e-04,,,,,,
,6.904484979e-04,,,,,,
,1.921555593e-05,,,,,,
,5.868563321e-06,,,,,,
,8.744740091e-05,,,,,,
,5.246182501e-05,,,,,,
,4.863054271e-04,,,,,,
,1.825135790e-04,,,,,,
,9.986544117e-04,,,,,,
,3.603255326e-04,,,,,,
,2.415913674e-04,,,,,,
,1.541568869e-03,,,,,,
,3.229848724e-02,,,,,,
,1.366917626e-05,,,,,,
,4.766315547e-06,,,,,,
,2.209524739e-05,,,,,,
,4.395897202e-04,,,,,,
,1.498558547e-04,,,,,,
,4.075512504e-04,,,,,,
,2.768266151e-05,,,,,,
,2.024085992e-04,,,,,,
,4.836541676e-03,,,,,,
,5.284014274e-04,,,,,,
,4.701783382e-05,,,,,,
,1.282571467e-05,,,,,,
,1.724997092e-04,,,,,,
,1.559377576e-04,,,,,,
,2.497782495e-03,,,,,,
,6.226370993e-04,,,,,,
,3.187436767e-05,,,,,,
,1.442229783e-01,,,,,,
,3.841254926e-04,,,,,,
,2.678654843e-02,,,,,,
,1.810168914e-04,,,,,,
,7.342126230e-04,,,,,,
,9.936947919e-05,,,,,,
,1.171310870e-04,,,,,,
,2.355062905e-05,,,,,,
,2.832837521e-04,,,,,,
,1.906391175e-05,,,,,,
,2.332628788e-04,,,,,,
,8.140205792e-05,,,,,,
,1.628727856e-04,,,,,,
,2.691484832e-05,,,,,,
,7.171411664e-05,,,,,,
,2.438628321e-04,,,,,,
,7.104081916e-05,,,,,,
,7.445703233e-04,,,,,,
,1.431181334e-05,,,,,,
,5.502633228e-04,,,,,,
,1.225935477e-04,,,,,,
,5.033259475e-04,,,,,,
,8.786143573e-04,,,,,,
,5.531405988e-04,,,,,,
,1.582225745e-04,,,,,,
,9.695937233e-05,,,,,,
,6.049909794e-04,,,,,,
,7.578628029e-05,,,,,,
,7.240248709e-03,,,,,,
,1.185300309e-05,,,,,,
,8.974093409e-04,,,,,,
,2.183141840e-04,,,,,,
,3.001714403e-04,,,,,,
,2.323910873e-05,,,,,,
,3.941235076e-04,,,,,,
,7.318065864e-05,,,,,,
,1.868784761e-04,,,,,,
,1.400310227e-05,,,,,,
,4.423204741e-05,,,,,,
,6.436390568e-04,,,,,,
,2.332548377e-05,,,,,,
,1.454935889e-03,,,,,,
,4.614964368e-05,,,,,,
,2.306574888e-04,,,,,,
,4.147144644e-05,,,,,,
,1.453659615e-04,,,,,,
,5.312046204e-05,,,,,,
,3.669724912e-04,,,,,,
,9.734531697e-04,,,,,,
,1.259795324e-05,,,,,,
,4.008701236e-06,,,,,,
,1.139369855e-02,,,,,,
,3.932711490e-05,,,,,,
,2.196921545e-04,,,,,,
,8.820975538e-05,,,,,,
,8.952427512e-05,,,,,,
,3.765628109e-04,,,,,,
,1.558596822e-04,,,,,,
,4.453268906e-05,,,,,,
,6.710424150e-05,,,,,,
,2.228655080e-04,,,,,,
,6.709199067e-06,,,,,,
,4.122565669e-05,,,,,,
,2.528795679e-04,,,,,,
,7.276247409e-02,,,,,,
,1.564949778e-02,,,,,,
,1.639867222e-05,,,,,,
,3.753740843e-04,,,,,,
,2.088746558e-04,,,,,,
,5.622449303e-05,,,,,,
,5.429445542e-05,,,,,,
,6.235248819e-05,,,,,,
,4.131155776e-05,,,,,,
,7.533811402e-05,,,,,,
,5.982925092e-02,,,,,,
,2.405430085e-04,,,,,,
,1.050758324e-04,,,,,,
,1.287108533e-04,,,,,,
,9.542220465e-05,,,,,,
,5.533474342e-05,,,,,,
,1.781261295e-04,,,,,,
,1.042909277e-04,,,,,,
,2.307056511e-05,,,,,,
,2.405022643e-05,,,,,,
,1.232594663e-04,,,,,,
,3.469276247e-02,,,,,,
,2.044590005e-03,,,,,,
,1.655223039e-05,,,,,,
,5.244217117e-05,,,,,,
,5.637598764e-04,,,,,,
,1.562152194e-05,,,,,,
,5.204352317e-05,,,,,,
,2.735271015e-05,,,,,,
,4.959189479e-05,,,,,,
,2.160274214e-04,,,,,,
,2.521095990e-03,,,,,,
,1.211011208e-04,,,,,,
,2.515235073e-04,,,,,,
,3.138545504e-05,,,,,,
,2.532989634e-03,,,,,,
,1.139041238e-04,,,,,,
,1.159924453e-03,,,,,,
,2.012537738e-05,,,,,,
,5.933099861e-06,,,,,,
,7.526995700e-02,,,,,,
,3.440530198e-04,,,,,,
,8.550324525e-05,,,,,,
,4.740654574e-04,,,,,,
,4.429981159e-04,,,,,,
,9.492179834e-05,,,,,,
,5.727599485e-04,,,,,,
,7.617143376e-05,,,,,,
,3.389274558e-04,,,,,,
,1.471476937e-02,,,,,,
,8.854278838e-05,,,,,,
,1.332661056e-04,,,,,,
,1.108484797e-01,,,,,,
,1.846939008e-05,,,,,,
,8.270035817e-03,,,,,,
,7.142047621e-06,,,,,,
,3.410064742e-05,,,,,,
,3.260730391e-05,,,,,,
,2.533857699e-04,,,,,,
,6.376596331e-04,,,,,,
,7.702670172e-05,,,,,,
,7.509856165e-04,,,,,,
,3.986051086e-05,,,,,,
,2.602612493e-05,,,,,,
,4.177841758e-04,,,,,,
,2.636124926e-03,,,,,,
,7.110554667e-04,,,,,,
,1.415578635e-02,,,,,,
,2.891299721e-04,,,,,,
,8.015379463e-05,,,,,,
,7.081961488e-04,,,,,,
,1.849086300e-04,,,,,,
,1.728199830e-04,,,,,,
,2.090527024e-04,,,,,,
,6.603141632e-04,,,,,,
,6.077182165e-04,,,,,,
,9.127605680e-05,,,,,,
,1.819714282e-04,,,,,,
,2.329200635e-04,,,,,,
,2.923463774e-05,,,,,,
,7.157008977e-05,,,,,,
,1.073354130e-03,,,,,,
,7.168494608e-05,,,,,,
,7.071801908e-05,,,,,,
,2.966967732e-05,,,,,,
,3.222825696e-05,,,,,,
,4.279639235e-05,,,,,,
,2.049047456e-03,,,,,,
,9.364456004e-05,,,,,,
,4.568397935e-05,,,,,,
,3.018210137e-04,,,,,,
,1.448520245e-04,,,,,,
,1.738549640e-04,,,,,,
,1.348433777e-03,,,,,,
,4.963228373e-05,,,,,,
,3.350307972e-04,,,,,,
,1.338009898e-01,,,,,,
,1.853989191e-04,,,,,,
,1.322013216e-05,,,,,,
,6.366094210e-04,,,,,,
,2.254147633e-04,,,,,,
,3.517904369e-04,,,,,,
,1.074896883e-04,,,,,,
,6.193350726e-06,,,,,,
,9.529403873e-05,,,,,,
,1.290161615e-05,,,,,,
,1.819575712e-04,,,,,,
,3.858857440e-04,,,,,,
,4.918518557e-04,,,,,,
,3.148979280e-05,,,,,,
,4.850392284e-03,,,,,,
,4.598627360e-05,,,,,,
,2.244461251e-04,,,,,,
,9.297907467e-05,,,,,,
,7.471645672e-05,,,,,,
,1.165315689e-04,,,,,,
,1.579033435e-04,,,,,,
,4.050034433e-06,,,,,,
,1.450187307e-05,,,,,,
,1.354820983e-02,,,,,,
,1.832473485e-04,,,,,,
,6.876681559e-05,,,,,,
,1.316625609e-03,,,,,,
,6.878368056e-04,,,,,,
,3.873871819e-05,,,,,,
,1.593838145e-04,,,,,,
,1.272902170e-02,,,,,,
,1.460120197e-05,,,,,,
,3.834638161e-05,,,,,,
,7.348509896e-04,,,,,,
,1.308528909e-04,,,,,,
,2.894080072e-05,,,,,,
,7.162675655e-05,,,,,,
,3.389597788e-05,,,,,,
,3.288155297e-05,,,,,,
,6.069839691e-05,,,,,,
,7.834467362e-05,,,,,,
,1.117645507e-04,,,,,,
,2.605472602e-03,,,,,,
,1.714329242e-02,,,,,,
,1.643009380e-04,,,,,,
,4.492305928e-03,,,,,,
,1.569677634e-04,,,,,,
,3.216177869e-05,,,,,,
,6.883859508e-05,,,,,,
,4.440786493e-05,,,,,,
,7.542956095e-04,,,,,,
,1.429923093e-04,,,,,,
,8.600758008e-05,,,,,,
,9.058829804e-06,,,,,,
,3.154726505e-04,,,,,,
,7.174060788e-05,,,,,,
,1.840977434e-05,,,,,,
,3.245745470e-04,,,,,,
,2.650677789e-05,,,,,,
,6.685238939e-05,,,,,,
,1.082760478e-04,,,,,,
,2.699226638e-04,,,,,,
,2.938721296e-05,,,,,,
,8.627635112e-05,,,,,,
,1.555778095e-04,,,,,,
,1.017681972e-04,,,,,,
,5.464813073e-05,,,,,,
,2.180975500e-04,,,,,,
,7.895920316e-03,,,,,,
,2.560710535e-04,,,,,,
,6.455163082e-04,,,,,,
,2.133127744e-04,,,,,,
,4.646965724e-05,,,,,,
,1.449201928e-04,,,,,,
,2.476872229e-04,,,,,,
,2.875994616e-04,,,,,,
,6.001522439e-03,,,,,,
,5.338441522e-05,,,,,,
,3.142735774e-04,,,,,,
,5.721776973e-06,,,,,,
,2.894991657e-06,,,,,,
,6.511857905e-05,,,,,,
,2.141762566e-04,,,,,,
,1.760928062e-05,,,,,,
,1.846356238e-04,,,,,,
,1.546712055e-04,,,,,,
,1.929568128e-03,,,,,,
,9.837211819e-04,,,,,,
,3.854972311e-05,,,,,,
,1.764063439e-04,,,,,,
,2.599937943e-03,,,,,,
,1.953900304e-03,,,,,,
,1.467924063e-05,,,,,,
,2.418622731e-04,,,,,,
,3.094105056e-05,,,,,,
,2.302153401e-04,,,,,,
,1.064079165e-02,,,,,,
,4.196026982e-04,,,,,,
,4.932082618e-04,,,,,,
,1.506325959e-04,,,,,,
,7.009037902e-05,,,,,,
,4.630884471e-06,,,,,,
,1.002998509e-04,,,,,,
